:020000040800F2
:1080000080F400204981000803A50008ED9F0008C6
:1080100001A5000853830008C3AA0008000000005F
:1080200000000000000000000000000009A8000897
:10803000C58400080000000005A500080BA8000882
:108040006381000863810008638100086381000880
:108050006381000863810008638100086381000870
:108060006381000863810008638100086381000860
:108070006381000863810008638100086381000850
:108080006381000863810008638100086381000840
:108090006381000863810008638100086381000830
:1080A0006381000863810008638100086381000820
:1080B0006381000863810008638100086381000810
:1080C0006381000863810008638100086381000800
:1080D00063810008638100086381000863810008F0
:1080E00063810008638100086381000863810008E0
:1080F00063810008638100086381000863810008D0
:1081000063810008638100086381000863810008BF
:108110006381000863810008A1A80008638100084A
:10812000638100086381000863810008638100089F
:10813000DFF810D000F0D0F8004800473591020871
:10814000AFF3008080F400200648804706480047CF
:10815000FEE7FEE7FEE7FEE7FEE7FEE7FEE7FEE7F7
:10816000FEE7FEE791A80008318100082DE9F05FE5
:108170000546002092469B46884606468146402496
:108180001BE0284641464746224600F020F8534669
:108190005A46C01A914110D311461846224600F0A3
:1081A0008CF82D1A67EB01084F462246012000216A
:1081B00000F083F817EB00094E41201EA4F10104E2
:1081C000DFDC484631462A464346BDE8F09F202A78
:1081D00004DB203A21FA02F00021704721FA02F371
:1081E000D040C2F12002914008431946704710B5B3
:1081F000431A934209D28318881803E010F8011D2E
:1082000003F8011D521EF9D210BD40EA01039B077D
:1082100003D009E008C9121F08C0042AFAD203E0FB
:1082200011F8013B00F8013B521EF9D210BDD2B249
:1082300001E000F8012B491EFBD270470022F6E74F
:1082400010B513460A4604461946FFF7F0FF2046CC
:1082500010BD421C10F8011B0029FBD1801A704789
:1082600010B5002200E0521C835C8C5CA34201D15B
:10827000002BF8D1D8B2E1B2401A10BD034611F874
:10828000012B00F8012B002AF9D11846704730B5B0
:108290000B46014600202022012409E021FA02F5C4
:1082A0009D4205D303FA02F5491B04FA02F528445E
:1082B000151EA2F10102F1DC30BD202A04DB203AB8
:1082C00000FA02F1002070479140C2F1200320FA29
:1082D00003F3194390407047064C074D06E0E068F1
:1082E00040F0010394E8070098471034AC42F6D3FD
:1082F000FFF722FF306105085061050870B58C1842
:1083000010F8015B15F0070301D110F8013B2A11A9
:1083100006D110F8012B03E010F8016B01F8016B96
:108320005B1EF9D12B0705D40023521E0DD401F892
:10833000013BFAE710F8013BCB1A921C03E013F85B
:10834000015B01F8015B521EF9D5A142D8D3002090
:1083500070BDFEE700B58BB0002005900690079039
:1083600000900190029003900490012008900E204C
:1083700009906946054800F033F908B100F0A3F808
:10838000024800F0F3FA0BB000BD0000E00200204C
:108390000EB5002000900190694602A800F07AF81E
:1083A00000281ED002990120B4291BD0B32918D16E
:1083B0009DF80010BE2914D19DF80110AD2910D1EF
:1083C0009DF80210BE290CD19DF80310EF2908D1A9
:1083D0009DF80410012904D12649087026A002F056
:1083E00071FB0EBD9DF80010AF29FAD19DF8011068
:1083F000012918D002291BD003291ED0042921D01D
:10840000052924D0062927D00729EAD1BDF8021072
:108410009DF8042049BA090441EA02221549343181
:108420000A6008710EBD13499DF80220091DF7E787
:1084300010499DF802200C31F2E70E499DF8022008
:108440001431EDE70B499DF802201C31E8E709499A
:108450009DF802202431E3E7BDF802109DF80420C6
:1084600049BA090441EA02229DF805100A4301496C
:108470002C31D5E73C0000205B7470207365727668
:1084800065725D20476574206F746120666C61675A
:108490000D0A000030B50D46044687B0002108489B
:1084A00000F016F9002808D02B466A46002104483F
:1084B00000F01FF900982060049807B030BD00005C
:1084C000E0020020704772B6FEE700000649002077
:1084D000C8610648016941F004010161016941F088
:1084E00040010161704700000804002000200240A4
:1084F000064A0021D16106490A6942F002020A6176
:108500004861086940F04000086170470804002095
:1085100000200240044B0022DA61044A136943F050
:10852000010313610180704708040020002002400D
:1085300014480022C168CB06134904D5CA6942F029
:108540000202CA611022C3685B0705D5CB6943F0FC
:108550000103CB6142F00402C369DB0707D0CB699A
:1085600043F00403CB61C16921F00101C161A2F5AF
:108570008071013901D0C2607047C16921F00101E9
:10858000C1617047002002400804002070B5054614
:1085900000F0DEFB0646114C09E0681C07D025B14F
:1085A00000F0D6FB801BA84201D9032070BDE06813
:1085B000C007F2D1E068800601D52020E060E068C5
:1085C000C00605D4E069C00702D1E068400703D5C2
:1085D000FFF7AEFF012070BD002070BD00200240FB
:1085E00010B590F820300268012B07D0022B05D07F
:1085F000416A41F480214162012010BDD2F800029D
:1086000040F00100C2F80002087D00F01F030120C5
:108610009840D2F81C328343C2F81C32CB69B3B9FC
:10862000D2F80C328343C2F80C328C894B6864F365
:108630001F434C6902EBC404C4F840320C890B6838
:1086400064F31F434C6902EBC404C4F84432CB69A1
:10865000012B16D1D2F80C320343C2F80C320C882D
:108660004B6864F31F434C6902EBC404C4F8403206
:108670000C89CB6864F31F434C6902EBC404C4F853
:1086800044328B69002BD2F804320FD053EA000336
:10869000C2F804320B69002BD2F8143208D003431D
:1086A000C2F81432096A012904D008E08343EFE7D5
:1086B0008343F5E7D2F81C120143C2F81C12D2F82A
:1086C000000220F00100C2F80002002010BD0000EE
:1086D0000246002092F82030012B01D0022B05D158
:1086E000106821B1D0F8100000F003007047C06896
:1086F000FAE770B590F82040012C05D0022C03D089
:10870000416A41F4802128E0046809B32469A40780
:1087100020D04FF4D874056804EB01142D5915F0DE
:108720000405956005682D591AD0ED085560056857
:108730002C5904F00204D4604FF4DA74056804EB99
:1087400001142E5906F00F06082E0CD308250DE053
:10875000E468DCE7416A41F400114162012070BD28
:108760006D0D1560E3E72D5905F00F0515610568DE
:108770002D59C5F30725956105682C59240C5461C2
:108780004FF4DC72046802EB0112A4581C700468F8
:10879000A458240A5C700468A458240C9C700468D3
:1087A000A258120EDA704FF4DE72046802EB011266
:1087B000A4581C710468A458240A5C710468A45865
:1087C000240C9C710468A258120EDA71006829B159
:1087D000016941F020010161002070BDC16841F0D4
:1087E0002001C160F8E770B5040003D094F82000C0
:1087F00010B104E0012070BD204600F081F820682F
:10880000016841F00101016000F0A2FA0546052669
:1088100004E000F09DFA401B0A2811D82068406847
:10882000C007F6D02068016821F00201016000F065
:108830008FFA05460BE000F08BFA401B0A2806D998
:10884000606A40F40030606284F82060D2E72068FB
:1088500040688007EFD4207E0128206801683DD061
:1088600021F080010160607E01282068016838D015
:1088700021F040010160A07E01282068016833D00A
:1088800021F020010160E07E0128206801682ED0DF
:1088900041F010010160207F01282068016829D083
:1088A00021F008010160607F01282068016824D060
:1088B00021F004010160D4E902010843D4E9041263
:1088C000114308436168491E08432168C8610020BC
:1088D0006062012084F82000002070BD41F080011A
:1088E000C0E741F04001C5E741F02001CAE721F0AF
:1088F0001001CFE741F00801D4E741F00401D9E7C6
:1089000010B586B000210091019102910391006899
:108910001349884222D11348C16941F00071C161F5
:10892000C16901F000710491816941F00401816124
:1089300080690D4C00F0040004904FF4006000903A
:108940006946204600F002F9A01400900220019030
:10895000032003906946204600F0F8F806B010BDE9
:1089600000640040001002400008014070B5044659
:1089700090F82000012804D0606A40F40020606272
:1089800018E0022084F820002068016821F001012D
:10899000016000F0DDF905460EE000BF00F0D8F9F7
:1089A000401B0A2808D9606A40F400306062052044
:1089B00084F82000012070BD20684068C007EDD118
:1089C000606270BD70B5044600F0C2F90546601CD7
:1089D00002D004480078044400F0BAF9401BA042D9
:1089E000FAD370BD2C0000202DE9F047054626483B
:1089F0000F460126017E01290FD001218146017613
:108A00002868DFF888804CF25034022808D0A2464B
:108A10002046FFF7BBFDA8B131E00220BDE8F0879A
:108A20002046FFF7B3FD08BB0120FFF74FFD2046AE
:108A3000FFF7ACFDD8F81010064621F00401C8F885
:108A400010101CE04FF0FF303860AC6811E0204699
:108A5000FFF74EFD5046FFF799FDD8F810100600BD
:108A600021F00201C8F8101001D03C6007E004F5C5
:108A70000064D5E9020100EBC120A042E7D8002143
:108A800089F818103046C9E7080400200020024089
:108A90000348016941F08001016100207047000036
:108AA000002002402DE9F05F07461C48884600245C
:108AB000017E15461E46012909D001218146017615
:108AC0004CF2503A5046FFF761FD18B122E0022007
:108AD000BDE8F09F012F02D0022F00D00427D3461B
:108AE000DFF83CA0220128463146FFF770FB81B237
:108AF00008EB4400FFF70EFD5846FFF747FDDAF894
:108B0000102022F00102CAF8102018B9641CE4B247
:108B1000BC42E7D3002289F81820D9E708040020D6
:108B200000200240064900200A69120607D5054ABE
:108B30004A60054A4A600969090600D50120704764
:108B40000020024023016745AB89EFCD2DE9F84FA6
:108B5000DFF8C8910024A9F1040B23460F2709F17F
:108B6000040AABF1040ED1E00125A54006EA050296
:108B7000AA4276D1DFF8A8C14E68A6EB0C0866457C
:108B80002BD00DDC032E34D005DC36B3012E19D0EA
:108B9000022E2FD11BE0112E16D0122E2AD119E051
:108BA000B8F5881F19D006DCB8F5803F15D0B8F5A8
:108BB000801F1FD111E0B8F5001F0ED0B8F5041FBB
:108BC00018D10AE0CB6815E0CB681B1D12E0CB681A
:108BD00008330FE0CB680C330CE08B682BB1012B12
:108BE0004FF0080303D0456104E0042302E005616F
:108BF00000E00023FF2A01D8064601E000F1040648
:108C00004FEA840501D9A5F12005D6F8008007FABE
:108C100005FC28EA0C0803FA05F548EA0508C6F839
:108C200000804D68ED0070D53E4DAE6946F00106FE
:108C3000AE61AD6924F0030605F0010500953A4DDB
:108C400006EB050CDCF80850A607360F07FA06F805
:108C500025EA0805DFF8D480404503D14FF000082D
:108C600025E052E0DFF8C880404502D14FF001080E
:108C70001DE0DFF8C080404502D14FF0020816E049
:108C8000DFF8B480404502D14FF003080FE0DFF871
:108C9000AC80404502D14FF0040808E0DFF8A08026
:108CA000404502D14FF0050801E04FF0060808FAF0
:108CB00006F848EA0508CCF808804D68D9F8006045
:108CC000ED024D4601D5164300E096432E604D68F7
:108CD000DAF80060AD02554601D5164300E0964330
:108CE0002E604D68DBF80060AD035D4601D516438C
:108CF00000E096432E604D68DEF80060ED03754697
:108D000001D5164300E096432E60641C0A6816469F
:108D1000E2407FF429AFBDE8F88F0000080401406D
:108D20000000111000100240000001400008014046
:108D3000000C0140001001400014014000180140E7
:108D4000001C01400AB1016170470904FBE7000003
:108D500001488068704700002C00002002488168AC
:108D600002781144816070472C000020074810B53C
:108D7000016841F010010160032000F075F80F2038
:108D800000F006F800F024F8002010BD002002409A
:108D900070B50D4D04464FF47A712878B1FBF0F0B0
:108DA0000A490968B1FBF0F000F0E7FE48B9102C61
:108DB00007D200222146501E00F036F800206C60D9
:108DC00070BD012070BD00002C0000203800002084
:108DD0000C4808B5816941F001018161816901F0A8
:108DE00001010091C16941F08051C161C06900F089
:108DF000805000900448416821F0E06141F000712A
:108E0000416008BD0010024000000140002809DB5D
:108E100000F01F02012191404009800000F1E02094
:108E2000C0F8001170470000F0B40E4B1B680C46F0
:108E3000C3F30223C3F10705042D00D90425191D2E
:108E4000072901D2002300E0DB1E012606FA05F106
:108E5000491E214099409E40761E16403143F0BC89
:108E600001F054BE0CED00E0064900F0070208686E
:108E70004FF6FF03184040EA0220034A10430860FF
:108E8000704700000CED00E00000FA05BFF34F8FC3
:108E900005480168054A01F4E06111430160BFF330
:108EA0004F8F00BFFDE700000CED00E00400FA0565
:108EB000014901200862704700000E4210B50146CA
:108EC0000020284C04292FD00BDC012930D00229A6
:108ED00029D100F06BF96168C1F38131491C490067
:108EE0001FE0082920D010291DD161682268D20115
:108EF00019D51D48C1F38342C903805C0AD5616856
:108F0000194AC1F34041921E515C184AB2FBF1F17B
:108F1000484301E0164948436168490203D44000D0
:108F20000321B0FBF1F010BDBDE8104000F04EB9D8
:108F3000226AC2F30121012903D1920701D5C80396
:108F400010BD022905D1626A920702D549F6404058
:108F500010BD0329FCD121688903F9D54FF22440C3
:108F600010BD000000100240CCE6020800127A009A
:108F700000093D002DE9F84305460078354CC0074F
:108F800054D0E0690026C00008D4E06940F0805069
:108F9000E061E069012600F0805000902E480168F1
:108FA000C90512D40168804641F480710160FFF761
:108FB000CFFE074605E000BFFFF7CAFEC01B6428CE
:108FC00023D8D8F80000C005F6D5206A10F4407008
:108FD00021D0A98801F4407181421CD0206A1F4928
:108FE000012220F440700A6000220A602062C0075B
:108FF00011D0FFF7ADFE074641F2883808E000BF08
:10900000FFF7A6FEC11B414502D90320BDE8F88346
:10901000206A8007F4D5206A696820F4407008430C
:1090200020621EB1E06920F08050E061287880075E
:1090300005D56068A96820F440400843606028783E
:10904000C00605D56068696920F480000843606047
:109050000020DBE700100240007000404004424264
:109060002DE9F0470F46050061D0434E306800F00F
:109070000700B84209D2306820F00700384330605A
:10908000306800F00700B84251D128683B4C810796
:1090900012D5400703D5606840F4E060606028782E
:1090A000000703D5606840F4605060606068A9689C
:1090B00020F0F000084360602878C00728D0686876
:1090C000012810D02168022810D0890700292EDA43
:1090D000616821F0030101436160FFF739FE8046BA
:1090E00041F288390DE021688903EFE78901EDE756
:1090F000FFF72EFEA0EB0801494502D90320BDE889
:10910000F0876068696800F00C00B0EB810FEFD168
:10911000306800F00700B8420BD9306820F0070033
:1091200038433060306800F00700B84201D00120B9
:10913000E5E72878400705D56068E96820F4E06035
:10914000084360602878000706D56068296920F424
:10915000605040EAC100606000F038F86168084A79
:10916000C1F30311515CC840064908600648006815
:10917000FFF70EFE0020C2E7002002400010024070
:10918000DCE60208380000203000002004480549D1
:1091900000684968044AC1F30221515CC840704725
:1091A0003800002000100240ECE60208044805499F
:1091B00000684968044AC1F3C221515CC840704745
:1091C0003800002000100240ECE602080E4A516808
:1091D0000E4801F00C03042B11D0082B0FD10C48C2
:1091E000C1F38343C903C05C0AD55168084AC1F37F
:1091F0004041921E515C054A5043B0FBF1F070476C
:1092000004494843704700000010024000127A00F1
:10921000BAE6020800093D002DE9F84F040070D0BD
:109220002078C04DC00749D06868C0F3810001288C
:1092300007D06868C0F38100022809D16868C003BC
:1092400006D52868800339D560680028E7D035E066
:109250006068B0F5803F0BD010B1B0F5A02F11D0F1
:10926000286820F480302860286820F4802002E0FC
:10927000286840F480302860606890B1FFF768FD8E
:1092800006460AE0286840F480202860F0E700BF26
:10929000FFF75EFD801B642873D828688003F7D52C
:1092A0000CE0FFF755FD064605E000BFFFF750FD57
:1092B000801B6428F0D828688003F7D420789A4E61
:1092C00080074FF001094FF0000839D5686810F0A9
:1092D0000C0F07D06868C0F38100022809D16868C4
:1092E000C00306D42868800714D52069012808D156
:1092F00010E02069B0B1C6F80090FFF729FD0746DD
:1093000005E00AE1FFF724FDC01B0228C4D8286845
:109310008007F7D52868616920F0F80040EAC100AD
:1093200028600DE0C6F80080FFF712FD074604E054
:10933000FFF70EFDC01B022823D828688007F7D44A
:10934000207800072CD57948A169D9B1C0F80090E0
:10935000FFF7FEFC074604E0FFF7FAFCC01B0228FB
:109360000FD8686A8007F7D571484FF4FA51006842
:10937000B0FBF1F0009000BF0098411E0091FAD2BE
:109380000EE080E0C0F80080FFF7E2FC074604E052
:10939000FFF7DEFCC01B022875D8686A8007F7D487
:1093A0002078400760D5E8690027C00008D4E86944
:1093B00040F08050E861E869012700F0805000909B
:1093C0005C480168C90513D40168834641F4807183
:1093D0000160FFF7BDFC824606E000BFFFF7B8FC66
:1093E000A0EB0A0064284ED8DBF80000C005F5D5D4
:1093F000E06801280AD008B1052813D0286A20F0B7
:1094000001002862286A20F0040002E0286A40F087
:1094100001002862E06841F2883B98B1FFF798FCB0
:1094200082460BE0286A40F004002862EEE700BFA5
:10943000FFF78EFCA0EB0A0159455AD8286A80072D
:10944000F6D50CE0FFF784FC824605E0FFF780FCD0
:10945000A0EB0A0159454CD8286A8007F6D41FB101
:10946000E86920F08050E861E06988B36968C1F379
:109470008101022944D00228C6F8608004D0FFF799
:1094800067FC044638E034E0FFF762FC074604E07E
:10949000FFF75EFCC01B02282BD828688001F7D498
:1094A000206AB0F5803F05D16868A16820F40030DB
:1094B00008436860D4E908010843696821F474111D
:1094C00008436860C6F86090FFF742FC044606E077
:1094D00025E000BFFFF73CFC001B022809D82868E4
:1094E0008001F7D51BE000BFFFF732FC001B02280C
:1094F00002D90320BDE8F88F28688001F4D40EE07B
:109500000128F7D06868226A00F48031914204D1C2
:10951000616A00F47010884201D00120EAE700205F
:10952000E8E700000010024000004242800442428E
:109530003800002000700040024850F8210080B23E
:1095400070470000006C0040024800EB810091B2BF
:1095500001607047006C0040F8B505004FF0000056
:1095600016460C46009006D02CB1002269462846CB
:1095700000F019F808B10120F8BD287B2070E87BC5
:10958000E070697B6170A97BA17056B100F0C4FFE7
:10959000E070607800F0C0FF6070A07800F0BCFF61
:1095A000A0700020F8BD2DE9F04791460C465FEA17
:1095B00000084AD084B3D8F800004068400744D47B
:1095C000404601F047F84FF461620546B0FBF2F106
:1095D000B0FBF2F302FB13503C23B0FBF3F0B5FBFE
:1095E000F2F6607002FB1650B0FBF3F203FB1200C0
:1095F000A070182931D31820B1FBF0F7B1FBF0F2BD
:1096000000FB12102070404601F01DF8411C04D0F0
:10961000A84202D9461B02E017E04FF0FF36A7EB45
:10962000071000EB4000C0EB001005EBC015294609
:10963000404601F05EF840B9701C01D0711900E09D
:109640003146404601F041F810B10120BDE8F087F5
:109650003946404600F06BFF00E02170B9F1000F81
:109660000BD0207800F058FF2070607800F054FF95
:109670006070A07800F050FFA0700020E6E70000C6
:1096800070B5040003D0607C002610B105E0012015
:1096900070BD2674204600F03DF80220607420461C
:1096A00000F00AF9042550BB204600F097FF30BBBC
:1096B0002068416821F007014160A06820B114488A
:1096C000016821F0010101601148001F0168A268D2
:1096D00021F46071114301606068411C04D10120D4
:1096E000FFF7ECFB58B1401E2268C0F303419160C4
:1096F000216880B2C860204600F08AFF08B1657416
:10970000C5E7E67301206073A0736074002070BD2C
:10971000306C004008B50068084988420DD1FFF759
:10972000C7FB0748C16941F00061C161C0690549D3
:1097300000F0006000900120086008BD0028004093
:10974000001002403C0442422DE9F0410D46040065
:109750003BD0C5B3207C01283AD04FF0010884F8F3
:10976000108002206074E87872B300F0CCFEE073E1
:10977000687800F0C8FE6073A87800F0C4FEA0739B
:10978000C2B2617BE07B00F075FF20732870204639
:1097900000F060FF4FF46161B0FBF1F10025182982
:1097A0002DD91822B1FBF2F1A1EB011101EB41011E
:1097B000C1EB011100EBC1163146204600F099FFC4
:1097C0000427C8B90BE000E004E00120BDE8F08107
:1097D0000220FBE7E07368786073A878CFE7204643
:1097E00000F031FF411C0AD0B04208D206490144C2
:1097F000204600F06AFF10B167742574E5E784F82D
:10980000118025740020E1E7805101002DE9F0412D
:109810000D46040024D01DB3207C012823D04FF036
:10982000010884F81080022060742878EAB100F002
:109830006AFE4FF4616100FB01F6687800F063FE98
:10984000C0EB001006EB8006A87800F05CFE35182F
:109850002946204600F04DFF0026042710BB0FE0EC
:109860000120BDE8F0810220FBE74FF4616148432D
:109870006978C1EB011100EB8100A9784518E7E791
:109880002068416821F005014160204600F0DBFEC0
:10989000411C0AD0A84208D206490144204600F0E3
:1098A00014FF10B167742674DAE784F81180267407
:1098B0000020D6E78051010070B504000AD020686E
:1098C000416821F008014160FFF742FA05464FF474
:1098D0007A7608E0012070BDFFF73AFA401BB042EB
:1098E00001D9032070BD206840680007F4D500202E
:1098F00070BD70B5040009D0606A002540B12561D3
:109900006561A56294F8510040B10CE0012070BD82
:109910006068B0F5827FF4D0E561F2E784F85050DA
:10992000204600F03FF8022084F8510020680168CA
:1099300021F040010160A088218900F4827001F4C7
:1099400004410843A18901F400610843217C01F02E
:1099500002010843217D01F001010843218B01F43C
:1099600000710843217F01F03801084394F820106A
:1099700001F080010843218D01F400510843216862
:109980000860A069042101EA10402168486020684D
:10999000C16921F40061C1616565012084F851004D
:1099A000002070BD30B585B000240094019402946D
:1099B000039400681449884223D11448816941F412
:1099C00080518161816901F480510491816941F084
:1099D0000401816180690E4D00F004000490A02014
:1099E0000090022001900320039069462846FFF76B
:1099F000ADF84020CDE90004694628460294FFF7FF
:109A0000A5F805B030BD0000003001400010024054
:109A1000000801402DE9F84F984616468A4604464C
:109A2000FFF796F9814694F8510001281ED1BAF14A
:109A3000000F73D0002E71D094F85000012815D07B
:109A4000012784F85070032084F8510000256565D3
:109A5000C4F830A0A686E686A563A587E587656479
:109A60002564A068B0F5004F03D00CE00220BDE8EB
:109A7000F88F2068016821F04001016020680168CA
:109A800041F48041016020680168490603D40168FF
:109A900041F040010160E068B0F5006F606803D0FC
:109AA00048B3012E27D047E008B1012E1FD1206B0B
:109AB00021680088C86006E020688168890709D5A8
:109AC000216B0988C160206B801C2063E08E401EE2
:109AD000E0860CE0FFF73CF9A0EB0901414503D318
:109AE000B8F1FF3F03D035E0B8F1000F32D0E08E7F
:109AF0000028E1D123E0206B21680078087306E09C
:109B00002068816889070AD5216B09780173206B69
:109B1000401C2063E08E401EE0860DE02BE0FFF746
:109B200017F9A0EB0901414503D3B8F1FF3F03D07A
:109B300010E0B8F1000F0DD0E08E0028E0D14A46C9
:109B40004146204600F0E9FD08B120206065A0688C
:109B500030B109E084F8517084F85050032086E752
:109B60002068C1688068009084F8517004F8505FE4
:109B700060680028F3D0012079E710B5401EB0F1ED
:109B8000807F01D3012010BD4FF0E02460610F21E0
:109B9000601700F0BBFF0020A061072020610020BB
:109BA00010BD70477047000070B590F83C20012A46
:109BB0002CD0012480F83C40022280F83D2003682C
:109BC0005A689D6822F070060A6832435A60104B4A
:109BD00002689A420ED00F4B9A420BD0B2F1804FDE
:109BE00008D00D4B9A4205D00C4B9A4202D00C4B38
:109BF0009A4204D1496825F080031943916080F8A6
:109C00003D40002180F83C10084670BD022070BD28
:109C1000002C0140003401400004004000080040D6
:109C2000000C004010B5040003D094F83D0010B1C2
:109C300007E0012010BD002084F83C00204600F021
:109C40001FF8022084F83D00211D206800F02EFE40
:109C5000012084F8460084F83E0084F83F0084F830
:109C6000400084F8410084F8420084F8430084F8FE
:109C7000440084F8450084F83D00002010BD000039
:109C800008B500680B49884212D10B48C16941F000
:109C90001001C161C069002200F01000009011465F
:109CA0003620FFF7C1F8BDE808403620FFF7AEB810
:109CB00008BD0000001000400010024090F83D1068
:109CC000012901D001207047022180F83D10016870
:109CD000CA6842F00102CA6000680E4988420ED08C
:109CE0000D4988420BD0B0F1804F08D00B49884213
:109CF00005D00B49884202D00A49884204D18168C4
:109D000001F00701062903D0016841F0010101605B
:109D100000207047002C0140003401400004004046
:109D200000080040000C004070472DE9F041044657
:109D30000068C66805694FF00007A90713D5B10789
:109D400011D5F91E01610120207720688069800704
:109D5000204602D0FFF7E8FF04E000F07EF820463E
:109D600000F07CF82777680716D5700714D52168AE
:109D70006FF004000861022020772068806910F4E9
:109D8000407F204602D0FFF7CFFF04E000F065F8E7
:109D9000204600F063F82777280715D5300713D53C
:109DA00021686FF008000861042020772068C069EE
:109DB0008007204602D0FFF7B7FF04E000F04DF81F
:109DC000204600F04BF82777E80616D5F00614D5A4
:109DD00021686FF010000861082020772068C069B2
:109DE00010F4407F204602D0FFF79EFF04E000F011
:109DF00034F8204600F032F82777E80708D0F0075B
:109E000006D021686FF001000861204600F028F8B4
:109E1000280608D5300606D521686FF08000086155
:109E20002046FFF7BEFE680608D5700606D52168F5
:109E30006FF040000861204600F01CF8A8060AD523
:109E4000B00608D521686FF0200008612046BDE803
:109E5000F041FFF7A7BEBDE8F081704770470000F2
:109E600000680349884202D101201EF03FBC7047C0
:109E700000100040704770B5040004D094F8410011
:109E8000002510B106E0012070BD84F84050204646
:109E900000F024F8242084F841002068C16821F4EF
:109EA0000051C160204600F077FD2068016921F46F
:109EB000904101612068416921F02A0141612068D7
:109EC000C16841F40051C1606564202084F84100FC
:109ED00084F842006563002070BD000030B585B095
:109EE0000024009401940294039400681449884269
:109EF00024D11448816941F480418161816901F470
:109F000080410491816941F00401816180690E4DB5
:109F100000F0040004904FF40070009002200190C3
:109F20000320039069462846FEF710FE2815CDE968
:109F30000004694628460294FEF708FE05B030BDCD
:109F40000038014000100240000801402DE9F843AC
:109F5000044690F84100984616460D46202802D047
:109F60000220BDE8F88385B17EB100206064212025
:109F700084F84100FEF7ECFEA6848146E684A068E2
:109F80002027B0F5805F02D003E00120E9E72069D7
:109F900010B12E4600250EE000260CE08021204660
:109FA00000F056FDA8B9C6B116F8010B216848604B
:109FB000E08C401EE084E08C4B464FF00002CDF870
:109FC00000800028EAD14FF04001204600F040FD1B
:109FD00040B184F841700320C3E735F8020BC0F3A9
:109FE0000800E3E784F841700020BAE7FEE71CB5FB
:109FF000040A8DF800408DF80100100A8DF8020067
:10A00000080A8DF804008DF80510180A8DF806006E
:10A010008DF803208DF807302A2000F0EDF8042198
:10A02000684600F015F92B2000F0E6F8042101A89D
:10A0300000F00EF92C2000F0DFF81CBD70B5141AEA
:10A040005D1A641C6D1CA4B2ADB2049EFFF7CFFF75
:10A050006C4361003046BDE8704000F0F9B8000084
:10A0600010B5644C002201212046FEF76BFE6420EF
:10A07000FEF7A8FC012211462046FEF763FE64208D
:10A08000FEF7A0FC012204212046FEF75BFE6420BF
:10A09000FEF798FC112000F0AFF87820FEF792FC54
:10A0A000F02000F0A9F8C32000F0BAF8F02000F08A
:10A0B000A3F8962000F0B4F8362000F09DF8282090
:10A0C00000F0AEF83A2000F097F8052000F0A8F86C
:10A0D000E82000F091F8402000F0A2F8822000F083
:10A0E0009FF8072000F09CF8182000F099F827202E
:10A0F00000F096F80A2000F093F8B62000F090F8EF
:10A10000332000F08DF8C52000F076F8272000F00D
:10A1100087F8C22000F070F8A72000F081F8E02056
:10A1200000F06AF8F02000F07BF8012000F078F8E9
:10A13000062000F075F80F2000F072F8122000F0F1
:10A140006FF81D2000F06CF8362000F069F85420FC
:10A1500000F066F8442000F063F80C2000F060F88E
:10A16000182000F05DF8162000F05AF8132000F0D7
:10A1700057F8152000F054F8E12000F03DF8F020E9
:10A1800000F04EF8012000F04BF8052000F048F8F0
:10A190000A2000F045F80B2000F042F8072000F0FC
:10A1A0003FF8322000F03CF8442000F039F8442019
:10A1B00000F036F80C2000F033F8182000F030F8EA
:10A1C000172000F02DF8132000F02AF8162000F0D8
:10A1D00027F8F02000F010F83C2000F021F8F020E3
:10A1E00000F00AF8692000F01BF8BDE810402920B3
:10A1F00000F002B80008014070B5084C0546002286
:10A2000002212046FEF79EFD284600F009F8204670
:10A21000BDE8704001220221FEF794BD0008014014
:10A2200031B5094C002208212046FEF78BFD64233E
:10A23000012269460548FFF7EDFB0122082120466F
:10A24000FEF780FD38BD0000000801401C0300201F
:10A2500070B50A4E0D460446002208213046FEF72E
:10A2600071FDAAB2642321460548FFF7D3FB3046AF
:10A27000BDE8704001220821FEF764BD00080140DE
:10A280001C0300200F4810B50D49016004214160F6
:10A2900000214FF400228160C0E903124FF4E00274
:10A2A0004261017641768176C17601774177FEF78A
:10A2B0009AFA002803D0BDE81040FEF704B910BD9B
:10A2C00000640040E00200202DE9F04385B0002644
:10A2D00030480096019602960396816941F040014C
:10A2E0008161816901F040010491816941F01001AF
:10A2F0008161816901F010010491816941F00401DB
:10A300008161816901F004010491816941F00801D2
:10A3100081618069DFF8808000F0080004900122EC
:10A3200020214046FEF70EFDDFF8709001221F212C
:10A330004846FEF707FD01242027CDE900740225D9
:10A3400069464046CDE90245FEF700FC1F20CDE9F5
:10A35000000469464846CDE90245FEF7F7FBCDE922
:10A36000004602940E4C69462046FEF7EFFBCDE90D
:10A370000075694620460395FEF7E8FB09484168E9
:10A3800021F4406141F0E06141F40061416005B0B9
:10A39000BDE8F083001002400018014000080140B1
:10A3A000000C0140000001407CB5002001900090AD
:10A3B00020481F4901604FF0FF3141604FF4807128
:10A3C0008160FFF75DF908B1FEF77DF801211948BA
:10A3D000FFF7B2F84AF2A005A84228D00E208DF867
:10A3E000040016248DF8054010208DF80600002288
:10A3F00001A91048FFF70AFA08B1FEF764F8012036
:10A400008DF8000003208DF801008DF8024019201E
:10A410008DF80300002269460648FFF795F908B158
:10A42000FEF751F82A4601210248FFF78DF87CBD5E
:10A430000028004008030020104810B50E490160B4
:10A440004FF48271416000218160C1604FF400725D
:10A450000161C0E905120822C0E907214162816259
:10A460000A21C162FFF745FA002803D0BDE8104079
:10A47000FEF729B810BD0000003001401C03002089
:10A480001CB500240F4800940D4901940160472138
:10A49000C0E9011440F2E731C16080218161FFF71A
:10A4A000C1FB08B1FEF70FF8009469460548019416
:10A4B000FFF77AFB002801D0FEF705F81CBD00006D
:10A4C00000100040740300200C4810B50A490160D8
:10A4D0004FF4E1314160002181600C22C160C0E98C
:10A4E00004128161C161FFF7C6FC002803D0BDE8FA
:10A4F0001040FDF7E8BF10BD00380140BC0300204C
:10A50000FEE7FEE77047010901EB810100F00F0053
:10A5100000EB4100C0B27047002102E00A38C0B22F
:10A52000491C0A28FAD2090740EA116070472DE950
:10A53000F04104460025C07B627BA37B42E0012AF8
:10A5400016D0032A14D0052A12D0072A10D0082AC0
:10A550000ED00A2A0CD00C2A0AD0042A10D0062ABF
:10A560000ED0092A0CD00B2A0AD0022A0DD028E0DE
:10A570001F2B0CD30C2A05D101221346401C20E0CE
:10A580001E2B04D30123521C1BE01C2B02D203F10F
:10A59000010316E011D183B29E0710D16426B3FBEC
:10A5A000F6F706FB173636B94FF4C876B3FBF6F765
:10A5B00006FB17331BB91D2303E01D2B01D103221A
:10A5C00001236D1C8D42BAD3D1B2E0736173DAB24C
:10A5D000A27300F04FF82073BDE8F08170B5044617
:10A5E000FEF7B6FB05464FF47A7606E0FEF7B0FBC1
:10A5F000401BB04201D9032070BD2068406880062E
:10A60000F4D52068416841F010014160002070BD20
:10A6100070B504460068416821F010014160FEF702
:10A6200097FB05464FF47A7607E000BFFEF790FBF4
:10A63000401BB04201D9032070BD206840688006ED
:10A64000F4D5002070BD0168086A496A89B241EA00
:10A6500000407047006881698AB2C1698BB2816924
:10A6600089B28A4203D0C06961F31F40704743EA50
:10A6700002407047F0B56424C1EBC1030927A5006F
:10A68000072603EB01130329B3FBF7F100F5FA608A
:10A69000114401440AD2401EB0FBF4F201EB9001D8
:10A6A000B0FBF5F0891A0844001D08E0B0FBF4F295
:10A6B00001EB9001B0FBF5F0891A0844801CB0FB57
:10A6C000F6F106FB1100C0B2F0BD70B50D460646AE
:10A6D0000024FFF783FF48B93168280C086231680D
:10A6E000A8B248623046FFF793FF00B1012420462C
:10A6F00070BD70B50D4606460024FFF76FFF48B9E0
:10A700003168280C88613168A8B2C8613046FFF70B
:10A710007FFF00B10124204670BDF8B515460E46F6
:10A720000B46009204460122022100F011F840B9C4
:10A730003346002280212046009500F009F80028C9
:10A7400004D0606D40F0200060650320F8BD00007B
:10A750002DE9F8431E46914688460446089DFEF7BB
:10A76000F7FA401B351AFEF7F3FA0746254800684A
:10A77000C0F3CB30684338E0701C37D0FEF7E8FAFE
:10A78000C01BA84203D215B1009860B32CE020682A
:10A79000416821F0E00141606068B0F5827F0BD133
:10A7A000A068B0F5004F02D0B0F5806F04D12068EA
:10A7B000016821F040010160A06AB0F5005F09D195
:10A7C0002068016821F4005101602068016841F4AB
:10A7D00000510160012084F85100002084F85000ED
:10A7E0000320BDE8F8830025401E009020688168A2
:10A7F00038EA010004D000214945BDD10020F0E72E
:10A800000121F9E7380000207047FEF7A7BA70B5BC
:10A8100096B028216846FDF711FD14210AA8FDF71E
:10A820000DFD18210FA8FDF709FD012405200025C5
:10A830000090CDE902544FF4803001900226049438
:10A84000CDE907604FF4E01009906846FEF7E4FC9C
:10A8500008B172B6FEE70F20CDE90A064FF480601A
:10A86000CDE90C5002210AA80E95FEF7F9FB08B1BC
:10A8700072B6FEE74FF48070CDE90F400FA8FEF7E7
:10A8800079FB002801D072B6FEE716B070BD00005B
:10A8900002490148086070470080000808ED00E0A8
:10A8A0000148FFF742BA000074030020F0B50268C7
:10A8B000204C214D214E224F224B4FF0804CA04284
:10A8C00009D0984207D0604505D0A84203D0B042D5
:10A8D00001D0B84204D122F0700E4A6842EA0E025A
:10A8E000A04209D0984207D0604505D0A84203D0C5
:10A8F000B04201D0B84203D122F44075CA682A435D
:10A900004D6922F080022A4302608A68C2620A68A6
:10A910008262A04201D0984201D1096901630121FC
:10A9200041610169C90703D0016921F00101016199
:10A93000F0BD0000002C0140000400400008004071
:10A94000000C00400034014001680C3151E8002F38
:10A9500022F4907241E80023002BF5D101681431F4
:10A9600051E8002F22F0010241E80023002BF5D12D
:10A97000016B012909D101680C3151E8002F22F047
:10A98000100241E80023002BF5D1202180F842106D
:10A99000002101637047000070B50446006801693A
:10A9A000E26821F44051114301612169A068084324
:10A9B000616908432168CA6841F20C639A43024303
:10A9C000CA6020684169A26921F440711143416164
:10A9D0001E492068884202D1FEF7E8FB01E0FEF73D
:10A9E000D5FB00EBC00101EB001260686421800020
:10A9F000B2FBF0F3B3FBF1F36FF018067343B2FB55
:10AA0000F0F5B2FBF0F605EB8305322303EB0515F9
:10AA1000B5FBF1F5B6FBF1F605F0F00505EB061513
:10AA2000B2FBF0F6B2FBF0F0B0FBF1F06FF0180201
:10AA3000504306EB800003EB0010B0FBF1F02168FF
:10AA400000F00F002844886070BD0000003801400D
:10AA50002DE9F843984617460D460446089E24E023
:10AA6000701C22D0FEF774F9A0EB0800B0421AD88F
:10AA7000CEB12068C168490717D5802D15D0402D6B
:10AA800013D00168C94309070FD401680025406845
:10AA900000902046FFF758FF0820606484F840507B
:10AAA0000120BDE8F8830320FBE72068006835EA51
:10AAB000000004D00020B842D2D00020F1E70120ED
:10AAC000F9E7FEE70FB4054B10B503A9044A029855
:10AAD00001F036FB10BC5DF814FB0000155F0108A7
:10AAE000BC0200200FB4084B10B504A902AA0398B9
:10AAF00001F026FB044602A9002001F0C2FC20461A
:10AB000010BC5DF814FB000083C400080907090E9F
:10AB1000002804DB00F1E02080F80014704700F00A
:10AB20000F0000F1E02080F8141D704702E008C813
:10AB3000121F08C1002AFAD170477047002001E0B7
:10AB400001C1121F002AFBD1704770B504460025D1
:10AB50006FF02F0608E02068411C2160007805EBAB
:10AB6000850106EB410145182068007800F004F8E3
:10AB70000028F0D1284670BD3038092801D80120BE
:10AB8000704700207047000010B54421074800F0CE
:10AB90008BFD00221E2106481DF002FE054CA06020
:10ABA00002F010F80020207010BD0000B42B00202F
:10ABB00079CC0008FC0100202DE9F0470E468146C3
:10ABC00017461146304600F011F900287ED00022C9
:10ABD0003946304600F0B6F800284FF0000076D134
:10ABE000B6F904C0B6F90030F288ACEB03010FFAF5
:10ABF00081FAB6F90210B7F80280521AA8EB0108E0
:10AC00000FFA88F812B2B8F1000F0EDD63F30F04EB
:10AC10006CF30F0501EB080061F31F4460F31F455F
:10AC2000C9F800400120C9F80450B7F9061073882C
:10AC3000CB1AD21A12B2002A13DDB6F906309942A5
:10AC40000FDA338863F30F04B38861F31F4463F3AF
:10AC50000F05114461F31F4509EBC001401C0C6056
:10AC60004D60B7F90220B6F902108A4200DD1146A4
:10AC7000B7F90630B6F90620934200DA1A463B8847
:10AC8000B6F900C0521AA3EB0C031BB212B2002B90
:10AC900010DD002A0EDD634463F30F058B1863F3A8
:10ACA0001F456CF30F0409EBC00361F31F441C60E4
:10ACB0005D60401CB7F904703388FE1AAAEB0603E6
:10ACC0001BB2002B11DD67F30F0401E00FE00CE075
:10ACD00061F31F443B4463F30F05114461F31F45C7
:10ACE00009EBC001401C0C604D60BDE8F0874FF0DF
:10ACF000FF30FAE770B5B1F90030B2F90040A34275
:10AD000000DC23460380B1F90250B2F90240A542AB
:10AD100000DD2C464480B1F90460B2F90450AE4223
:10AD200000DA35468580B1F90610B2F90620914265
:10AD300000DB1146C1800120AB4201DC8C4200DD0A
:10AD4000002070BDF8B50D460446B0F90000B1F919
:10AD500000101646884247DBB4F90210B5F902200C
:10AD6000914241DBB4F90410B5F9042091423BDC77
:10AD7000B4F90610B5F90620914235DC96B3ADF86A
:10AD800000006088ADF8020032466946284600F0AF
:10AD900099F8002827D0A088ADF800006088ADF8A9
:10ADA000020032466946284600F08CF800281AD086
:10ADB0002088ADF80000E088ADF802003246694610
:10ADC000284600F07FF800280DD0A088ADF80000DC
:10ADD000E088ADF8020032466946284600F072F875
:10ADE000002800D00120F8BD0020F8BDB0F90020F7
:10ADF000B1F904309A4213DCB0F90420B1F9003003
:10AE00009A420DDBB0F90220B1F906309A4207DC14
:10AE1000B0F90600B1F90210884201DB0120704749
:10AE200000207047F8B50D460446B0F90400B1F9AA
:10AE300000101646884243DBB4F90600B5F902104B
:10AE400088423DDBB4F90000B5F90410884237DCD4
:10AE5000B4F90210B5F90620914231DC76B3ADF8B1
:10AE600000006088ADF8020032466946284600F0CE
:10AE700029F818BBA088ADF800006088ADF8020082
:10AE800032466946284600F01DF8B8B92088ADF86A
:10AE90000000E088ADF8020032466946284600F01E
:10AEA00011F858B9A088ADF80000E088ADF80200AC
:10AEB00032466946284600F005F808B10020F8BD82
:10AEC0000120F8BD2DE9FC4114460E46B1F90020E1
:10AED000B0F9001005468A423ADBB5F90400824217
:10AEE00036DCB6F90270B5F90220974230DBB5F9CD
:10AEF00006309F422CDC002C75DD401A9A1A401C4B
:10AF0000521C00B212B200EBD07002EBD2724010B1
:10AF10005210904200DB1046844200DD0446ADF83A
:10AF20000010288800222044ADF804006888ADF89D
:10AF30000200688831462044ADF806006846FFF7F5
:10AF4000C1FF40B1BDF804002044ADF804003FE06B
:10AF50000020BDE8FC81E8880022001BADF802005B
:10AF6000E888ADF8060031466846FFF7ABFF28B128
:10AF7000BDF804002044ADF8040011E0A8880022C8
:10AF8000001BADF80000A888ADF804003146684603
:10AF9000FFF798FF50B1BDF80000001BADF80000AE
:10AFA000BDF80200001BADF8020016E06888ADF89D
:10AFB0000200688800222044ADF806003146684649
:10AFC000FFF780FF70B1BDF80000001BADF8000076
:10AFD000BDF806002044ADF80600314668461AF078
:10AFE00085FFB6E7FFE70120B3E710B5B1F90040F0
:10AFF000B2F900309C4200DA23460380B1F90240E6
:10B00000B2F902309C4200DA23464380B1F9044091
:10B01000B2F904309C4200DD23468380B1F906106A
:10B02000B2F90620914200DC1146C18010BD00003B
:10B030002DE9F0418AB007461DF04EFB0026A34CD7
:10B04000054600960FB1F86801E010F071F86060F5
:10B0500000691AF047FE6068406908B11AF042FEC4
:10B060006068C0691AF03EFE6068006A1AF03AFE35
:10B070006068016991B11AF0D1FF1FF063FC1FF005
:10B080008DF96068B0F85011E9B30068017CC90718
:10B090001FD0C0684068E0B1002715E0A0F85061FB
:10B0A0000AB0BDE8F081C11991F8301151B900F52D
:10B0B000AC7000F050FB616801EBC7010A6B0260E5
:10B0C000496B41607F1CBFB26068B0F85011B94253
:10B0D000E9D860684FF48071303016F0D7FA6068B4
:10B0E000202100F5987016F0D1FA6068A0F8506140
:10B0F00028461DF0EBFA009060680068436A13B1BF
:10B1000022680099984716F005F900F02BF900F035
:10B11000FDF86F4D6F69D7BB15F0AFFE14F0A8FFB7
:10B12000074600227F211AF0D6FC0FF083F9014672
:10B13000002238461AF0BEFC0FF046FC0146002201
:10B1400038461AF033FD0022032138461AF024FD58
:10B150000022032138461AF010FD00220321384650
:10B160001AF010FD0022032138461AF010FD0022CB
:10B17000032138461AF015FD56A1384615F0FEFD9C
:10B1800000231A460621384616F06CFE6F612868C7
:10B190001DF09CFA4FF4967840450CD2206841F29D
:10B1A0008831884234D96968009808446860A86882
:10B1B000401CA8602CE01DF08FFA28606068406891
:10B1C00028B100684FF47A71B1FBF0F000E0212063
:10B1D000696809B901216960A968F1B14FF47A720F
:10B1E00051436A68B1FBF2F46E60AE60844200D9EC
:10B1F0000446286920442861E868401CE8601DF086
:10B2000001FBC0F16403224633A1384615F0EDFD81
:10B210002E4D08356C6814B137E00446E4E715F0AC
:10B220002CFE14F025FF044600227F211AF053FC67
:10B230000FF000F90146002220461AF03BFC0FF007
:10B24000C3FB0146002220461AF0B0FC0022032175
:10B2500020461AF0A1FC0022032120461AF08DFCA2
:10B260000022032120461AF08DFC002203212046F3
:10B270001AF08DFC17A1204615F080FD00231A4618
:10B280000421204616F0EEFD6C6028681DF01EFAC1
:10B2900040457FF605AF1DF01FFA286002A816F0A2
:10B2A000D1F804990298401A820A514200EB812099
:10B2B0006621B0FBF1F39DF821109DF82000CDE947
:10B2C000000109A1204615F090FDE9E6A400002048
:10B2D000202A00203F0000002575204650530A25F3
:10B2E000752525204350550025752E2575206B4268
:10B2F000207573656420282564202525290A256486
:10B30000252520667261672E0000000070B50A4D89
:10B31000002400BFC4EBC40655F8260008B116F09F
:10B320006DF805EB86001C2116F0B0F9641CE4B240
:10B33000042CEFD370BD0000902C00200849496810
:10B340000AE04A68824202D00A68824203D10A7E39
:10B3500042F001020A7649690029F2D170470000E3
:10B3600078000020704700000421014800F09CB9DB
:10B37000A82B00202021014800F096B9C02B002006
:10B380002DE9FF410446DDE90A671D004FF000008A
:10B3900002D1B6F5807F2BD0039001900290ADF8DA
:10B3A0000C100090ADF80410ADF80A20ADF80E2096
:10B3B0003B463246294668461AF0F8FC3B46324680
:10B3C000294601A81AF0F2FC3B463246294602A85B
:10B3D0001AF0ECFC3B463246294603A81AF0E6FC7C
:10B3E000BDF90000BDF90430984209DA054608E0CD
:10B3F0002080491E6080A180521EE280BDE8FF814E
:10B400001D46BDF90820BDF90C108A4201DA164626
:10B4100000E00E46B54203DA984206DB184604E027
:10B420008A4201DA104600E00846801E2080BDF9FD
:10B430000030BDF90420934201DD1D4600E01546B1
:10B44000BDF90800BDF90C10884201DD064600E098
:10B450000E46B54205DD934201DD194604E0114672
:10B4600002E0884200DD0146891CA180BDF902305E
:10B47000BDF90620934201DA1D4600E01546BDF9EC
:10B480000A00BDF90E10884201DA064600E00E46B9
:10B49000B54205DA934201DA194604E0114602E0AA
:10B4A000884200DA0146891E6180BDF90230BDF98B
:10B4B0000620934201DD1D4600E01546BDF90A0055
:10B4C000BDF90E10884201DD064600E00E46B54289
:10B4D00005DD934201DD194604E0114602E0884291
:10B4E00000DD0146891CE18088E700002DE9F0417C
:10B4F00015460E460746114C1DF0EEF880462B46C9
:10B5000032463946204613F0C3FF20B10020A06226
:10B51000E06950B110E02C21204616F0B7F84FF04A
:10B520000040A0620020BDE8F08140461DF0CEF84A
:10B53000E06108B90120E0612046F4E7E42B002037
:10B5400010B51421074800F0AFF813F067FF40B1C1
:10B550000549016005494160054981600549C160AF
:10B5600010BDFEE7CC2B0020F5ED010871F10108BC
:10B570003DF30108C1ED01087FB50E46040003D17B
:10B580000FF0D6FD04002CD00FF046FE002828D086
:10B5900094F82800400724D4002506B3ADF80050E5
:10B5A000ADF8025020460FF0DBFD401EADF8040060
:10B5B00020460FF01BFE401EADF806006A463146DD
:10B5C00002A8FFF797FB00280BD02068017C8907B1
:10B5D00008D5DDE90001C4E90C01012029E0A4F847
:10B5E00050517FBD82690AB102A9904700260AE046
:10B5F00004EBC601002202A83031FFF7A3FB0028AC
:10B60000EFD1761CB6B2B4F85001B042F0D880B297
:10B61000202804D204EBC00002A9303004E0A4F8D2
:10B62000505104F1300069460DF08BFAB4F8500126
:10B63000401CA4F8500160680028D2D01DF090F999
:10B640007FBD70B5054600F012F804460CE02146B7
:10B65000284600F01EF806462146284600F0A2F8CB
:10B66000204615F0CBFE3446002CF0D170BD0028EA
:10B6700000D04068704700B503460022FFF7F7FF8F
:10B6800003E01846521C00F004F80100F9D11046FE
:10B6900000BD0068091D4058704700684058704759
:10B6A000002800D08068704700224260C91C21F049
:10B6B000030182600160704770B50446006808307D
:10B6C00015F010FE050013D00146002220461EF0A2
:10B6D00063FA2946204662681EF058FA616819B17B
:10B6E0002A4620461EF058FA6560A06800B9A56099
:10B6F000284670BD2DE9F0410C4606000AD04CB139
:10B70000FFF7B5FFA04208D13046FFF7D5FF051E71
:10B7100001D01EE00020BDE8F0813068083015F04F
:10B72000E1FD051EF7D030682A46075930463946F4
:10B730001EF02CFA3A46294630461EF02DFA2A46CB
:10B74000214630461EF028FA2246294630461EF091
:10B750001DFA2846DFE770B504460068083015F08A
:10B76000C1FD050013D00146002220461EF00EFA4E
:10B7700029462046A2681EF00FFAA16819B12A4690
:10B7800020461EF003FAA560606800B9656028468F
:10B7900070BD28B1416809B9806808B100207047C0
:10B7A0000120704770B504000DD0FFF760FF002244
:10B7B0008842204608D1FFF76CFF6060011E01D06F
:10B7C00000221EE0A26070BDFFF76AFF8842206879
:10B7D00008440AD10168A16029B12046BDE8704043
:10B7E00000221EF0D3B9626070BD05682046FFF7E5
:10B7F00050FF06460246294620461EF0C7F92A4653
:10B8000031462046BDE870401EF0C6B910B504466A
:10B81000006882680AB121469047206800680028C5
:10B8200001D02060F5E710BD8068002801D0B0F994
:10B83000160070478068002801D0807E800970471C
:10B8400070B5164605460C4651EA06001AD0284641
:10B8500016F082FCA86801233246018A2144018245
:10B86000A868418A314441822146284618F0EEFFFB
:10B8700000220B21284612F067FD012803D128463B
:10B8800018F03EFF012070BD77B581B00E4605006F
:10B8900017D0622218F06EFA040012D0206880B12E
:10B8A00028463146632218F065FA10F0FF0208D0EE
:10B8B00023682046039998470090BDF80000ADF832
:10B8C0000C00039804B070BD2DE9F047074692B014
:10B8D000408C1A9E40F00800788490463A8499463D
:10B8E0008A463289384618F045FA0546A7F820906E
:10B8F00032895146384618F03DFA0446788CA54204
:10B9000020F00800788403D12904B1EB044F68D0FB
:10B91000A7F8208032895146384618F02BFA0546A0
:10B920008046A7F82090514638460BF0D1F931896E
:10B9300000682A461BF01CFE30890B2823D147F6ED
:10B94000FF794D4501D04C451DD1384618F0D9FB43
:10B9500000EBD0704510384617F0B3FA00EBD0700A
:10B960004010C84506D1691C431C994200DA00E02A
:10B97000194688464C4506D1691C421C914201DAA1
:10B980006C1C00E014461948FFF796FE05002BD00A
:10B990002F60C5E903843089A8806846C5F808A0EF
:10B9A0000CF044FB1248FF21CDE9005011480290F1
:10B9B0001148039000200890CDE9090130880B90D0
:10B9C00070889DF8421040420C90F068079000206B
:10B9D00060F300018DF842103069069068460CF063
:10B9E00099FB12B0BDE8F087FEE70000D82B0020DD
:10B9F000A1D902089DDB0208F9DA020814210148E6
:10BA0000FFF752BED82B00202DE9F84F00259046B5
:10BA1000894606462C460427E6E000BFF06807EB9F
:10BA2000C401405881017CD480B230EA090112D0AF
:10BA30005FF0000230EA08000FD00020824270D090
:10BA4000F0686A46102150F8340082461BF0F2FA82
:10BA5000002871D103E00122ECE70120EEE76A46FD
:10BA6000112150461BF0E6FA002865D16A461221E2
:10BA700050461BF0DFFA00285ED16A46132150467B
:10BA80001BF0D8FA002857D16A46152150461BF002
:10BA9000D1FA002850D16A46142150461BF0CAFA48
:10BAA000F0BB6A460A2150461BF0C4FAC0BB6A4686
:10BAB0006B2150461BF0BEFA90BB6A466C21504683
:10BAC0001BF0B8FA60BB6A46012150461BF0B2FA7F
:10BAD00030BB6A46042150461BF0ACFA00BB6A46F4
:10BAE000022150461BF0A6FAD0B96A4603215046FF
:10BAF0001BF0A0FAA0B96A46052150461BF09AFA3D
:10BB000070B96A46062150461BF094FA40B96A465D
:10BB1000322150461BF08EFA10B96A466E2101E0C0
:10BB20000AE060E050461BF085FA28B96A466D21AC
:10BB300050461BF07FFA10B10320BDE8F88F6A462B
:10BB4000692150461BF076FAF0BB6A466A215046DE
:10BB50001BF070FAC0BB6A466E2150461BF06AFAB1
:10BB600090BB6A466D2150461BF064FA60BB6A4682
:10BB7000372150461BF05EFA30BB6A4638215046EA
:10BB80001BF058FA00BB6A46352150461BF052FAAA
:10BB9000D0B96A46402150461BF04CFAA0B96A461B
:10BBA000452150461BF046FA70B96A46412150467D
:10BBB0001BF040FA40B96A46422150461BF03AFA5F
:10BBC00010B96A46432100E009E050461BF032FA02
:10BBD00028B96A46492150461BF02CFA08B10225C3
:10BBE00001E005B90125641C708CC0F30510A0426A
:10BBF0003FF614AF2846A0E70148406870470000B0
:10BC0000A40000200549002048600861C8608860E1
:10BC1000086048610249086048607047202A002097
:10BC2000AC000020C0F30410072800D9072070479B
:10BC3000A0F57F41FF3905D0002804D0712803D238
:10BC400008490AE01F2070470749713880B2096827
:10BC500029B1064A5268904201D2085C7047002020
:10BC600070470000B4A80408280200203C0200200D
:10BC700010B518210348FFF717FD0349012008708C
:10BC800010BD0000842B0020440200202DE9F0416B
:10BC900090460C46050015D0FCF7DBFA0A4F064625
:10BCA0002146BA68284690470446BA682819414692
:10BCB00090470146701A03E06218AA5C2A55641C7A
:10BCC000A042F9D2BDE8F081580200202DE9F041F0
:10BCD000094D90460E466A681C460746194690472D
:10BCE000306020B120686A68384400219047C8F865
:10BCF0000000BDE8F0810000580200202DE9F04F5F
:10BD000087B08A46DDE910581F4693460446002155
:10BD100005B129805CB12078002809D0BAF1000F64
:10BD200005D0002618F0060F15D0002004E00020F2
:10BD300007B0BDE8F08F401C215C0A2904D00D2912
:10BD400002D00029F7D100E0401C002DF0D04FF0C8
:10BD5000FF312980ECE75FEA887001D541F6FF7773
:10BD6000894608468DF81410049127E00498CDF810
:10BD7000189068B34FF0000C05AA06ABCDF80CC0C4
:10BD8000CDF80080CDE9013220443B465A46514669
:10BD90001CF04AFF06997A1A314417B20EB288B1E4
:10BDA00004990144049120780A280BD00D2809D069
:10BDB000605C0A280FD00D280DD00846205C08B121
:10BDC000002FD3DC049848B105B12E800498AFE76A
:10BDD0004FF0010CD0E7481C0490F3E7064A04A991
:10BDE000204652689047002DF0D001460022504670
:10BDF00012F0BEFB06B2E8E7580200202DE9F04140
:10BE00001746884606001ED0002F1CD0FCF721FAEA
:10BE100004463846FCF71DFA050014D00B4A2C44A2
:10BE20004146926830469047411903E0621BB25C7C
:10BE30003255641EA142F9D930442A463946BDE83C
:10BE4000F04115F0E5BBBDE8F0810000580200208C
:10BE500000230278232902D0012A0DD00FE02AB155
:10BE60000021012A04D0022A04D008E0012101E0C7
:10BE7000017004E0017001E0202902D0012318467E
:10BE800070470221F6E72DE9F0410E468046024652
:10BE90000021334608461DF005F904460027401CE2
:10BEA00015F020FA050008D02F5533464246611C94
:10BEB0001DF0F8F82846BDE8F081FEE72DE9F047CF
:10BEC0001E4614460D468246DDF8209015E000BF60
:10BED0004FEA540808FB0657394650464A469047F1
:10BEE000002808DD44F30000C0EB540407EB06050E
:10BEF000A4F1010401E005DA4446002CE8D1204613
:10BF0000BDE8F0873846FBE72DE9FC5F9B460CABAC
:10BF10008A468146DDE9116093E81210DDE90F578A
:10BF20005FEA80784FF030031AD45EB15FEAC078E0
:10BF300008D000F00C0858EA0C0803D0761E01E087
:10BF40000B55641CBC4204D2202CF9D301E00B55E4
:10BF5000641C5FEAC07803D0B44201D2202CF6D32F
:10BF60005FEAC06825D55FEA40580AD44CB1BC42AC
:10BF700001D0B44205D1641E03D0102D03D1641E3C
:10BF800004E0102D02D0022D0AD00EE0850603D465
:10BF9000202C1ED2782506E0202C1AD2582502E04B
:10BFA000202C16D262250D55641C202C11D20B5565
:10BFB000641C202C0DD2BCF1000F01D02D2306E013
:10BFC000430701D52B2302E0030702D520230B559D
:10BFD000641CCDE900BAC846154681468B46AA4680
:10BFE000800714D1274607E02A46DDE900316D1CA1
:10BFF0002020C446E0477F1CB742F5D307E02A461D
:10C000006D1C641EDDE900311BF80400C047002CE4
:10C01000F5D15FEA897006D409E02A46DDE90031EE
:10C020006D1C2020C047A5EB0A00B042F5D328467E
:10C03000BDE8FC9F2DE9F04F8FB099468B46DDE9B6
:10C040001818DDE91C63DDE91A479246864600228E
:10C0500009B923F01003580507AD00D5C9B1B1FBEC
:10C06000F4F004FB1010C0B20A2801D2303009E00D
:10C070005FEA836C02D54FF0410C01E04FF0610C98
:10C0800060440A38B1FBF4F1A854521C09B1202ACB
:10C09000E5D3CDF80880CDE90563CDE90052CDE9BF
:10C0A00003474B46524659467046FFF72DFF0FB0E7
:10C0B000BDE8F08F2DE9FF4F8FB01CACDDE9239573
:10C0C00094E8030820AC94E8C004002450EA01027C
:10C0D00001D125F010056A050DF11C0802D550EAC2
:10C0E000010217D032463B46FCF740F8D2B20A2A8A
:10C0F00001D2303206E0AB0601D5412300E06123D6
:10C100001A440A3A08F80420641C50EA010201D0DB
:10C11000202CE7D3CDE90084CDF808B0CDE9059512
:10C12000CDE9036A0FAF97E80F00FFF7EDFE13B0FC
:10C13000BDE8F08F9A4200D28854704770470000E3
:10C140002DE9FF4F8BB088460546002606E02528DE
:10C150000BD0DDE90D1290476D1C761C2878002865
:10C16000F5D10FB03046BDE8F08F0024A146A246BD
:10C170000122AE4900E0044315F8013F203B02FADA
:10C1800003F00842F7D128782A2810D06FF02F0248
:10C190002878A0F13001092915D809EB890102EBB3
:10C1A000410144F0020400EB01096D1CF0E758F86E
:10C1B000041B5FEA010903D544F40054C9F10009E6
:10C1C00044F002046D1C28782E2817D115F8010FB1
:10C1D00044F004042A280ED06FF02F022878A0F132
:10C1E000300109290AD80AEB8A0102EB410100EB70
:10C1F000010A6D1CF2E758F804AB6D1C28786C2816
:10C200000FD006DC4C2817D068280DD06A2814D12E
:10C2100004E0742810D07A280FD10DE044F4001403
:10C220000AE044F4801401E044F440146978814247
:10C2300002D104F580146D1C6D1C2878692865D026
:10C2400006DC00288DD0632827D0642806D15DE065
:10C250006E2808D073282AD0752877D0DDE90D1212
:10C260009047761CE0E0C4F30250022809D003286E
:10C270000DD0D8F8001004280DD00E6008F1040885
:10C28000D2E0D8F80010F217C1E90062F6E7D8F85A
:10C2900000100E80F2E70E70F0E718F8041B8DF81E
:10C2A000001000208DF80100EB46012003E058F853
:10C2B00004BB4FF0FF3061074FF0000701D40AE0E4
:10C2C0007F1C57450DDA8742FADB1BF8071000295F
:10C2D000F6D106E07F1C8742FCDB1BF80710002923
:10C2E000F8D1DDE90D23A9EB07008146214600F0D6
:10C2F000B1F83044C61904E0DDE90D121BF8010B5A
:10C3000090477F1EF8D22146484688E058F8040B33
:10C31000C4F302514FF00A0B032900D100B20429E3
:10C3200000D140B2002802DA40422D2102E021056E
:10C3300005D52B218DF82410012104E006E0E1074A
:10C3400010D02021F6E708AF089113E058F8040B4D
:10C35000C4F302514FF00A0B032900D180B2042923
:10C3600000D1C0B20021EEE75946FBF790FF303113
:10C3700007F8011D0028F7D1ADEB070000F1200BF5
:10C38000600702D524F4803401E04FF0010ADA4559
:10C3900002DDAAEB0B0000E00020824600EB0B015F
:10C3A00008980144A9EB01000A90E00306D4DDE9F6
:10C3B0000D2321460A9800F04DF806444FF000097D
:10C3C00008E009A911F80900DDE90D12904709F10B
:10C3D0000109761C08998945F3DBE0030CD5DDE9FA
:10C3E0000D2321460A9800F035F8064404E0DDE903
:10C3F0000D1230209047761CBAF10001AAF1010A13
:10C40000F5DC05E0DDE90D1217F8010B9047761C0D
:10C41000BBF10001ABF1010BF4DC0A982146DDE928
:10C420000D2300F005F806446D1C97E6092801006D
:10C430002DE9F041044600251E461746880404D421
:10C4400005E039462020B0476D1C641EF9D528460A
:10C45000BDE8F0812DE9F041044600251E469046D6
:10C46000C80301D5302700E02027880404D505E063
:10C4700041463846B0476D1C641EF9D52846BDE8D4
:10C48000F0810A68531C0B60107070472DE9FF4F54
:10C4900089B005460A9800249246002800D1FE4D36
:10C4A0008FE1252804D02246641C53460A990BE2EA
:10C4B000491C4FF0000808460C9101782B2919D02F
:10C4C00004DC202919D0232904D119E02D290ED00C
:10C4D000302909D00026C8B2FEF74EFBB0B10CA837
:10C4E000FEF733FB06461FE048F001010AE048F082
:10C4F000020107E048F0040104E048F0080101E00F
:10C5000048F01001401C88460C90D6E70C9908783A
:10C510002A2809D1169840C81690002E02DA48F051
:10C5200002087642491C0C910C984FF0000B0178E0
:10C530002E2919D1401C0C9048F480680078FEF731
:10C540001BFB20B10CA8FEF700FB83460CE00C9A05
:10C5500010782A2808D1169901C91691002800DC04
:10C560000020521C83460C920C9801786C290AD04A
:10C5700004DC68290FD06A2919D128E0742929D050
:10C580007A2914D126E0401C0C90017848F4807878
:10C590006C291CD00BE0401C0C90017848F08008FE
:10C5A000682904D148F04001401C88460C9001469F
:10C5B0000078692822D015DC62281FD00DDC2528E0
:10C5C00072D050281AD058287FF46DAF16E048F486
:10C5D0000071E9E748F48071E6E7632879D06428C0
:10C5E000F2D10BE0732875D004DC6F2806D07028D8
:10C5F000EAD103E0752801D07828E5D178280DD05C
:10C6000058280BD070280BD0502809D06F2816D08E
:10C61000622816D00A2228F0100016E0102207E047
:10C620004878102248F48878562804D1491C0C9187
:10C630000878582807D00878502804D006E0082247
:10C6400009E0022207E048F02000804608786928C7
:10C6500003D0642801D028F00C085FEA485001D5C7
:10C6600028F00108087869281FD064281DD05628B2
:10C6700064D05FEA885072D51698CDF818B0C01D06
:10C680000021CDE904210291CDE9076820F00700DF
:10C690005346F0E80212CDE90012169022462846D1
:10C6A0000A99FFF707FD88E009E15FEA885022D583
:10C6B000169804AFC01D20F00703F3E8020116939B
:10C6C000002387E80C08CDE90768002903DA012276
:10C6D00002E07FE0A6E00022002302921A461B1A25
:10C6E0008A4103DB0022404262EB010153462246AD
:10C6F000CDE90001D3E75FEAC85004D5169901C916
:10C700000FE0404215E05FEA486003D5169911F842
:10C71000040B06E05FEA0860F0D5169931F8040BC7
:10C7200000B21691CDE9022BCDE90468C10F0028B3
:10C73000E7DD53462246CDE900013AE01699AAEB1F
:10C74000040201C9169141680968009103680A98BA
:10C7500001192846FFF79AFE04442FE0FFE75FEA3D
:10C76000C8500CD5CDE9022BCDE9046816980021FC
:10C77000534604C8CDE900211690224619E05FEA2D
:10C78000486003D5169810F8041B08E05FEA0860BB
:10C79000169803D530F8041B89B200E002C8169041
:10C7A00001AF0020009187E80508CDE904685346F1
:10C7B000224628460A99FFF73DFC04460C98401C87
:10C7C0000C900C99087800287FF46BAE54457DD20C
:10C7D00022467DE001275FEA887006D509E02246FF
:10C7E000641C534620200A99A84738467F1CB04253
:10C7F000F5D316982246641C10F804CB16905346C5
:10C8000060460A99A8475FEA887006D4D6E72246B0
:10C81000641C534620200A99A84738467F1CB04222
:10C82000F5D3CBE7169850F8049B16904B46BBF116
:10C83000000001D0014601E04FF0FF31484600E022
:10C84000401C02780AB1491EFAD2C71A5FEA485062
:10C8500003D558465F4500D307465FEA887006D582
:10C8600011E02246641C534620200A99A847384606
:10C870007F1CB042F5D306E0224609F10109641C91
:10C8800053460A99A84799F8000040B15FEA485119
:10C89000F2D5BBF1010B01E03DC10008ECD25FEA2B
:10C8A000887006D48AE72246641C534620200A99E1
:10C8B000A84738467F1CB042F5D37FE706E0224602
:10C8C000641C534625200A99A84777E7AAF101027C
:10C8D000534600200A99A8470DB02046BDE8F08FC6
:10C8E00010B502004FF000000CD04B1E194200D0D2
:10C8F000FEE70A44521E9A43B2F5803F02D20C2A48
:10C9000001D9104610BD0C2010BD08444A1E401E1F
:10C910009043114200D0FEE7704700002DE9F0413E
:10C920000F4601210025044641862E460BE01B4997
:10C93000FBF796FC10B16D1CADB202E0608E401C9E
:10C940006086761CB6B257F8260010B1017800292F
:10C95000EDD1208EA8421ED0A06A002610B114F09E
:10C960004DFDA662E06A10B114F048FDE662E800F1
:10C9700014F0B8FCA06238B1680014F0B3FCE062B7
:10C9800018B1A16A11B102E0FEE7FEE700256900D7
:10C9900014F07CFE2586BDE8F0810000509501086A
:10C9A0002DE9F84F8146407A0F4600F00700022833
:10C9B00019D010468046974200DD3A4616460320BD
:10C9C0002A4C2B4A00EB460020F00305A0681168B2
:10C9D0001035411A636805EB010C9C4505D241688E
:10C9E00021F0004124E00846E4E79D4219D8924630
:10C9F0004FF0FF3B48196168884210D90022694610
:10CA00001C48CDF800B00AF071FF002269461A48B0
:10CA10000AF06CFFA168DAF80000091AEAE7A068DA
:10CA2000DDE7284614F05EFCC0B1416841F00041EA
:10CA300088EA6702416089EA02010160416801F009
:10CA40004041491C31F0804141608681A0F80E8050
:10CA500005D500F110018160BDE8F88FFEE7A168FF
:10CA600001F1100229448260A160F5E7B4000020C2
:10CA700024020020015901084D79010870B586B0E3
:10CA800000224F4C8DF808208DF80C208DF81020D6
:10CA9000E2888A4201D0FF22A270E18090F83C2017
:10CAA000142302F003024FF4B475012A24D0022AA1
:10CAB00068D0A578AA4211D010F8265F05EB0515BD
:10CAC00005EB4505B5FBF3F52570407800EB00104C
:10CAD00000EB4000B0FBF3F06070A27004AA03A862
:10CAE000CDE9000201EB41004FF6FF7101EA400081
:10CAF00002AB627821781BE0A678B24210D0868C17
:10CB000006EB46067602B6FBF5F5A58090F8270001
:10CB100000EB001000EB4000B0FBF3F06070A2707F
:10CB200004AA03A8CDE90002C9B202AB627844E0CE
:10CB300008F0ECFB9DF80C00BDF8003044099DF8AE
:10CB4000082064F30203ADF80030D308BDF80020DC
:10CB50009DF8101063F3C702ADF80020CA08BDF8B5
:10CB6000001062F30C21ADF800108108BDF8000040
:10CB700061F34F30ADF8000080B20090BDF80000C6
:10CB800006B070BDA678B24210D0868C06EB460681
:10CB90007602B6FBF5F5A58090F8260000EB0010B4
:10CBA00000EB4000B0FBF3F02070A27004AA03A8D1
:10CBB000CDE90002CAB2217802ABA088B8E7000034
:10CBC0006001002010B5084C012020700748FEF7D6
:10CBD0004EFD0028A06803D0BDE810401BF0C0BE89
:10CBE000BDE810401BF0B0BEFC010020B42B0020BB
:10CBF00010B5044690F84200A16B820709D4B4F83E
:10CC000040204AB1A2F57F43FF3B1BD0521EA4F83F
:10CC10004020B4F84020AAB909B1820712D52146B4
:10CC20001448FEF7BFFDFFF7CDFFE16809B12046CC
:10CC30008847216909B1204688472046BDE8104051
:10CC400014F0DCBBE26B52422263002911D0820750
:10CC500002D4626B524222634210521C62F34100C2
:10CC600084F84200A26A206A2262A062E06AE1625D
:10CC7000A06310BDB42B002070B5304D68681BF068
:10CC800025FD0646687880F00100687047E00020C6
:10CC9000287094F842006978C0F380028A4242D03A
:10CCA00061F3820084F84200216B8A19030719D4CA
:10CCB000002917DC002A15DBC00709D1616939B1E9
:10CCC00020468847216A01442162A16A0844A06283
:10CCD000A16809B12046884794F8420040F0080056
:10CCE00084F84200206B8019206316D4E16A8842E0
:10CCF00000DD2163E169204688470146606A884279
:10CD000004D0616262680AB120689047D4E90B01DF
:10CD1000814202DB2046FFF76BFF287818B10848F4
:10CD2000FEF7A5FC03E021460548FEF7B2FC04002F
:10CD3000ADD11BF0D1FC686070BD0000FC0100208B
:10CD4000B42B002070B5044640680D4608B1FFF7CB
:10CD5000F9FF2268002A04D029462046BDE8704029
:10CD6000104770BD89B20BF051BE89B20BF08ABE7C
:10CD70002DE9FF4F99B09846DDE926B12D9816466A
:10CD80008A464FF00009042811D0052811D0062842
:10CD900012D0142873D10127022508FB06F00E904B
:10CDA0001A980024401E0D90701E06904AE100273C
:10CDB000F2E701270325F0E701270225FEF71CFF14
:10CDC0000068D0F83890E8E7289860430BEB202201
:10CDD000299860430AEB202110124FEA212E7DD4BE
:10CDE0001A9B98427ADABEF1000F77DBB645F9DA82
:10CDF000D3B201F0FF0C802B05DAC3F17F014FF0B5
:10CE0000FF32490003E001225900A1F58071099128
:10CE1000BCF1800F05DACCF17F034FF0FF315B00EE
:10CE200004E04FEA4C030121A3F580730A930EFB43
:10CE3000080C199B0CFB05330793831811937BD4C3
:10CE4000DDF834C0634577DC1EEB01030F9373D428
:10CE5000DDF818C063456FDC079B01FB08F102FB9E
:10CE6000053201FB053116929C460C91BFB32D99FA
:10CE7000052905D014290AD006294CD059E0E5E04F
:10CE80000C989CF8022081781698807810E0199A06
:10CE90000E9902EB41010B180EFB08111198179324
:10CEA0000EFB08F2085C0F99D25C01FB08F1C95C2B
:10CEB000914207D00A9B5943C3F5807302FB0311CB
:10CEC000C1F30721904207D0099B5843C3F58073F3
:10CED00002FB0300C0F30720084401E09AE02CE0C5
:10CEE0002C99400808555FD09CF800109CF8010070
:10CEF00001EB0020ADF80C000C980178407801EBB4
:10CF00000020ADF8100016980178407801EB002061
:10CF1000ADF808001FE0BCF800101FFA89F081424C
:10CF200078D00C990988814274D016990988814279
:10CF300070D0FF210846CFE737E0BCF80000ADF81D
:10CF40000C0016980088ADF808000888ADF81000AD
:10CF50002C98FF210155BDF80C00BDF81010884237
:10CF600009D1BDF80810884205D12B98BDF80C10E6
:10CF700000EB440017E00A98C2B2DDE903100DF09F
:10CF800065FC04900998C2B2DDE902010DF05EFC77
:10CF90007F22029004990DF059FC00902B98BDF867
:10CFA000001000EB440001804AE0079B93F800C0AA
:10CFB0005B780CEB0323DDF8ACC09BB22CF814308B
:10CFC000DDF8B4C0BCF1050F06D0BCF1060F06D0E9
:10CFD000BCF1140F09D10AE0079B9B780FE01FFA00
:10CFE00089FC634501D1002309E0FF2307E0199B79
:10CFF0000EFB083C0E9B00EB43031CF8033008B902
:10D00000002A05DBDDF834C0604504D1002A02DDCA
:10D0100009980BE011E0BEF1000F01D1002904DBFB
:10D02000069A964509D1002907DD0A98C0F1FF004C
:10D030005843010A2C98015502E02C99002008550C
:10D04000641C24B22A988442FFF6BEAE1DB0BDE82F
:10D05000F08F000010B5818F92B00446A9B16846E8
:10D060000AF0E4FF0B480121CDE90040A08F0B90AE
:10D0700000200890CDE90901074807900748039070
:10D0800068460BF047F812B010BD12B0BDE8104072
:10D090001CF0D2BEB19E0208EB800108B39E0208CC
:10D0A00010B50446406882080AD0496821F003019F
:10D0B000091D08446060204600F042F8204610BD7B
:10D0C000FEE74068103120F00300884201D30120C0
:10D0D0007047002070472DE9FC47054648680C461C
:10D0E00020F0030001AA69461CF0FAFBDDE900709C
:10D0F00005EBC71101EB80098046D9F83C0060B10F
:10D1000064B1C4E9020504F10806C4603046042194
:10D11000FFF7FBFB864202D0FEE7FEE7FEE7C9F819
:10D120003C400120296900FA07F21143296105EB0F
:10D13000870100FA08F04A6902434A61BDE8FC87AA
:10D1400010B5044600F087F8046010BD2DE9FC47D7
:10D1500006464FF000000D0000900746019042D0B7
:10D160000C46E9460DF10408802907D3084620F053
:10D170000FFC411F01208840401E0444424649469E
:10D1800020461CF0ADFB009C0A2C2CDA06EB840038
:10D19000019A40694FF0FF3101FA02F210400CD1C0
:10D1A000641C3069A14008401DD020F0E9FB044612
:10D1B000009006EB8000406978B120F0E1FB034667
:10D1C00006EBC411019001EB8000C76B5FB178687A
:10D1D00020F00300A84201D2FEE7FEE739463046C0
:10D1E000009A1DF0FDFC3846BDE8FC8710B50446EA
:10D1F000FFF7A6FF416841F002014160606840F01E
:10D200000100606010BD10B5044600F024F84168CC
:10D2100021F002014160606820F00100606010BDF3
:10D2200070B506460D46084600F015F8040010D00B
:10D230002079C0070BD0686880080BD021463046A3
:10D2400000F03CF821462846FFF72AFF054628460D
:10D2500070BDFEE7FEE7426800F1080122F003001E
:10D26000001F0844910800D1FEE7704770B50646DC
:10D270000C004FF000001ED0F2B120791546C00717
:10D280001BD011462046FFF71CFF78B129462046E7
:10D2900000F025F805462046FFF752FF686829464A
:10D2A00040F0020068603046FFF715FF2046FFF7A8
:10D2B000AAFF04F1080070BDFEE7FEE77CB5054655
:10D2C00048680C4620F0030001AA69461CF008FBE0
:10D2D000DDE90023214628461DF082FC7CBD2DE9B6
:10D2E000F0410D46044600F10801281F0E18606841
:10D2F00006F1080720F00300401BA0F1040838469F
:10D300000421FFF702FB874200D0FEE7606820F0AF
:10D31000030108EB0500001D814200D0FEE73079D3
:10D3200000F0030040EA0800706020F003000C28C1
:10D3300000D2FEE7207900F0030028436060304609
:10D34000FFF754FF3046BDE8F08138B5044612F0CF
:10D35000F1FB054612F023FC0028204605D0218F62
:10D36000E18617F0CDF9012038BD10F0ABFD0028A3
:10D3700020461ED010F072FC218FE08E81420CD02E
:10D380002087E08E00906A461C21204610F0DCFFCA
:10D390000128E9D1204617F0B3F9284612F00BFC1A
:10D3A0000428E0D1204615F087FD002111F078FC1B
:10D3B000D9E710F0E3FDD6E770B510F0C1FF0546E0
:10D3C00015F0C0FD044628460CF08AF901462046B7
:10D3D000BDE8704000221AF0A7BC00002DE9F04F14
:10D3E0000D4687B00446002115F09AFC60B329462B
:10D3F000204600F061FA2946204600F06FF800212F
:10D40000204616F0B5FB05900021204616F058FC8A
:10D4100004900021204616F07CFA012800D000205C
:10D4200080460021204616F09BFD0746002120463D
:10D4300016F0EAFA42F2D17906464F450BD1608CDC
:10D44000000508D4012707E007B02846BDE8F04FE3
:10D450001C2114F01BB90027204615F0DFFCDFF873
:10D4600078A0834620460021BAF8042016F082FCFA
:10D47000D5F810C0AB682968CDF800C0CDF80C8095
:10D48000CDE90131C2B239465846059B09F092FCFC
:10D4900028834E4504D1608C400501D4012600E06C
:10D4A0000026204615F0A0FC074620460021BAF8C9
:10D4B000082016F05FFCC2B2686900246B68E96856
:10D4C0008DE81B0031463846049B09F073FC6883E5
:10D4D00007B0BDE8F08F0000D40000202DE9F34F25
:10D4E00081B00C46019808F0E1FE0646019815F05F
:10D4F00095FC8246304601F000F82061400013F0B0
:10D500001FFF20602069400013F01AFF002541F63C
:10D510009A79A0603AE036F91510DFF82081494584
:10D5200033D10027DFF818B11FE03946019815F014
:10D53000F7FB5946009016F034FEA8B9009808F0A1
:10D54000C7FE012810D1009808F0B8FEA8420BD100
:10D55000009816F0D6FD4146404501DA084602E043
:10D56000009816F0CEFD80467F1C019815F0EAFB6E
:10D57000B842DAD8B8F1000F03DBA16821F81580B2
:10D5800003E0A168002021F815006D1C2069A84265
:10D59000C1D800252F46284641F69B784A4615E01B
:10D5A00036F91010414504DB0D44A5F5F8559B3DB7
:10D5B0000BE0914204D1A16831F81010394403E026
:10D5C000A36823F8101039440FB2401C216981422E
:10D5D000E6D80021019816F0CBFA2169C1F10102C9
:10D5E00000FB02A0C01B00B2002800DA00200022CD
:10D5F0004FF0FF331146C44611E000BF36F91170F9
:10D6000067450BDBA7F5F8579B3F3AB200FB02F3E7
:10D61000B3FBF5F3A76827F811300B46491C2769BF
:10D620008F42EBD8002B07DBA91A4143B1FBF5F180
:10D63000401AA16821F81300BDE8FE8F01E0FFFF4A
:10D64000010006002DE9F14F00221146009817F065
:10D65000E7FF0021009816F095F904460021009894
:10D6600016F03AFB20440FFA80F90021009816F0DA
:10D6700037FA20440FFA80F8009816F0F7F800EB1C
:10D68000090101EB0800DFF898A006B254460098A3
:10D6900015F058FB074600252AE0009821498068CC
:10D6A000006850F82500834616F07BFDF8B958460F
:10D6B00017F07EF840BB0021584616F0FBF818B36F
:10D6C000012821D002281FD003281DD00021584650
:10D6D00016F05EFC58B9BBF81A10BBF81600081A11
:10D6E000401C00B24844A04200DB044624B26D1C3A
:10D6F000BD42D2D3544504D004EB080000B2B0427E
:10D7000000DC3046BDE8F88F0098BBF91A10B0F97C
:10D710001600081A411CA142E8DB0C46E6E70000AF
:10D7200001E0FFFF010004002DE9F84F00228046D0
:10D73000114617F05FFF0021404616F023F904461A
:10D740000021404616F074FA20440FFA80FA0021B6
:10D75000404616F025FA20440FFA80F9404616F0AC
:10D7600093F800EB090101EB0A00DFF844B105B2C0
:10D770005C46404615F0E6FA07460021404616F0A2
:10D78000B6F801284FF0000644D078E0D8F8080039
:10D790004849006850F82600009016F002FDC0BB12
:10D7A000009817F005F850B10098B8F91810B0F9C2
:10D7B0001400091A481CA0422ADB4C1C28E0002156
:10D7C000009816F077F858B1032809D0062807D03A
:10D7D000082805D00021009816F0D4FB58B118E0B5
:10D7E0000098B8F91810B0F91400081A411CA142A9
:10D7F0000EDB0C460CE00098143000900BF01BFA86
:10D800005044A04204DB00980BF015FA00EB0A0428
:10D8100024B2761CBE42B9D35C453BD004EB090070
:10D8200033E000BFD8F808002249006850F826000D
:10D83000009016F0B6FC08BB009816F0B9FF60BB6C
:10D840000021009816F036F838B3012825D00428B6
:10D8500023D0072821D00021009816F099FB68B941
:10D860000098143000900BF0E6F94844A04204DB25
:10D8700000980BF0E0F900EB090424B2761CBE42DC
:10D88000D0D35C4506D004EB0A0000B2584501D065
:10D89000A84200DC2846BDE8F88F0098B0F91810BF
:10D8A000B8F91400091A481CA042E6DB4C1CE4E756
:10D8B00001E0FFFF010004002DE9F84F0C4683460C
:10D8C00009F002F9064600F018FE6061400013F00E
:10D8D00037FD60606069400013F032FD002541F6BD
:10D8E0009A79E0603AE036F91500DFF8288148457A
:10D8F00033D10027DFF820A11FE03946584615F044
:10D900000FFA5146009016F04CFCA8B9009809F0A7
:10D9100063F9012810D1009809F054F9A8420BD1FD
:10D92000009815F0CEFA4146404501DA084602E07B
:10D93000009815F0C6FA80467F1C584615F002FA8A
:10D94000B842DAD8B8F1000F03DBE16821F815809E
:10D9500003E0E168002021F815006D1C6069A84211
:10D96000C1D800252F46284641F69B784A4615E047
:10D9700036F91010414504DB0D44A5F5F8559B3DE3
:10D980000BE0914204D1E16831F81010394403E012
:10D99000E36823F8101039440FB2401C61698142DA
:10D9A000E6D80021584616F08BF98146584615F006
:10D9B0001BFA01466069C0F1010209FB0210C01B9D
:10D9C00000B2002800DA002000224FF0FF33114699
:10D9D000C44610E036F9117067450BDBA7F5F85720
:10D9E0009B3F3AB200FB02F3B3FBF5F3E76827F87D
:10D9F00011300B46491C67698F42EBD8002B07DBBF
:10DA0000A91A4143B1FBF5F1401AE16821F813006E
:10DA1000BDE8F88F01E0FFFF010006001CB50B8890
:10DA200004892344ADF800304B8844892344ADF881
:10DA300002308B8804892344ADF80430C9884389B7
:10DA40001944ADF806104369694698471CBD0000AB
:10DA50002DE9FF4F89B0C8781A9CC0070D460028F1
:10DA600001D0F84800E0F848069001D0F74800E0FF
:10DA7000F748049001D1F54800E0F5484FF0100355
:10DA80004FF00C0E4FF0080BCDF814006188A288FF
:10DA90004FF0000AA1EB0201504609B25246D4F8F9
:10DAA00010C00FE002EB8207E66803EB870816F868
:10DAB00008805FEAC87809D00BEB8707F65B891B03
:10DAC00009B2521C9445EDD8002254E00EEB8707B2
:10DAD000F65B304400B2F4E7E66802EB820703EB42
:10DAE000870CB146CDF820C016F80C60F60741D17E
:10DAF000002872D091FBF0F80EEB8706079639F8F4
:10DB0000066006FB08F60FFA86FCCDF800C04FF061
:10DB1000060C0CEB870C042639F90C8006EB870603
:10DB2000DDF800C039F90660E04500DCC446664512
:10DB300004DC009EC446B04500DC6646DDF800C04B
:10DB40000196664506D0DDF820C04FF00108C246B8
:10DB500049F80C80D4F80C80019E0BEB870728F85D
:10DB60000760D4F80CC0079F3CF80770C01B891BE6
:10DB700000B209B2521C26699642ADD8BAF1000F24
:10DB800084D10021099815F0BEFE012826D0002777
:10DB90000020ADF80800ADF80C0003A902A8CDE9FB
:10DBA00000012089B4F9022003B2287818991CF0EA
:10DBB00090F8E878384207D0099815F02FF9BDF8A9
:10DBC00008100844ADF808000B99099815F0A8F85A
:10DBD00006464FF4FA682AE1FFE7FEE70127D7E798
:10DBE0009C49304616F0DDFA00286FD100213046FE
:10DBF00015F0F4FEF0B34FF00009484621690FE03C
:10DC0000E26800EB800352F82320B24207D1E168BA
:10DC100000EB80020BEB820031F9009002E0401C27
:10DC20008142EDD8E878C007708C04D020F4806081
:10DC300040F4006003E020F4006040F480607084F1
:10DC400006F11400049982468847484528D030469A
:10DC500016F056FDB08AADF80000F08AADF802006B
:10DC6000308BADF80400708BADF806004946504685
:10DC7000069A00E010E090476A462921304610F0ED
:10DC800063FB304615F05EF93246222110F05CFB52
:10DC9000304616F035FD03E0708C20F4406070844F
:10DCA000002000906878012811D0022817D105992A
:10DCB00006F114008847B4F90010491C21F0010155
:10DCC000081A00EBD07040F34F0007E0A7E0059979
:10DCD00006F1140088472188081A00B20090E878FD
:10DCE000384208D0049906F114008847BDF808109E
:10DCF000081AADF80800304600216B2216F03AF8F9
:10DD00000FFA80F9304600216C2216F033F80FFA32
:10DD100080FA304616F0F5F90190304615F0D1F84A
:10DD20000146C9F3413001280FD129F4C0404045D4
:10DD30000BDCB0F57A7F01DDC0F57A70019A5043B3
:10DD4000642290FBF2F00FFA80F9CAF34130012807
:10DD50000ED12AF4C04040450ADCB0F57A7F01DDDF
:10DD6000C0F57A704843642190FBF1F00FFA80FA15
:10DD7000B18A1698F28A411A01EB0900179900B28C
:10DD80008A1A02EB0A01EA7809B2D207002A02D005
:10DD9000BDF9082000E0009A10440FFA80FA01D083
:10DDA000009801E0BDF9080008440FFA80F95AEA2A
:10DDB00009011BD0304616F0A3FCB18A01EB0A0022
:10DDC000B082318B01EB0A003083F18A01EB09004C
:10DDD000F082718B01EB09007083304616F090FCE5
:10DDE00000234A465146304616F030FDE878384266
:10DDF0000CD1049906F11400884719990844BDF81C
:10DE00000C100844BDF80810084406E0BDF80C10DA
:10DE100019980844BDF80810081AADF80800E87809
:10DE20000BAAC0F38001099808F00CFD0646002EED
:10DE300004D0DDE90B0188427FF4D2AE0DB0BDE81D
:10DE4000F08F0000BF8C0108B58C01085B8C0108C5
:10DE5000038C0108010006002DE9F04F91B00E007F
:10DE600005463FD02E83286808B113F0C7FA06EBA9
:10DE70004600062101EB400013F034FA286040B35D
:10DE8000022101EB46010144E960042101EB860116
:10DE90000144C5E9010101210024012E1AD0F0003E
:10DEA000083013F04DFA814600EB860000F10408BB
:10DEB000B00000B2A346ADF81000C0F1010280101E
:10DEC000ADF812B00FFA82FA5C46CDF828B0069091
:10DED000ABE0FEE7B4220270E8680480E8684180A5
:10DEE000A868048011B0BDE8F08F0027BDF81220AB
:10DEF000BAF1000F07DC032101EB42010AEB01003C
:10DF00000FFA80FA0CE0BDF810100523521A03EB4B
:10DF1000420202EB0A00491E0FFA80FAADF8101017
:10DF2000BDF81200401CADF8120004A800F0E7F89C
:10DF300068B1BDF9100006AA811042F827100AA99D
:10DF400000F0030041F827007F1C042FCEDB042FD4
:10DF500071D109990698884212D129F8140028F83D
:10DF600014B0DDE90A010144DDE90C201044084445
:10DF700069680855696800010855641C24B252E0BC
:10DF80000799884219D029F8140028F814B06A6853
:10DF90000A9810556A6800011055641C069A20B250
:10DFA000521E29F8102028F810B0DDE90B120A449F
:10DFB0000D99091D11446A682FE0089929F8140089
:10DFC000884228F814B0DDE90A025946104412D0FC
:10DFD0006A6810556A6800011055641C069A20B2E0
:10DFE000521E29F8102028F81010DDE90C121144F7
:10DFF00008316A6811E00C9A10446A6810556A6822
:10E0000000011055641C069A20B2521E29F81020F7
:10E0100028F810100D996A680C3111546A680901CA
:10E020001154401C04B20BF1010B04A800F067F876
:10E0300000287FF45AAF09EB440140F2D320464355
:10E0400031F9021CB012814205D108EB440131F9CB
:10E05000021C81421AD0A6EB8021B1F5007F03DCBF
:10E06000494341F3CF3106E0C1F58061494341F3B3
:10E07000CF31C1F10F0129F8140028F814006868A5
:10E080000155686809010155641C24B2A01E0DE009
:10E0900038F8102029F8142039F8102028F8142016
:10E0A00069680A5C0A55641C24B2401E0028EFDA35
:10E0B000EB680021084619801BE0EA6822F811008D
:10E0C000AB6839F8102023F811200AE0AE6839F95E
:10E0D000102036F81130934200DA1A4626F8112043
:10E0E000401C38F910208A4201D1A042EEDB491CC5
:10E0F00009B2A042E1DB484613F06EF9F2E6B0F94E
:10E100000210B0F90000814201DC012070470020BC
:10E11000704717B581B0022A03D8BDF8080004B0D3
:10E1200010BDBDF80830BDF80400C3F3C401C0F34E
:10E13000C40421441F2900D31F2161F3C7005907DC
:10E14000890E01EB533100F0070401EBC40101EB30
:10E150005031ADF804003F2900D33F21CC0864F3CF
:10E16000020061F34F30C3F30421C0F304231944C8
:10E17000ADF804001F2900D31F2161F30C20ADF876
:10E180000400FF2A07D0DDE901010CF039FB009003
:10E19000BDF80000C3E780B2C1E717B581B0022A1D
:10E1A00003D8BDF8080004B010BDBDF80400BDF8E8
:10E1B0000810C0F3C403C1F3C40463435B0963F3F1
:10E1C000C700C0F30423C1F3042463435B0963F372
:10E1D0000C2043074C079B0EA40E03EB503304EBBB
:10E1E00051314B435B0A63F3020043079B0E03EB81
:10E1F00050334B43990961F34F30ADF80400FF2AC7
:10E2000007D0DDE901010CF0FBFA0090BDF8000039
:10E21000C9E780B2C7E717B581B0022A03D8BDF8B5
:10E22000080004B010BDBDF80830BDF80400C3F309
:10E23000C401C0F3C404091B002900DC002161F300
:10E24000C7005907890E01EB533100F0070401EBB9
:10E25000C40101EB5031ADF80400002900DC0021BD
:10E26000CC0864F3020061F34F30C3F30421C0F320
:10E270000423C91AADF80400002900DC002161F371
:10E280000C20ADF80400FF2A07D0DDE901010CF0F5
:10E29000B7FA0090BDF80000C3E780B2C1E7F8B557
:10E2A000044610F04DF80646204610F00BF80546DF
:10E2B000304614F047FE04462B2D34D00A2D31D1C0
:10E2C00011F038FC10B1007901282BD06946304696
:10E2D00014F09EFE94F82C0010F00C0F30462BD05A
:10E2E00014F09CFD05460021204615F018FB01287E
:10E2F000BDF9000005EBD5711BD000EB610090FB70
:10E30000F5F001B2002900DA0021608D4FF0010222
:10E31000884220461BD019F007FD00221C21204610
:10E3200010F012F8F8BD618DBDE8F840002219F038
:10E33000FBBCC0EB6100E2E714F056FDBDF9021032
:10E3400000EBD07201EB620191FBF0F0D9E719F01C
:10E35000EBFCF8BD2DE9FF4F89B00446169EDDE9C0
:10E3600019577000DDF86090DDF828A00FFA80FBE7
:10E37000B9F1040F22D0B9F1060F1FD0B9F1050F82
:10E380005CD0B9F1140F56D1B4F90000B4F9021001
:10E39000CDF80CB006FB01030AEB43020092E288C1
:10E3A0004FF00008511A491C0FFA81F9A188081A88
:10E3B000401C0FFA80FA4FEA4A0B81E020460AF02F
:10E3C0002CFC01460390384613F08EF9B4F9000096
:10E3D000B4F90280A18806FB0802081A401C00B2AA
:10E3E000069040000AEB420A2E4602900CE051468D
:10E3F0003046029A13F078F8069808F10108DA44DA
:10E4000006EB40060FFA88F8B4F906004045EEDA4C
:10E41000B9F1060F0FD100224EF20700ADF800004F
:10E42000114605E035F81130834200D17A54491C79
:10E43000039B9942F6D30DB0BDE8F08FB4F90010FC
:10E44000B4F9023006FB031000EB400202EB0A00B5
:10E45000A288511A491C0AB2B11A01EB41010EB24D
:10E46000E188C91A491C0CB2002317E000210DE015
:10E4700090F802C007F801C010F801CB10F8028B29
:10E480000CEB082C25F811C0491C09B29142EFDBB6
:10E490005B1C05EB4205174430441BB2A342E5DB8D
:10E4A000C9E75A462846009913F01EF800990398C8
:10E4B00005EB4A050844009008F101000FFA80F8C6
:10E4C000C845EEDBDDE90A014A000C9902FB0100B8
:10E4D000B4F90010B4F9022006FB02110D18002453
:10E4E00008E052462946384612F0FEFF641C5744A5
:10E4F000354424B24C45F4DB9DE70146002041F64B
:10E50000FF7200E0401C31F910309342FAD170479D
:10E510001CB5044690F8540000F0010088422DD04C
:10E5200094F8540011B140F0010001E020F0010026
:10E5300084F8540004F1480168460AF053FB606A0D
:10E54000BDF80010828A1144ADF80010BDF8021029
:10E55000C08A0844ADF80200606ABDF80410808AE1
:10E560000844ADF80400606ABDF80610C08A08448B
:10E57000ADF806006946204616F0E5F81CBD08B562
:10E58000084611460BF0C5FF0090BDF8000008BD1D
:10E590002DE9F04F0746C87A89B015460E46022885
:10E5A00003D8012009B0BDE8F08F18463269B16880
:10E5B000FCF79CFF041EF5D0207D00F01F0010F03A
:10E5C000BBFB4FF4807808B1062011E0207D00F0FD
:10E5D0001F000E2806D014280AD010F09DFB30B181
:10E5E000052005E030884FF00E0930B902E0042024
:10E5F000814606E07088404503D000204FF00509B1
:10E60000A061226A22B1294638461CF070FFB7E0AB
:10E61000A069E0B3294602A80AF09CFAB6F90030D6
:10E6200013B97088404529D0A88829886A88401A7B
:10E63000401C01B2E88806F1040C801A401C02B2AA
:10E640007088CDE9000C02A8FCF79AFEBDF808001E
:10E6500029880844ADF80800BDF80A106888084405
:10E66000ADF80A00BDF80C0029880844ADF80C008C
:10E67000BDF80E1068880844ADF80E0002AA04A880
:10E68000B968FCF737FB00287AD004A800E00DE059
:10E69000D7F80880B860CDF800902A463146384651
:10E6A000A3690DF017F8C7F8088069E02A4604A8A6
:10E6B000B968FCF71FFBE0B3BDF81400BDF81010FB
:10E6C000401A401C0FFA80FB0BEB4B0012F038FE97
:10E6D000039004A901A8D7F808A00AF03BFA012189
:10E6E00001A80AF0E7FABDF91000B5F90010BDF96C
:10E6F0001280401A0690B5F90200A8EB000536E03A
:10E7000001AA514607A8FCF7F5FA70B303980090E8
:10E7100006985B4601B22AB2204610F017FF012886
:10E720000ED0204610F067FE039812F055FE2046EA
:10E7300000E025E010F05FFE0020C7F808A031E7F8
:10E7400007A8B860CDF8009001AA31463846039B6F
:10E750000CF0C0FFBDF80600401CADF80600BDF887
:10E760000A00401CADF80A006D1C08F10108BDF953
:10E7700016004045C4DAC7F808A0039812F02CFE32
:10E78000204610F038FE0CE7704738B50546009279
:10E790004C88CB888A8808882146FBF74FFC28469E
:10E7A000BDE838400CF0BEBC70B5054611F0C2F9AA
:10E7B0000646286B19F08AFF3168898B884223D27C
:10E7C00095F83C006C6A10F0030105D06420012923
:10E7D00006D0022909D106E0002060F30F0404E00E
:10E7E00060F3174401E060F31F64304611F066FAED
:10E7F000214628460CF04AFB30B100221C21284655
:10E800000FF0A2FD012803D119F066FF2863012053
:10E8100070BD00002DE9F04F99B0074614468A46B6
:10E8200014A80CF044FD4FF4A021384615F04BF825
:10E830009DF85D1060F382018DF85D10A18820883D
:10E84000091A491C09B201EBD1714E103044ADF8E0
:10E850006000608800213044ADF86200384615F051
:10E8600003F98146514602A814F098F814A80A90BA
:10E870004FF400300F902F4803900020049007F1D0
:10E8800030008346FCF70CFF4EE02079032847D187
:10E89000208BADF85000208AADF852006079FD2839
:10E8A00001D9484602E000FB09F0000A8DF85C003F
:10E8B0002568B5F92030E88B18440090D5E9051299
:10E8C000A06812F0F1FC8046B5F92030E88B1844BE
:10E8D0000090D5E90512E06812F0E6FC1FFA88F511
:10E8E000ADF854501FFA80F8ADF85680608B02AA3C
:10E8F0003044ADF8440018A80B901A211394384600
:10E900000FF022FDCDE90058BDF8443018AA14A933
:10E9100050460CF0BCFC02AA1B2138460FF014FD37
:10E9200021465846FCF7B9FE0400AED119B0BDE847
:10E93000F08F0000FCED02082DE9F74FC878A0B079
:10E940000C4602287DD9114601A80AF01EF9B4F937
:10E950002000012829DD94F82200FD2825D32088F5
:10E9600018B394F82300BDF804104008C0F38002E7
:10E970001144ADF80410BDF80610C0F3400008447F
:10E98000ADF8060094F82310BDF808004908C1F35B
:10E99000C001401AADF8080094F82310BDF80A0031
:10E9A000C1F34001401AADF80A00209801A982681D
:10E9B00005A8FCF79FF9002843D0E07B10F007067C
:10E9C00019D0E088ADF80000BDF8000061898842E8
:10E9D00000D1002601A80DF0D3FB07461C210EA88C
:10E9E000F9F72CFCA0788DF85100BDF80000ADF8C7
:10E9F00040001FB105E060680090E5E7208800B99D
:10EA0000EEB3E078FD2800D3FF208346BDF8080070
:10EA1000BDF80410401A401C0FFA80FABDF80A0035
:10EA2000BDF80610401A401C01B289465046CA453E
:10EA300000DB0846B4F90050B5EB600F00DB451071
:10EA400000E043E0BDF81810BDF81400081A401C9F
:10EA50000FFA80F84FF0FF301D9000200790002D36
:10EA600000DC87B1404612F06BFC079000232A4679
:10EA700001A916A80DF0F0FD002116A800E01CE089
:10EA80000DF09EF91D90BDF81400ADF80C00BDF816
:10EA90001800ADF810000798119003A80E9013907D
:10EAA000FF208DF850004A465146A01D0FF082FF0E
:10EAB000040018D0022E0CD015E001A80E90E078CA
:10EAC0008DF850000EA920980EF08CF823B0BDE808
:10EAD000F08FBDF91410A06800EB4100BDF90410DF
:10EAE000A0EB41000F90002F7DD0BDF9165027E01C
:10EAF0002FB2ADF80E70ADF8127042465946079825
:10EB000012F092FDBDF9141043463A4607980DF0F5
:10EB1000F9FA8DF84800012802D102208DF848004A
:10EB2000012E08D1BDF90610A068691A00EB41005A
:10EB30000088ADF840000EA920980EF053F86D1C27
:10EB4000BDF91A00A842D3DAB7E000BFBDF806004D
:10EB5000BDF9161038440FFA80F9BDF80A00C01B41
:10EB60000FFA80FA494503DDBDF91A10514544DB1F
:10EB700042465946079812F057FDBDF90C1043461E
:10EB80004A4607980DF0BEFA8DF84800012802D1D8
:10EB900002208DF84800BDF91610494513DCADF888
:10EBA0000E90ADF81290012E09D1BDF90620A16892
:10EBB000A9EB020001EB40000088ADF840000EA96F
:10EBC00020980EF00FF8BDF91A10514515DBADF87D
:10EBD0000EA0ADF812A0012E0BD1BDF90600A2685F
:10EBE000AAEB000000E009E002EB40000088ADF86D
:10EBF00040000EA920980DF0F5FF7F1CAF42A5DB69
:10EC0000BDF80400ADF87800BDF80800ADF87C0050
:10EC1000BDF806002844ADF87A00BDF80A00401B94
:10EC2000ADF87E001EA80DF0ABFA074630430CD0BD
:10EC300001208DF84800BDF90A008DF850B0A0EB16
:10EC40000509BDF90600054435E0BDF806008DF85C
:10EC500050B02844ADF80E00BDF80A000EA9401BC4
:10EC6000ADF812000020119020980DF0BBFF24E0B9
:10EC70006FB142465946079812F0D6FCBDF9141000
:10EC800043462AB207980DF03DFA8DF84800ADF8DA
:10EC90000E50ADF81250012E08D1BDF90600A16842
:10ECA000281A01EB40000088ADF840000EA920981A
:10ECB0000DF098FF6D1C4D45DADD079808B112F094
:10ECC0008BFB1D98401C05D01D980DF071FD16A8FA
:10ECD0000DF03AFA002C3FF4F9AE20460FF064FE36
:10ECE000F4E62DE9F0410646086992B015460C4657
:10ECF00000287DD0A07E02287AD929460EA8B268C5
:10ED0000FBF7F8FF002873D00EA8D6F80880B06093
:10ED1000206910F0FDFE022806D06946206910F037
:10ED20008BFB012849D0C9E0002741F6FF70CDE9EF
:10ED300000700297D4E904123B4610A81AF00EF8AE
:10ED4000284609F084FF01462A88BDF9400001EBFE
:10ED5000D17102EB610100EBD072A1EB62010844BA
:10ED6000401EADF81000ADF80C10284609F043FF26
:10ED700001466A88BDF9420001EBD17102EB6101E5
:10ED800000EBD072A1EB62010844401EADF8120006
:10ED9000ADF80E1005A80CF05FFF60690590208BA0
:10EDA000ADF82000A07E8DF82E00009703AA05A9DB
:10EDB000304623690CF0B0FC80E005A80CF092FC12
:10EDC000A0788DF82000208BADF81C00E07E8DF837
:10EDD0001E00A07E8DF81F00207F4FF0FF3740B14E
:10EDE00000996888ADF8060007EB515108445DE0D2
:10EDF00066E0284609F02BFF298800EBD07001EB74
:10EE000060000099C1F38A21A0EB5100ADF8040025
:10EE1000284609F0F0FE698800EBD07001EB600134
:10EE20000098A1EB9051C0F38A22ADF80610BDF80E
:10EE30000430521E1A4407EB5050ADF80820084425
:10EE4000ADF80A0001AA05A9304623690CF016FCAA
:10EE500034E000992888C1F38A21ADF80400491EE6
:10EE6000084410E001AA05A9304623690CF006FC0D
:10EE70000098BDF80410C0F38A200144ADF80410D6
:10EE8000BDF808100844ADF80800BDF90400B5F954
:10EE900004108842E6DDBDF80610009801EB5051E1
:10EEA000ADF80610BDF80A1001EB5050ADF80A009D
:10EEB000BDF90600B5F906108842CADDC6F808801B
:10EEC00012B0BDE8F081F0B5074691F8220087B096
:10EED00016460C4602286BD9208C002868D094F87E
:10EEE000230010F03E0F63D0C00761D1B088318895
:10EEF0007288401A401C01B2F088B4F90050801AA0
:10EF0000401C00B2814200DA0846B5EB600F00DD1C
:10EF10004510314604A809F038FE94F82300BDF9E5
:10EF20001020C0F344014807B4F9200001D428445C
:10EF300040421044ADF810000807BDF91420B4F9A0
:10EF4000200001D428444042101AADF8140094F86F
:10EF50002300BDF9121040088007B4F9200001D445
:10EF6000284440420844ADF8120094F82300BDF94B
:10EF700016104008C007B4F9200001D128444042CF
:10EF8000081AADF81600208C281A00B2002800DA02
:10EF90000020A27894F82210CDE90212E18BADF89E
:10EFA000041000902B4604AA3146384600F002F8BF
:10EFB00007B0F0BD2DE9FF4FA9B01D46DDE9387956
:10EFC000DDF8D88016460C46FF2F00D3FF270846F1
:10EFD0000DF0D6F82690284350EA080074D02998FE
:10EFE0002146826808A8FBF785FE002873D0BDF88B
:10EFF0002400BDF82010401A401C00B204901C21CF
:10F000000AA812F043FB049812F09AF90D904FF001
:10F01000FF302490002D0ADD00232A46214615A842
:10F020000DF01AFB002115A80CF0CAFE2490012354
:10F03000424631461BA80DF00FFB00211BA80CF027
:10F04000BFFE259001A80A900F90BDF8DC008DF856
:10F050004070ADF830008DF84190B4F90000229076
:10F06000B6F900304119994200DC1946B4F90400A0
:10F070000FFA81F92190B6F90410421B8A4200DB95
:10F080000A460FFA82F8B4F902E0B6F902200EEB54
:10F0900005009246504500DC1046B4F906B007B2B0
:10F0A000B6F90620ABEB0500904200DB104600B23B
:10F0B0000590A8EB0900401C00B22790D6450DDC56
:10F0C00001200CE000E006E0009732462146379B25
:10F0D000299800F0B8F92DB0BDE8F08F00208246E5
:10F0E000934501DB012000E0002083462698D8B339
:10F0F000BDF82000ADF80400BDF82400ADF808000C
:10F10000BDF9224022E000BFBAF1000F01D1A742B1
:10F110001BDCBBF1000F02D10598A0421ADB25B21F
:10F12000ADF80650ADF80A5004990D9812F0DCFACB
:10F13000BDF920102A46049B0D980CF0E3FF8DF8D2
:10F1400038000AA929980DF04DFD641CBDF9260070
:10F15000A042D9DA1BA80CF0F7FF25980DF028FB88
:10F160002498401C07D000E009E015A80CF0ECFF43
:10F1700024980DF01DFB0D9812F02EF9ABE72298A4
:10F18000984201DC012000E0002013902198884281
:10F1900001DB012100E00021012000901398129171
:10F1A000084000EA0A0010EA0B0F04D02798322822
:10F1B00001DA00200090012000998DF838001AEA49
:10F1C000010F0ED0ADF80490ADF808806088ADF85E
:10F1D000060070880AA9401EADF80A0029980DF0B3
:10F1E00001FD00991BEA010F0ED0ADF80490ADF8B7
:10F1F0000880F0880AA9401CADF80600E088ADF848
:10F200000A0029980DF0EEFC139878B12088ADF82B
:10F2100004003088ADF80670401EADF8080005986F
:10F22000ADF80A000AA929980DF0DCFC129878B113
:10F23000B0880AA9401CADF80400A088ADF8080009
:10F240000598ADF80670ADF80A0029980DF0CAFCD3
:10F250000098C0B1BDF92400BDF92010A9F1010248
:10F26000ADF80410904200DB1046ADF80800401ADB
:10F27000401C05B2002D70DD139850EA0A0066D0DC
:10F28000BDF9224061E0BDF82000ADF80400BDF8F2
:10F290002400ADF80800B6F90200B4F90210401AD3
:10F2A000A84200DB05460FFA85F8002533E06088A8
:10F2B000284406B2E088401B07B2BDF92200B042E4
:10F2C00003DDBDF92600B84224DB04990D9812F045
:10F2D0000BFABDF904103246049B0D980CF012FF96
:10F2E0008DF83800BDF92200B04207DCADF80660A9
:10F2F000ADF80A600AA929980DF074FCBDF9260042
:10F30000B84207DBADF80670ADF80A700AA9299873
:10F310000DF068FC6D1C4545C9DB8DE026B2ADF8EB
:10F320000660ADF80A6029460D9812F0DDF9BDF9C6
:10F3300004102B4632460D980CF0E4FE8DF8380090
:10F340000AA929980DF04EFC641CA742E6DC13982C
:10F3500050EA0B001DD0059C16E01AE026B2ADF86D
:10F360000660ADF80A6029460D9812F0BDF9BDF9A6
:10F3700004102B4632460D980CF0C4FE8DF8380070
:10F380000AA929980DF02EFCBDF92600641CA042A4
:10F39000E4DABDF9200008F10101884200DC0846EA
:10F3A000BDF82410ADF80400081A401C05B2ADF8F1
:10F3B0000810002D40DD129850EA0A001BD0BDF95C
:10F3C000224016E026B2ADF80660ADF80A60294684
:10F3D0000D9812F089F9BDF904102B4632460D98AC
:10F3E0000CF090FE8DF838000AA929980DF0FAFB70
:10F3F000641CA742E6DC129850EA0B001CD0059C66
:10F4000015E026B2ADF80660ADF80A6029460D9801
:10F4100012F06AF9BDF904102B4632460D980CF033
:10F4200071FE8DF838000AA929980DF0DBFBBDF9B3
:10F430002600641CA042E4DA1BA80CF085FE259887
:10F440000DF0B6F98FE62DE9FF478EB00C468246E7
:10F4500015461C2102A81A9E12F018F9CDF808D002
:10F46000BDF84400ADF810008DF82060B4F902003A
:10F47000B5F90210884201DC012700E00027B4F949
:10F480000600B5F90610884201DB012600E00026DF
:10F49000B4F90000B5F90010884201DC012100E058
:10F4A00000218946B4F90410B5F90420914201DB2A
:10F4B000012100E00021ADF80000A088ADF80400B3
:10F4C0006088ADF8020068888846401EADF80600E6
:10F4D0001FB102A950460DF085FBE888401CADF82D
:10F4E0000200E088ADF806001EB102A950460DF0FA
:10F4F00079FB2088ADF800002888401EADF8040094
:10F5000017B1B5F9020001E0B4F90200ADF802004C
:10F5100016B1B5F9060001E0B4F90600ADF8060031
:10F52000B9F1000F03D002A950460DF05BFBA8888B
:10F53000401CADF80000A088ADF80400B8F1000F41
:10F5400003D002A950460DF04DFB12B0BDE8F08784
:10F550002DE9F04F8B46A2F57F4195B091460646C6
:10F56000FF3944D0746A208C8046984204D02384AA
:10F57000608C40F0080060844FF4802A5146204699
:10F5800014F085FC07465146204614F0A7FC0546BA
:10F59000B7F90870304607F07EF8B0F916107A19FE
:10F5A00009FB021105EBD570A1EB6000ADF8060078
:10F5B00038446D1E2844ADF80A00706A818AADF89F
:10F5C0000410008BADF8080006A80DF015F906AA86
:10F5D0005146204614F03DFF01AA06A958460DF0F9
:10F5E000F7F8A4F82080608C20F00800608415B043
:10F5F000BDE8F08F2DE9F0430E46A2F57F4191B0B2
:10F6000090460546FF3956D06C6A278C9F4204D03D
:10F610002384608C40F00800608406A80CF01CFB7A
:10F620004FF4802906AA4946204614F066FE494652
:10F63000204614F053FCADF82A00284607F02BF8BA
:10F64000050038D00698B5F91620B0F90810BDF9B4
:10F650002A0000EB010C08FB0C2200EBD073A2EB9C
:10F6600063021044491EADF80A200844ADF80E00AC
:10F67000A08AADF80800208BADF80C0002AA0EA8F5
:10F68000B168FBF737FB88B10EA8D6F80880B060E8
:10F69000284610F088FF03460020009005F1140270
:10F6A00006A930460CF038F8C6F808802784608C2C
:10F6B00020F00800608411B0BDE8F0832DE9F0412E
:10F6C0002E4D074668680BF047FD04463868C66B48
:10F6D000716B09B13046884768680068B0F900105E
:10F6E000B0F902004143E068814201D1012000E00D
:10F6F0000020216859B1616849B128B107E0686804
:10F700000068816A01B1884720690028F7D101208B
:10F71000206169680968C9688A69D20702D0896965
:10F72000890700D400206061606908B1012500E00C
:10F7300000253868416971B1016911F0300F06D0B8
:10F74000490704D5D6E9001000F01AF803E0D6E91D
:10F750000021FEF763F9206800280BD061680029BA
:10F7600008D03A68127CAA43D20703D1A268824229
:10F7700002D1A160BDE8F081A060FBE7A4000020F9
:10F780002DE9F34F05468A4893B041680E68306909
:10F79000820701D542076ED4C0F3011002281ED0A3
:10F7A000012801D0032866D100200F9008460BF0F5
:10F7B000D3FC8346A988B5F90000EA88091A491CD8
:10F7C0000CB2B5F90210521A521C17B24FF4A052E3
:10F7D000B2FBF4F3BB420FDAB2FBF4F20DE02946C0
:10F7E0003046149A00F0F0F8149A15B029463046C5
:10F7F000BDE8F04FFEF712B93A460C920791317C02
:10F80000C1F30111012905D06880611E0844E88018
:10F810000020BDE07188081A401EE880001B401CD3
:10F820006880F5E70C99A7EB0A00884200DD0846DE
:10F8300000B201900120CBF81000BAF1000F20D1E6
:10F84000A7421EDB0194307CC0F30110032810D0C6
:10F8500000202146149A00F0ECF8307CC0F301102F
:10F86000012809D031880798081A401EA880001B7B
:10F8700056E00120EDE797E007982880079820449C
:10F8800066E00F9820B94FF4205011F059FD0F9009
:10F89000307CC0F3011003281BD000208646DDF821
:10F8A00050C001990F980A9004FB01F0401E0D9082
:10F8B000601E48430E9000208146884222DA0E9A4C
:10F8C000BEF1000F02EB090001D00D9A101A0022C0
:10F8D00012E00120E2E70A9BBEF1000F03EB4008B3
:10F8E00063460CF1020C1B88A8F8003001D00844D4
:10F8F00000E0401A521C12B2A242ECDB09F10100F6
:10F9000000B2D9E7307CC0F3011001281BD0318848
:10F910000798091AA1EB0A00401EA8800199401A15
:10F92000401C288001990AEB0108B84513DBDBF87D
:10F930001800C0070FD0DBF8180080070BD5012096
:10F94000CBF814000AE00798504428800199084435
:10F95000401EA880E6E70021CBF814100F9828B1CC
:10F96000024629463046FEF759F805E0149AF8E7B2
:10F97000B16A09B130468847DBF810000028F7D19A
:10F9800001981499604301EB400014900FFA88F03D
:10F990008246B842FFF646AF0F98002804D015B053
:10F9A000BDE8F04F11F018BD15B0BDE8F08F0000B4
:10F9B000A400002030B504880D88058010880880D8
:10F9C000188810801C8030BDF8B58B880C884D8855
:10F9D0001B1BCC885B1C641B641C1BB224B26343DE
:10F9E00000245B1E0EE000BF02EB430602EB44075F
:10F9F0003588ADF80050B7F800C0A6F800C05B1E0F
:10FA00003D80641CA342EFD843884C88CA881B1BE6
:10FA10005B1ECB8043889A1A521E4A8003880C884A
:10FA20008A881B1B5B1E8B800088801A401E088002
:10FA3000F8BD2DE9F0470C4617468246002601EB3B
:10FA4000D47931E00025601C00EBD07827E0A01BC2
:10FA5000401E01B2601B401E00B2BAF1000F0AD076
:10FA600005FB041201FB040107EB420300FB0460E9
:10FA700007EB410209E000FB046201FB040007EB15
:10FA8000420307EB400205FB041007EB400106FBB5
:10FA9000045007EB4000FFF78DFF6D1C2DB2B5EB56
:10FAA000680FD4DB761C36B2B6EB690FCADBBDE853
:10FAB000F08700002DE9F047A2B005460EF040FCAB
:10FAC000044628460EF004FC8246606A10F06BFD86
:10FAD000054694F85400C00777D004A80CF08CFEBB
:10FAE0004FF4E02904AA4946204614F0B2FC04F180
:10FAF000480101A809F076F8606ABDF80410828A0E
:10FB00001144ADF80410BDF80610C08A01AA0844DB
:10FB1000ADF80600606ABDF80810808A0844ADF8A8
:10FB20000800606ABDF80A10C08A0844ADF80A00EF
:10FB300004A950460CF04CFE4946204613F040FF05
:10FB400006464946204614F06DF887194946204676
:10FB500014F00AF94FF000081D490644CDF87480EE
:10FB6000CDF87880206D0968284488470246206DCA
:10FB700041191DA811F0B8FCBDF804005522384405
:10FB8000ADF80400BDF8060041463044ADF806006B
:10FB9000606A14F0EFF8054612A80CF05DF812AA9E
:10FBA0004946204614F0A9FB9DF81300022804D80A
:10FBB000BDF85400A9B2884207D01DAB01AA12A912
:10FBC0005046CDF800800BF0A7FD22B0BDE8F087CD
:10FBD000580200202DE9F04FC3B0054630300E46E4
:10FBE0002690FBF7D6FD00287DD105F1140241A82F
:10FBF000B168FBF77FF8002875D041A8D6F808A0B7
:10FC0000B0603CA80CF0B9F84FF4E0243CAA2146BF
:10FC1000284614F0C1FB2CA80CF0EEFD9DF8F8006E
:10FC20008DF8B30047F6FF70ADF8B00021462846C6
:10FC300014F09CF900EBD07047102146284614F0D0
:10FC400095F900EBD0704FEA600B3146684612F030
:10FC5000A5FE29A8069018A80490644801900520E4
:10FC60000D9402902698FBF71BFDB6E00A223CA9F2
:10FC700029A811F039FC38222CA918A811F034FC5D
:10FC8000E088ADF8A400E088ADF8640012A80990FF
:10FC90003FA80A90607BC00704D0B4F90000B4F913
:10FCA00002100FE0B4F90410A1F5FE40FF3875D042
:10FCB000A2883AAB2846A1680AF0ECF8BDF9E80042
:10FCC000BDF9EA10AA8A10440FFA80F8E88A0844BD
:10FCD0000FFA80F9C7B1BBF1000F15D00120409099
:10FCE000A8EB070000E07DE0ADF89C0008EB070002
:10FCF000ADF8A000A9EB0B00ADF89E0009EB0B00DE
:10FD0000ADF8A20027A801E0002040900390207BDE
:10FD100081072CD0C00702D0B5F9140000E040469E
:10FD2000ADF84800ADF84A90217B4846890702D5D6
:10FD3000B5F9181000E04146ADF8FC10ADF8FE0032
:10FD40006A461A2128460EF0FFFA3FAB12AA29A9EB
:10FD500030460CF005F8409820B127AA18A9304683
:10FD60000CF036FD6A461B2128460EF0EDFA217B89
:10FD700011F00C0F2DD04046ADF84880490702D550
:10FD8000B5F9161000E04946ADF84A10ADF8FC0090
:10FD9000207B000703D5B5F91A0001E019E04846B9
:10FDA000ADF8FE006A461A2128460EF0CDFA3FABA8
:10FDB00012AA29A930460BF0D3FF409820B127AAF8
:10FDC00018A930460CF004FD6A461B2128460EF0A7
:10FDD000BBFA21462698FBF760FC04007FF446AF8F
:10FDE000C6F808A043B0BDE8F08F0000C4E80208E0
:10FDF0002DE9F04F9FB005460EF0A2FA04462846C2
:10FE00000EF066FA1C90204614F07BF90546204659
:10FE100013F057F80146A08A05EBD57200EB62009B
:10FE20000FFA80FBE08A01EBD17100EB61000FFA61
:10FE300080FA4FEA620806A80BF09FFF06AA00218D
:10FE4000204614F0A9FA4FF41D7008FB00F142F2AD
:10FE5000341091FBF0F0801CADF81A0000263146FA
:10FE6000204613F038FD054647F6FF7900234A4641
:10FE700004F114010AA80CF0EFFB00210AA80BF012
:10FE80009FFF1B90A78AE28AADF80E20218BADF868
:10FE90001010638B7819ADF80C00481BADF81000FA
:10FEA0005019ADF80E00581BADF8120001234A4658
:10FEB00003A910A80CF0D0FB002110A80BF080FFC4
:10FEC0001D90BDF91A20A8EB05000027A0EB020940
:10FED000904439462046FCF7D1FD0990BDF8240036
:10FEE000ADF81800300A00B2054618F073FE00FBAA
:10FEF00008F00BEBE030ADF85800284618F062FE31
:10FF000000FB08F00AEBE030ADF85A00284618F084
:10FF100061FE00FB09F00BEBE030ADF85C00284619
:10FF200018F050FE00FB09F00AEBE030ADF85E007F
:10FF300017AB16AA06A91C980BF012FFFF1CBFB244
:10FF400006F58766B7F5807FC3D90AA80CF0FCF8E0
:10FF500010A80CF0F9F81B980CF02AFC1D980CF076
:10FF600027FC1FB0BDE8F08F2DE9F04F88468A6866
:10FF7000A7B0044600F1140124A8FAF7BBFE00283C
:10FF80007ED0D8F808001F9024A9C8F808100021D6
:10FF9000204613F003FD05460021204613F00CFE19
:10FFA000284400B220900021204613F0A1FE2844EE
:10FFB00005B2204612F032FFB4F88410484340F3F3
:10FFC0000F201B90204612F00FFFB4F88610484314
:10FFD00040F30F201D9018A80BF0CFFE18AA0021A7
:10FFE000204614F0D9F94146684612F0D7FC0026A5
:10FFF00018A80690701E0E90DFF8C8A10D96CDE9E6
:020000040801F1
:1000000001A609966A461A2120460A960EF09CF926
:1000100020463122314613F0ADFE00F0FF090021E9
:10002000204613F0BBFC834620463322314613F0B2
:10003000A1FEC6B2204613F00BF82390204613F021
:10004000D3F8B4F87E10E9B3E18A2944081A00B263
:100050001E90A08AADF84C00208BADF85C00002506
:10006000B4F97E70B9F1020F3FD9BBF1000F3CDD4E
:10007000B00707D50021204613F03AFE10B900E082
:100080009CE00125F00730D00021204613F034FD1C
:1000900058BB7F1E3FB228E01D98B4F87E1068431D
:1000A000491E90FBF1F01E996A460844ADF84E00D7
:1000B000ADF85E000120CDE901A013A8099017A8B2
:1000C0001A2100E013E00A900E9520460EF03CF94C
:1000D00017AB13AA18A940460BF042FE6A461B2133
:1000E00020460EF031F96D1C2DB2BD42D4DBB4F8C0
:1000F000800070B3A18A2098002701442398081A31
:1001000000B21C90E08AADF84E00608BADF85E0046
:10011000B4F98050B9F1020F13D9BBF1000F10DD13
:10012000700705D50021204613F046FD00B90127D0
:10013000300706D50021204613F086FD08B96D1E54
:100140002DB256460DF14C0B0DF15C094FF0020A31
:1001500024E025E01B98B4F880107843491E90FBFA
:10016000F1F01C996A460844ADF84C00ADF85C000B
:100170000E97CDE9016ACDE909B91A2120460EF0A2
:10018000E3F817AB13AA18A940460BF0E9FD6A463D
:100190001B2120460EF0D8F87F1C3FB2AF42D9DBBE
:1001A0004FF0FF300E90002009900A906A461B2104
:1001B00020460EF0C9F81F98C8F8080027B0BDE81F
:1001C000F08F0000C4E802082DE9F04F9BB0834691
:1001D0000EF078F8064658460EF0B2F80446122E95
:1001E0007ED0152E01D0182E7BD113F08AFF0490FB
:1001F000204612F066FE039020460021322213F0C2
:10020000B9FD054620460021122213F0B3FD284413
:100210000FFA80F820460021132213F0ABFD28448A
:100220000FFA80FA20460021102213F0A3FD284483
:1002300007B220460021112213F09CFD2844618E54
:100240000FFA80F901EB0800ADF86000A08E384489
:10025000ADF8620094F8390000F0030001287DD069
:1002600018A9E08ECDE90001DDE90321B4F93030B1
:1002700005A8FBF785F8BDF81410A08A0844ADF86E
:100280001400BDF81610E08A0844ADF81600BDF859
:100290001810A08A0844ADF81800BDF81A10E08ABA
:1002A0000844ADF81A0000BF04F114010D4619A866
:1002B0000C9108F085FC05A9284608F081FC5946F8
:1002C000D24812F017FD012861D119A90C9808F045
:1002D00077FC152E5BD1E08D002858D0A08D01E071
:1002E00058E054E0002852D0E08E00284FD0584605
:1002F0000DF0EEFF064603A80C9908F061FC2046BD
:100300000FF044FA054694F8390000F00300012884
:100310007DD0BDF81800BDF81410401ABDF80C10BF
:100320000844ADF81000BDF81A00BDF81610401AC8
:10033000BDF80E1000EB0100BDF80C10ADF8120076
:1003400001EB0800ADF80C00BDF80E00BDF8101070
:100350003844ADF80E00A1EB0A0000E07FE0ADF8F4
:100360001000BDF81210A1EB0900ADF8120094F8CE
:10037000381001F0030001286FD089076DD00228E2
:100380006CD00023194630460C9A0BF077F91BB05D
:10039000BDE8F08F58460DF0D1FF054600780228E1
:1003A000F5D094F838004FF00106C14389074ED0CC
:1003B00000F0030102294AD0C0F38400042801D0D0
:1003C000012844D120460021462213F0D3FCC0B2BC
:1003D000FF283CD1208ED0BB58460DF0AFFF07461A
:1003E000E08EB0F5807F34D0204612F06AFD804662
:1003F000204613F086FE014604F13202E08ECDE97C
:1004000000020023424603A8FAF7BAFF00E02BE0FF
:10041000BDF80C00A18A00220844ADF80C00BDF81C
:100420000E00E18A0844ADF80E00BDF81000A18A64
:100430000844ADF81000BDF81200E18A0844ADF898
:10044000120003A93846FAF77DFC00289FD12E70D0
:100450009DE7002204F11401F4E730E0C5E005A9AE
:10046000204612F0F5FC1FE7B4F92C0029B2401A1F
:10047000BDF80C10401C00EBD070A1EB6001ADF892
:100480000C10BDF81010BDF80E20A1EB6000ADF807
:100490001000B4F92E002914401A401C00EBD07053
:1004A000A2EB6000ADF80E00B4F92E00401ABDF8C2
:1004B0001210401C00EBD070A1EB60003CE70FA8CD
:1004C0000BF010F90FAA0021204613F0C4FEE08EB5
:1004D000ADF83E00208EADF83C00608EADF84000D7
:1004E000A08EADF8420094F8380016AAC0098DF825
:1004F0005000BDF8141001EB0800ADF85800BDF82D
:100500001600BDF818103844ADF85A00A1EB0A00E7
:10051000BDF81A10ADF85C00A1EB0900ADF85E0063
:10052000B16810460F46FAF7E5FB002890D016A8F0
:10053000B060B4F92800B4F92C1090FBF1F201FB83
:100540001208B4F92A00B4F92E1090FBF1F201FB65
:100550001200BDF90E10084400B2ADF80200884246
:1005600003DDE18D401AADF80200E18D80B2084450
:10057000401E30E0BDF90C1001EB080000B2ADF8F0
:100580000000884203DDA18D401AADF80000A18D66
:1005900080B20844401E0DE06A460FA93046636AE7
:1005A0000BF06CF8BDF800002844ADF80000BDF871
:1005B00004002844ADF80400BDF90000BDF9101096
:1005C0008842E9DBBDF8021028140144ADF802109E
:1005D000BDF806100844ADF80600BDF90200BDF9EB
:1005E00012108842C6DBB760D1E60DA80BF034FBD1
:1005F0000DAA0021204613F080FE00200090636ABF
:100600000DA930460C9A0BF087F8C0E6ECA9040857
:100610002DE9F04FD3B005460DF092FE0446284672
:100620000DF056FE4F9010A9204612F011FC00214B
:100630006922204613F09EFB054600216A222046CF
:1006400013F098FBBDF84010BDF84420491BADF8ED
:1006500040102A44BDF84230ADF844201B1ABDF8C2
:100660004650511A2844ADF84600C01A401C0FFAF3
:1006700080FAADF84230D4E90A02491C0FFA81FB36
:10068000A2EB0008D34501DB012100E000218946EF
:1006900000213E9194F85C1001F00301012908D17A
:1006A000002806DA002A04DD216B814201D10120F5
:1006B0003E900021204613F091FA2190002120461F
:1006C00013F0D4FA36900021204613F023FB20903B
:1006D0000021204613F022FA359004F1340010A9CD
:1006E000139008F05BFAA18E21980844A086218F10
:1006F0003698081A2087E18E20980144E186618FA0
:100700003598081A00B26087B9F1000F11D0E18E58
:10071000401A401C00B204281DDAE18A0AEBDA72A2
:100720006FF0010000EB62000844E086001D608766
:1007300011E0218FA08E081A401C00B204280ADAAA
:10074000A18A0BEBDB726FF0010000EB6200084442
:10075000A086001D2087218FA08E081A401C00B2A1
:100760001890618FE08E081A401C00B22290B9F1F7
:10077000000F05D004F13805DC48189F139E04E0F3
:1007800004F13606DA48229F351D3A90A36D581CB5
:1007900014D0216DA06A626D091A101A794378434A
:1007A00091FBF8F190FBF8F009B200B2401A5843FF
:1007B000C21700EB126001EB202005E0216BA06A5C
:1007C000081A784390FBF8F000B21690A26C501C07
:1007D00014D0216CA06A636C091A181A7943784303
:1007E00091FBF8F190FBF8F009B200B2401A5043C7
:1007F000C21700EB126001EB202005E0D4E90910DC
:10080000081A784390FBF8F000B23F902046002190
:10081000162213F0AFFAC0B2B9F1000F28D00128A8
:100820000AD130462E4605463F98404200B23F90DE
:100830001698404200B2169031883F9808442880AC
:1008400031881698084430803E9888B3A06A4042A8
:10085000784390FBF8F000B2B9F1000F15D0318861
:100860000844B5F9001000B281420BDD308039E058
:1008700029883F98081A401C308029881698081A41
:100880002880E1E7318028802CE02988081A401C64
:10089000B6F9001000B2814201DD288001E0298014
:1008A0003080B5F90010B6F900008142EADB19E0AA
:1008B000FFE73A9913988847012813DC35A84F9928
:1008C00012F06CF84FF4003042908A4836900020C5
:1008D00037901398389035AA1A2120460DF034FD30
:1008E00035AAFBE050A8139908F058F968460BF0B8
:1008F00083FF4FF400356A462946204613F0A9FDD0
:1009000023A84F9912F04AF84FF000087948CDE932
:1009100024083095CDF89CD013982690454623AAFC
:100920001A2120460DF010FD20460B22294613F017
:1009300021FA05B258465146D34500DB0846B5EBCF
:10094000600F00DD4510229A1899BDF90000914210
:1009500000DB1146B0EB610F00DD4810B9F1000F6C
:1009600002D0228FA18E01E0628FE18E511A491CC4
:1009700009B2B1EB400F18DD9DF8220012909DF8EE
:1009800003709DF81A608DF803808DF81A808DF839
:1009900022806946139A4F980BF01AFF12988DF82F
:1009A00003708DF81A608DF82200A18A2198002327
:1009B0000844ADF83401218B36982A46081AADF860
:1009C0003801E18A20980844ADF83601618B3598EA
:1009D000081AADF83A014DA947A80BF03DFE0021D9
:1009E00047A80BF0EDF917909DF822608DF8228052
:1009F00045468DF8368010A90EA808F0CFF8BDF84E
:100A000038102198084400B2ADF83800BDF83A20FB
:100A1000209911440BB2ADF83A30BDF83C2036991C
:100A2000511A0AB2ADF83C20BDF83E703599791ADA
:100A300009B2ADF83E10B9F1000F12D0C81A401C2F
:100A400000B204281FDAE18A0AEBDA726FF00100C3
:100A500000EB62000844ADF83A00001DADF83E001E
:100A600011E0101A401C00B204280CDAA18A0BEB2A
:100A7000DB726FF0010000EB62000844ADF8380053
:100A8000001DADF83C00BDF90020002319A8139902
:100A90000BF0E2FD002119A80BF092F907460EAA0F
:100AA00069464F980BF094FE8DF822608DF8035044
:100AB0008DF81A508DF836506946139A4F980BF0FE
:100AC00087FE19A80BF040FB47A80BF03DFB38460A
:100AD0000BF06EFE17980BF06BFE23AA1B2120462D
:100AE0000DF032FC53B0BDE8F08F0000678C0108B8
:100AF0000F8C010844A904082DE9F047B8B0054659
:100B00000DF01EFC044628460DF0E2FB8246002153
:100B1000204612F00AFF01280CD00027204606F0DC
:100B200063FD054694F85C00002600F003000128F0
:100B300002D008E00127F1E7A06A002803DAE06AA2
:100B4000002800DD012620468DB112F0BAF980465A
:100B500026B1606A002801DAA08E05E017B1B4F969
:100B6000340001E0B4F93800ADF894000BE013F064
:100B7000C8FA804626B1606A002801DA608F00E07A
:100B8000E08EADF8960012A80BF036FE4FF440361A
:100B900012AA3146204613F05CFC2B46424625A99A
:100BA000204619F0D4F804F1680025A9814608F020
:100BB00010F85146684611F0F1FE2F4801900020D0
:100BC0000290CDE90D6012AECDE90396204616F0F5
:100BD0001EF8022806D06A461A2120460DF0B4FB02
:100BE0004A463CE0382212A927A810F07DFC6A464C
:100BF0001A2120460DF0A8FB4A4612A950460BF0D8
:100C0000E7FD6A461B2120460DF09EFB45B127B14A
:100C1000B4F93800ADF8940005E0B4F93400F9E710
:100C2000608FADF896002B46424625A9204619F064
:100C30008EF804F1600025A9054607F0CAFF3822A6
:100C400027A912A810F050FC02A9012081E8610038
:100C50000E906A461A2120460DF076FB2A4612A90C
:100C600050460BF0B5FD6A461B2120460DF06CFB8B
:100C700038B0BDE8F087000078AA04082DE9F043F9
:100C80008FB004460DF05CFB054612F05BF9074699
:100C900003A80AF0E1FF03AA0021384613F02DFB58
:100CA00028460FF07BFC28B19DF8290040F0010098
:100CB0008DF8290020460DF00BFB816804460E4696
:100CC00007F114020DA8FAF715F8002850D00DA866
:100CD000A0600BA9384605F089FFA88AADF804008A
:100CE000E88AADF80600288BADF80800BDF82E00A4
:100CF000ADF80A0001AA1046A168F9F7FBFF4FF012
:100D000000090DF1040878B1A7682846C4F80880E6
:100D10000FF049FC034605F1140203A92046CDF863
:100D200000900AF0F9FCA760A88AADF80400BDF8AD
:100D30003200ADF80600288BADF80800688BADF8DE
:100D40000A0001AA1046A168F9F7D4FF78B1A76894
:100D50002846C4F808800FF026FC034605F114026B
:100D600003A92046CDF800900AF0D6FCA760A66043
:100D70000FB0BDE8F08300002DE9FF4F9FB0987BD6
:100D80008A7E00F00F04DDF8B0E00E46032C18D088
:100D9000012C1DD0022C21D0042C13D0082C7DD185
:100DA000A34D4FF0FF0A6101FD2A2FD2A14F3878E1
:100DB000904202D17868A04225D00020DFF87882E6
:100DC0001FE004249A4D4FF0F00A103D1021EBE78C
:100DD000974D4FF0800A163D0221E5E7944D4FF004
:100DE000C00A143D0421DFE715F800C0BCF1FF0F75
:100DF0001DD00CFB02FC4FEA1C2C00BF08F800C001
:100E0000401C8842F0D38C4D3A707C602199B3F835
:100E1000068018890790B1F900201F9908FB04F09B
:100E20008968B1F900309A4203DB002302E094465E
:100E3000E4E79B1A9B46B1F9043002EB08079F4296
:100E400001DC424601E09A1A521C9146219AB1F9FE
:100E50000230B2F902209A4201DB002300E09B1A23
:100E60001193079BB1F9061013448B4201DC0799DB
:100E700001E0891A491C0A91119941430BFB0410A6
:100E80000EEBD00100F007072C911C2115A810F0E3
:100E9000FDFBB089ADF85C00B07E00E0C4E08DF8E9
:100EA0006C00B07FC0F3C2008DF86D00FAF7A4FEAD
:100EB0000AF056F9079A08FB02F1814200DC084665
:100EC0001C9010F03DFA0790189021980026008899
:100ED00000EB0B02ADF80C2021980188A9F101006C
:100EE00001442198ADF810104388119818448B1ACA
:100EF000ADF81200ADF80E00ADF83810ADF83420A2
:100F00000A99ADF836005B1C08441BB2ADF83A00F4
:100F10000B930DA80BF034F91D9003A815901A90AF
:100F2000C4F1080008EB0B010F90A1EB090060432E
:100F30001290119860E033462AFA07F059464FF0B4
:100F4000000C1FE02C9ADDF83C801278A8EB070813
:100F5000024032FA08F205D015F80280079A02F82A
:100F6000068002E0079A02F806C00F9A974202D262
:100F70002744E04004E02C9A0027521C50462C9253
:100F8000491C761C4945DDDB1D9880B10798BDF9E9
:100F900012201844BDF90C1080460B9B0BF0B2F8E0
:100FA0008DF8640018B940460B9910F06FFBA9EB5F
:100FB0000B0081191C98814205D2BDF81200401C1B
:100FC000ADF812000EE002208DF8640015A91F98FC
:100FD0000BF008FEBDF81200401CADF80E00ADF895
:100FE0001200002612982C99384401EBD00100F031
:100FF000070701982C91401C014601900A988142F4
:1010000099DBBDF90E10BDF91200814209D0401ED6
:10101000ADF8120002208DF8640015A91F980BF09E
:10102000E1FD079810F0D8F923B0BDE8F08F00007B
:101030002EE70208C0000020382A00202DE9F04FDA
:101040008346B1F902000C46401E411000F0010039
:101050004618B2F90050B3F9000089B0854200DAB1
:101060002846ADF80000B2F90000B3F9003098420C
:1010700000DC1846401EADF804005088801BADF817
:10108000020050880844ADF8060069460846DBF8BF
:101090000820F9F72FFE00281FD0E08818B1A0889B
:1010A00008B1012700E00027012568460BF068F829
:1010B00000B907B100251C2102A810F0E7FACDF80D
:1010C00008D02088ADF81000207A6E468DF82000F8
:1010D00035B102A958460BF085FD09B0BDE8F08F87
:1010E000BDF80410BDF90000BDF90680091A491CBD
:1010F0000DB2BDF80210ADF806104FF0000A47B16E
:10110000B4F90610B4F90420114490FBF1F201FB8C
:10111000120A284610F014F9079605908146BDF989
:1011200002603EE02946484610F0DEFABDF90010A4
:101130002B4632B248460AF0E5FF8DF818000FB38F
:1011400000B3002150460B4617E000BFB4F904205D
:10115000824205DB121A1144104409B200B208E0C1
:10116000B4F906C06244824201DC002001E009F8C3
:101170000130491C401C09B200B2A942E6DB022042
:101180008DF8180002A958460BF02CFDBDF802009E
:10119000401CADF80200BDF80600401CADF806008A
:1011A000761C4645BEDD484610F016F995E700006E
:1011B0002DE9FF4FB2F90250B3F90240C5B0A54284
:1011C00008DA128865F31F4062F30F0064F31F41D1
:1011D0001A8807E01B8864F31F40128865F31F41DB
:1011E00063F30F0062F30F010FFA81F904B20514E3
:1011F000A9EB04064FEA214AAAEB05070391002E4A
:1012000001DD314600E07142002F01DD384600E08B
:101210007842814201DD012000E0002015904698CF
:10122000B0F90210159858B1002F01DD384600E0E2
:1012300078424201002E01DD30460CE070420AE0A7
:10124000002E01DD304600E070424201002F01DD3A
:10125000384600E0784292FBF0F0AA4A105C48431E
:101260003F30C0114FEA600800F0010202EB080BAA
:1012700049464C4500DA2146A1EB0001ADF8581073
:1012800001DD214600E049460144ADF85C105146BD
:10129000554500DA2946A1EB0001ADF85A1001DDF1
:1012A000294600E051460844ADF85E00459816A96D
:1012B00082680846F9F71EFD00287DD015980021A8
:1012C00000287AD0002E16DDAAEB080000B2CDE986
:1012D0000001A5EB080002B24B46214620A80AF007
:1012E000F3FF0AEB0B00012100B2CDE900014B46F0
:1012F00005EB0B0015E00AEB0B0000B2CDE9000195
:1013000005EB0B0002B24B46214620A80AF0DCFF99
:10131000AAEB0800012100B2CDE900014B46A5EB84
:10132000080002B221460AA80AF0CEFF002120A838
:101330000AF046FD189000210AA80AF041FD159018
:1013400046984FF0FF39C846407AC00623D4A81902
:10135000032100B2CDE90001E01B03B22A46214679
:101360002BA80AF0B1FF039902200A14911909B2BF
:10137000CDE90010039801B2C81B03B236A80AF0E9
:10138000A3FF00212BA80AF01BFD8146002136A8EF
:101390000AF016FD8046BDF85C00BDF85810401AF2
:1013A000401C04B2FAF728FC09F0DAFE054616A83C
:1013B00007F033FCA84201E0A1E004E01AD216A82D
:1013C00007F02BFC17E009EB0B00CDE900A103B2FD
:1013D00004EB0B0001B22A4620A80AF075FF012198
:1013E000A9EB0800CDE900A103B2A4EB080001B20B
:1013F0002A4698E7284682460FF0A2FF8346BDF9A9
:101400005E70BDF85A00ADF85E00002551465846A2
:1014100010F06AF91C2119A810F038F916A91991D1
:1014200046980088ADF86C004698BDF95A60007A7D
:101430008DF87C00CDF870B01E912DE0BDF95810EC
:101440000BEB0500234632B207900AF05BFE8DF8E5
:10145000740018B92146079810F018F92544291985
:10146000514505D2BDF85E00401CADF85E0012E0AB
:1014700002208DF8740019A945980BF0B3FBBDF854
:101480005E000025401CADF85A00ADF85E005146E4
:10149000584610F029F9761CBE42CFDDBDF95A102E
:1014A000BDF95E00814209D0401EADF85E00022009
:1014B0008DF8740019A945980BF094FB58460FF06D
:1014C0008BFF20A80AF040FE0AA80AF03DFEB9F101
:1014D000FF3F02D02BA80AF037FEB8F1FF3F02D041
:1014E00036A80AF031FE18980BF062F915980BF047
:1014F0005FF948460BF05CF940460BF059F949B0EA
:10150000BDE8F08F2EE802082DE9F04F8346B1F9CF
:1015100002000C46401E411000F00100158889B001
:101520000844281AADF8000010880844ADF80400FB
:10153000B2F90210B3F90200814200DA0846ADF8B0
:101540000200B2F90200B3F90210884200DC08463A
:10155000401EADF8060069460846DBF80820F9F79A
:10156000C9FB00281FD0E08818B1A08808B1012667
:1015700000E00026012768460AF002FE00B906B125
:1015800000271C2102A810F081F8CDF808D020888F
:10159000ADF81000207A6D468DF8200037B102A911
:1015A00058460BF01FFB09B0BDE8F08FBDF80400F2
:1015B000BDF80010BDF90670401A401C0FFA80F902
:1015C000BDF80200ADF8060048460FF0B9FE8246AD
:1015D00005900795002056B1B4F90600B4F904103F
:1015E0000844BDF9021091FBF0F200FB1210804696
:1015F000BDF9025031E04946504610F075F8BDF98A
:1016000000104B462AB250460AF07CFD8DF81800B7
:10161000A6B178B1B4F90410414502DA00208DF882
:101620001800B4F90600B4F904100144414501DC86
:101630004FF0000808F101000FFA80F802A958469F
:101640000BF0D0FABDF80200401CADF80200BDF866
:101650000600401CADF806006D1CBD42CBDD5046B7
:101660000FF0BAFE9FE77CB505460CF069FE446AB0
:1016700028460CF02DFE626A0546816868461432E1
:10168000F9F738FB002835D0AE68C5F808D094F8D3
:101690003C00800621D5628FE08E824208D1212352
:1016A00029462046FDF754FF2046628F21231DE086
:1016B000202329462046FDF74BFF2046628F20233A
:1016C0002946FDF797FF2046E28E01232946FDF7C4
:1016D0003FFF2046E28E012308E02046628F202350
:1016E0002946FDF735FF628F204620232946FDF766
:1016F00081FFAE607CBD00002DE9F04FD5B00546FE
:101700000CF01EFE0446008E00287DD028460CF00A
:10171000DFFD4F90608C49A940F0080060842046AE
:1017200011F096FB0025278C2584608CA94640F09B
:1017300008012E46C846618433A80BF05DF841A825
:101740000AF08AFA4FF4A02A33AA5146204612F032
:1017500080FE41AA5146204612F0CFFD608C002148
:1017600020F0080060842046278412F0D9FA5390B4
:101770000021204612F0D8F952900021204612F0A4
:1017800033FA51900021204612F076FA509020A8AA
:101790004F9911F003F9B548CDF8B4A0CDE921086F
:1017A00012A824900AA8259054E1761CB6B2606A6B
:1017B000AFA150F82600F6F753FD0028F5D0E06AF7
:1017C00030F81500C0F30011002974D18846C0F329
:1017D000002109B14FF00108C0F3801010B148F0AA
:1017E000800014E0A08EA84212D1B80601D548F0BE
:1017F0002008B80701D548F00208780701D548F05D
:101800000408380704D500E02CE148F008008046C1
:10181000A06A00EBC50103A807F0C9F9BDF80C10D8
:10182000BDF82401B8F1000F0144ADF80C10BDF86B
:101830000E20BDF826110A44ADF80E20BDF8102088
:101840001044ADF81000BDF812000844ADF81200C5
:1018500026D0A4F82080608C40F00801618412A892
:101860000AF0CAFF0AA80AF0F7F912AA5146204660
:1018700012F0EFFD0AAA5146204612F03EFD2784E1
:10188000608C20F008016184E06A30F81500C0F334
:10189000C02000289DF845000ED040F001000DE06A
:1018A000382233A912A80FF01FFE202241A90AA84E
:1018B0000FF01AFEE8E7C9E020F001008DF84500BE
:1018C00003A8239020AA1A212E9520460CF03CFD57
:1018D0009DF86B004108C9063CD520F03E001E3043
:1018E0008DF86B00B4F914305199BDF90C201944EE
:1018F0008A4203D120F008008DF86B00B4F918205B
:101900005098BDF91010101A814205D19DF86B0056
:1019100020F010008DF86B00B4F916205398BDF933
:101920000E101044814205D19DF86B0020F0040098
:101930008DF86B00B4F91A205298BDF91210101AE4
:10194000814207D19DF86B008108490061F3450091
:101950008DF86B00BDF81210BDF90E00091A491C74
:101960000FFA81FB5FEA886108D5E16A31F815104A
:10197000490503D5A0EB0B00ADF80E0003AA12A990
:101980004F980AF025FF606ABDF93C30BDF93A1066
:1019900050F826000890BDF82801BDF824C10A9A25
:1019A000A0EB0C00401C00B2CDE900109DF845C032
:1019B000CDF808C054A8089917F0D0F9BDF8101058
:1019C000BDF80C00BDF95031091A491C09B2C91AF9
:1019D00001EBD17100EB6100ADF80C00BDF8121005
:1019E000BDF80EC0BDF95221A1EB0C01491C09B292
:1019F000891A01EBD1710CEB610109B21844ADF801
:101A00001000881802B2ADF80E10ADF812205FEA8F
:101A100088600ED5E06A30F81500400509D50BEB5B
:101A2000DB70A1EB6001A2EB6000ADF80E10ADF829
:101A30001200CDF8009003AA0AA9089B4F9809F05C
:101A40006BFE20AA1B2120460CF07EFC6D1C761C30
:101A5000ADB2B6B2208EA8423FF6A9AE608C20F09F
:101A60000800608455B0BDE8F08F00007CA9040830
:101A70000A0000002DE9F04FA7B005460CF060FC0D
:101A8000044628460CF024FC22900021204611F048
:101A90008BFF054600211222204612F06BF92844E4
:101AA0000FFA80FB00211322204612F063F928442C
:101AB0000FFA80FA0021204612F03EF928440FFA6E
:101AC00080F918A80AF0C8F818AA4FF40031204687
:101AD00012F013FCA06A08B1179009E080200FF003
:101AE0002FFC05460146802220460CF0BBF91795D5
:101AF00094F83C00002700F00F00012800D10127D6
:101B000020460021162212F035F9C0B2012800D17A
:101B10000127E06A002868D00DF0FAFF804602280D
:101B20000DD002A9E06A0DF087FC01281BD04FF010
:101B3000FF363546E7B1A18A01EB0B001CE0BDF989
:101B400072009DF87D2041F6FF718DE80700BDF918
:101B50007430189A15A8E16A17F000F9BDF95460BD
:101B6000BDF95650E6E70298C0F38A26450DE1E735
:101B7000218BA1EB0A00801B711EADF814000844F4
:101B8000ADF81800B8F1020F5DD0204611F099F9B8
:101B9000401BE18A00EBD07001EB6000ADF816004D
:101BA000691E0844ADF81A0011A809F09BFD4FF416
:101BB000003811AA4146204612F04DFB06EBD670C4
:101BC0004010ADF8480005EBD5704010ADF84A0064
:101BD00020466E22414612F0CDF8ADF8440005AA29
:101BE00011A9E36A229809F049FD09A80AF034F81E
:101BF00009AA0021204612F080FBBDF936009DF8AD
:101C0000412041F6FF718DE80700BDF9383007A883
:101C1000099A179917F0A2F8E18A01EB0900BDF8BB
:101C20001E10ADF80E000844ADF81200E06AE0B1F5
:101C30003FB3218BA1EB0A00BDF81C10B0EB0100F3
:101C4000ADF80C0024E0E18A6D1E01EB0900ADF84F
:101C500016002844ADF81A000020009005AA18A923
:101C6000E36A229809F058FDBFE7204612F049FACE
:101C7000BDF91C10A28A401A00EBD07002EB600084
:101C8000DEE7A18A01EB0B00BDF81C10ADF80C00DB
:101C90000844ADF810000020009003AA09A9179B82
:101CA000229809F039FDA06A002802D117980FF098
:101CB00093FB27B0BDE8F08F2DE9F04798B00546BB
:101CC0000CF03EFB044628460CF002FB064609A930
:101CD000204611F05BF894F848000025C10600D5B5
:101CE0000125800601D545F002050021204612F0AD
:101CF00043F9A0F51C51D13904D1608C000501D401
:101D000045F004050BA809F0A7FFB4F84400ADF8AE
:101D10004200B4F84600ADF844008DF849500BAAD3
:101D20000021204612F0E9FA9DF848004FF0010822
:101D300008B98DF84880E06B0C90206C0D900C99E0
:101D40004FF6FF7081421ED00D9981421BD04FF497
:101D50008029274655224946204612F00BF80246B4
:101D600049463846F9F790FD0090BDF80000ADF8FF
:101D70003A0020462022494611F0FCFF0090BDF8B1
:101D80000000ADF83C0094F8480041F6FF7A00F0FE
:101D90000700022801D003281ED19DF84800022820
:101DA00001D0032818D1BDF93E10CDE9001A0295E3
:101DB000BDF940300B9A16A8616A16F0CFFFBDF846
:101DC0002800BDF82410401A401CBDF9581000B27C
:101DD000884201DA8DF8488094F8480004F1300711
:101DE00000F00700032809D0BDF82A00BDF826102E
:101DF000401A401C00B2B0F5806F00DA002709A934
:101E000014A8B268F8F776FF00287DD094F848004F
:101E100040070BD1204611F0E7F9404202B2002101
:101E200009A806F033FF608BADF82A0094F848004B
:101E30000DF1500900F00700022813D0032811D03B
:101E4000009709AA0BA93046636A09F065FCB068DF
:101E5000C6F80890804694F8480000F00700032870
:101E60000FD05FE0D6F80880C6F80890009709AA5E
:101E70000BA93046636A09F04FFC4046C6F808805B
:101E8000E6E7BDF93E10CDE9001A0295BDF94030F4
:101E90000B9A06A8616A16F061FFBDF82800BDF82C
:101EA0002410401A401CBDF9181000B2884219DAFB
:101EB000202211460B980CF05BFBB4F84410BDF8DF
:101EC000182000EB400011440844ADF84200B4F87B
:101ED0004600ADF84400009709AA0BA93046636A92
:101EE00009F01AFCBDF82A00BDF82610401A401C63
:101EF00001B2BDF91A00814214DAB4F84410ADF809
:101F000042100B99098900E00EE0B4F846200097D2
:101F100010440844ADF8440009AA0BA93046636A8E
:101F200009F0FAFBC6F8088018B0BDE8F0872DE983
:101F3000F04397B007460CF0C5F9054638460CF05B
:101F4000FFF904464FF48026152D7ED0182D7DD143
:101F500038460CF0BDF9054607A809F07DFE07AA32
:101F60003146204612F0C9F913A9204604F03EFE7E
:101F700013AA15A8A968F8F7BDFE002866D0204668
:101F800004F090FB81460EF009FB28B19DF8390062
:101F900040F001008DF83900204612F0B2F80646F4
:101FA00048460EF000FB0146BDF92E000222CDE9A5
:101FB00000060292BDF9303005A8079A16F0CEFE51
:101FC000204610F07EFFB4F9161000EBD076B9F978
:101FD000160001EB6601471A484610F072FFB9037C
:101FE00091FBF0F70021204611F057FF0799B0F957
:101FF0000800B1F90810081A00EBD070BDF81610EF
:102000004010091A09B2ADF81610E28A794302EBC2
:10201000660202EBA1310F1A0021204611F0CAFC22
:10202000804620460021122211F0A4FE06462046DA
:102030000021132211F09EFEA28A06EB0801114432
:10204000ADF84010ADF8427001E023E01FE0218BB5
:10205000081AA0EB0800ADF84400BDF8160038449B
:10206000ADF846009DF8390040F002008DF83900C7
:1020700015A8AC68A86048460EF095FA0346002003
:10208000009010AA07A9284609F046FBAC6017B0DB
:10209000BDE8F08338460CF01BF9054610A9204630
:1020A00004F0A4FD68460AF0A7FB6A4631462046C4
:1020B00012F0CFF910AA694628460AF089FBE6E734
:1020C0002DE9F043ABB005460CF03AF9044628463A
:1020D0000CF0FEF881460021204611F097FD0746DE
:1020E0000021204611F0DAFD06460021204611F0BD
:1020F0002FFE05460021204611F028FDA18AE28A24
:10210000ADF88A20238BADF88C30B4F81AC039446E
:10211000ADF88810991BADF88C10ACEB000051198C
:10212000ADF88E00ADF88A1006A80AF065FB06AA85
:102130004FF40031204612F08CF922AA06A9484635
:102140000AF046FB204610F0BCFE0546208BA18A13
:10215000411A491C481B06B2606A411C06D07043F4
:10216000C11700EB116040F30F2708E0204611F083
:1021700099FB10F0010F01D0374600E00027204600
:102180000021162211F0F6FDC0B2012801D1F01B8A
:1021900007B2A08A3844ADF800002844ADF8040026
:1021A000E08AADF80200608BADF806004FF44037CE
:1021B0003946204611F02AFD06463946204611F0E0
:1021C0006DFD80463946204611F0C2FD0546394670
:1021D000204611F0BBFCBDF80010BDF80420891B9F
:1021E000ADF8001002EB0801ADF80410BDF80210C4
:1021F000491BADF80210BDF806100844ADF8060002
:1022000014A80AF0F9FA14AA3946204612F021F966
:102210006A4614A948460AF0DBFA2BB0BDE8F08301
:102220002DE9F04FE1B005460CF08AF80446284647
:102230000CF04EF88246826804F1140130A8F8F7D9
:1022400059FD00287ED0DAF808000F9030A8CAF8AF
:10225000080020460021322211F08CFD00B2579078
:102260000021204611F07AFD5B900021204611F0FC
:1022700073FC5D900021204611F0CEFC5A900021A5
:10228000204611F011FD5990208C002609902684DB
:10229000608C40F00800608422A80AF0ADFA4FF488
:1022A000A02522AA2946204612F0D3F832A809F028
:1022B000D3FC32AA2946204612F01FF80998208440
:1022C000608C002720F008006084204610F09AFF00
:1022D0000146E28A5B981044411A57980844401E10
:1022E000ADF81600204610F086FF589000212046D9
:1022F00011F021FB012800D000208346514642A85E
:1023000010F04CFB4FF4A0204F90EB48439000207E
:10231000449014A846903AA84790002089E0E06ACB
:1023200030F91910BDF816005491401C00B2491E36
:102330000144ADF81200ADF81610BDF9C610884280
:102340007CDC00E07DE0BBF1000F0AD0218B5998C6
:10235000091A5898091A5798081A401EADF8100023
:1023600009E0A18A5A9801445898091A57980844D4
:10237000401EADF81400002555E000205590A06ADD
:1023800050F8270008B100785590BBF1000F0CD031
:10239000BDF81000401EADF81400216B31F8151087
:1023A000401A401CADF810000BE0BDF81400401CB2
:1023B000ADF81000216B31F815100844401EADF83F
:1023C000140000261DE0A06AB91950F82100E8B1F8
:1023D0000078C0071AD0206BA919022202EB410134
:1023E000405EBBF1000F05D0BDF81010081AADF823
:1023F000100004E0BDF814100844ADF81400761C79
:10240000B6B2A08C7119401E8142DCDBBDF916000A
:10241000BDF9C210884217DAB819401C87B2A81952
:1024200080B2401C85B2A08CA842A6D809F1010058
:1024300080B2E18C814649453FF671AF0F99CAF8E9
:10244000081061B0BDE8F08FBDF91020ADF828206C
:10245000BDF91280ADF82A80BDF91410ADF82C102A
:10246000ADF82E0086469DF8AB00C0F3440043074C
:102470000DD5B4F914C05A9B63449A4207DDBDF9E7
:10248000A83003EBD373A2EB6302ADF828208207D8
:102490000DD5B4F916305B9A1A44904507DDBDF9A5
:1024A000A82002EBD272A8EB6202ADF82A20020744
:1024B00011D5B4F91830599A9A1A521E91420ADA73
:1024C000BDF9A82002F0010302EBD27203EB620215
:1024D0001144ADF82C10C00712D0B4F91A205D9841
:1024E000101A401E86450BDABDF9A80000F0010164
:1024F00000EBD07001EB600101EB0E00ADF82E0097
:10250000E28E00214A457DD1A08EA8427AD1208C4E
:10251000420602D4820600D52021820701D541F06F
:102520000201420701D541F00401000701D541F045
:102530000801002966D02184608C40F00801618484
:1025400014A80AF059F93AA809F086FB4FF4A0281C
:1025500014AA4146204611F07CFF3AAA4146204683
:1025600011F0CBFE09982084608C20F00801618472
:102570000AA84590A18C42AA09FB015050901A214B
:1025800020460BF0E1FE0AAA14A950460AF020F9F1
:10259000A06A50F8270000287ED04FF4A0284146BA
:1025A000204611F039FB0C904146204611F07CFB8F
:1025B00012904146204611F0D1FB02904146204640
:1025C00011F0CAFABDF810300C9ABDF812C01A44C6
:1025D0000FFA82F8BDF81430129AADF840809A1ABA
:1025E00013B2ADF84430029A01466244ADF842207D
:1025F000BDF816200020511AADF846105599C1F3C8
:10260000400100E018E05E9101B10220A3EB080157
:10261000491CBDF9FA2009B20092CDE90110A06A67
:10262000BDF9FC30329A50F827105CA8083116F03A
:1026300095FB5E9858B11FE0382222A914A80EF02D
:1026400053FF202232A93AA80EF04EFF90E754988B
:10265000BDF81210BDF9722100EBD07001EB6003E0
:1026600002EBD272401000EB6200A3EB620308445D
:10267000ADF84230ADF8460004AA30A95FA8F8F7DB
:1026800039FB48B15FA90020CAF808100090A06A81
:1026900010AA50F8273000E007E03AA95046083366
:1026A00009F03AF830A9CAF8081042AA1B212046BE
:1026B0000BF04AFEB0E60000B0AA04082DE9F74F7F
:1026C0008046044691881088A8B0091A491C09B2AE
:1026D00001EBD1714E103044ADF85C0050883044AD
:1026E000ADF85E0020A809F048FB4FF4A02520AA11
:1026F0002946404611F050FE1AA808F0F3FF1AAA26
:102700002946404611F0A7FD0021404611F0ACF9E2
:10271000834602A8299910F041F9624803904FF4CA
:10272000003017AF0F900B9704F130002490F8F7AA
:10273000B7FFB1E0256813942079012801D098B340
:10274000A6E0B5F92030E88B18440090D5E90512D1
:10275000E0680EF0A9FDA98B628A00B211443144F1
:102760000DB2814616F036FA684347F6FF7A90FBC1
:10277000FAF0BDF85E100844ADF89A00484616F02D
:1027800025FA684390FBFAF0BDF85C100844ADF8F8
:102790009800A08AADF88000208AADF882006079A8
:1027A000FD2802D9584603E017E000FB0BF0000AB1
:1027B0008DF888000120049020A8089026A8CDE973
:1027C0000B7002AA1A2140460BF0BEFD26AB20A9D1
:1027D0000B9A299809F0C4FA55E02069F0B3B5F9CD
:1027E0002030E88B18440090D5E90512E0680EF01F
:1027F0005BFD054625A920690CF01EFEBDF85C00B6
:10280000A18A401AADF85400BDF85E10E28A891A18
:10281000259AADF85610C2F38A235B1E1844ADF812
:1028200058004FF0FF3000EB52500844ADF85A000A
:102830006079FD2801D9584602E000FB0BF0000A40
:102840008DF87300A08AADF86C00E08AADF86E00D8
:1028500005EB85004000B0F5616F00E018E001DD98
:10286000A0F56160ADF86800022004901AA80990F4
:1028700002AA1A2140460BF067FD15AA1AA923697E
:10288000299808F0FBFE02AA1B2140460BF05CFDD4
:1028900021462498F8F701FF04007FF44BAF2BB0DA
:1028A000BDE8F08FFCED020830B5054691F82A002E
:1028B00089B00C4602285FD9E08C00285CD0114614
:1028C00004A806F062F9208DBDF81010401E091A08
:1028D000ADF81010BDF81210091AADF81210BDF8BD
:1028E00014100144ADF81410BDF816100844ADF8EA
:1028F000160004A906A806F048F9BDF81810E08CE7
:10290000BDF81220091AADF81810BDF81C100844C3
:10291000ADF81C00BDF81A00E18C401AADF81A00A1
:10292000BDF81E00E18C0844ADF81E00BDF814008F
:10293000BDF81010401ABDF81610401C891A491C29
:1029400000B209B2B4F90020884200DA0146B2EBC5
:10295000610F00DD4A10E08CA178104403B294F8B6
:102960002A00CDE90201A08CADF80400009204AA6F
:1029700006A92846FCF71EFB09B030BDF8B5044691
:102980000BF0DEFC064620460BF0D8FC0446406BFC
:10299000B0F5A02F51D1A06B0025072805D22069E2
:1029A000C570206980F8225012E081B24022304682
:1029B00006F098FE60B12069C570206980F8225049
:1029C000122013F0DBF900906069BDF800108181DE
:1029D000208F4FF4004281B2304606F083FE98B15A
:1029E00021696620C870304615F058FE00902069B5
:1029F000BDF800108180304606F072FEA16B88425F
:102A000002D12169B220C870208F4FF4804281B278
:102A1000304606F067FE00280FD02169FF2081F8BC
:102A20002200304615F03AFE00902069BDF80010F3
:102A3000C1832169088C401C0884F8BD2DE9F04150
:102A40008CB005460BF07CFC044628460BF040FC9D
:102A50008046606A0DF0A7FD007800283BD1A06A8F
:102A6000002838D00078002835D001A809F0F4F803
:102A700001AA4FF40021204611F03FFC94F86000B9
:102A8000000705D59DF8210040F002008DF82100D7
:102A90000021204611F0C6F807460021204611F01B
:102AA00063F906460021204610F08AFF054604F12E
:102AB000140109A806F096F8701902B2781901B24B
:102AC00009A806F0E3F80020009009AA01A94046F1
:102AD000A36A08F021FE0CB0BDE8F0817CB5044685
:102AE000806961896D468668A08961B1002865D0DA
:102AF000814203D12289E3889A427CD302297BD088
:102B000003297AD0AFE010BBE088218988421ED229
:102B1000B4F9060016F05EF8B4F90410B4F90E200A
:102B2000891A48432168498801EBE030ADF802007A
:102B3000E0885A3000B216F04DF8B4F9041048435A
:102B40002168098801EBE030ADF8040040E020681E
:102B50000088ADF800002068A18840880844ADF8DE
:102B60000600B4F9060016F035F8B4F90410B4F90B
:102B70000E20891A48432168498801EBE030ADF8FE
:102B80000200E0885A3000B216F024F8B4F90410BC
:102B9000324648432168098801EBE030ADF8040073
:102BA00069460846F8F7A6F830B1A0698560D4E90F
:102BB0000520216909F00CFEA08970BB2068A1885E
:102BC00000880844ADF8040020684088ADF8020091
:102BD000B4F9080015F0FEFFB4F904104843216869
:102BE000498801EBE030ADF8060020895A3000B288
:102BF00015F0F0FF02E015E012E00FE0B4F9041068
:102C0000B4F90E20891A484321683246098801EB3D
:102C1000E030ADF8000069461AE024E0022801D057
:102C2000012820D1206832460088ADF800002068D5
:102C30004088ADF802002068A18800880844ADF8FB
:102C400004002068A18840880844ADF806002946A1
:102C50000846F8F74FF830B1A0698560D4E905203F
:102C6000216909F0B5FDA06986607CBD7CB504468C
:102C7000806961896D468668A08901290CD0012888
:102C800067D0814203D12289E3889A427ED300290A
:102C90007DD003297CD0B5E0012822D1E0882189AC
:102CA00088421ED2B4F9060015F094FFB4F904105E
:102CB00048432168498801EBE030ADF80600E08820
:102CC0005A3000B215F086FFB4F90410B4F90E20A2
:102CD000891A48432168098801EBE030ADF8040007
:102CE00042E02068A1880088401AADF80000206802
:102CF0004088ADF80200B4F9060015F06BFFB4F996
:102D0000041048432168498801EBE030ADF8060023
:102D1000E0885A3000B215F05DFFB4F90410B4F940
:102D20000E20891A484321683246098801EBE030B9
:102D3000ADF8040069460846F7F7DCFF30B1A0693A
:102D40008560D4E90520216909F042FDA0890128A8
:102D500058D120680088401EADF804002068A18882
:102D600040880844ADF80600B4F9080015F032FFB9
:102D7000B4F90410B4F90E20891A4843216849882F
:102D800001EBE030ADF80200208902E018E010E02D
:102D900014E05A3000B215F01DFFB4F904103246A9
:102DA00048432168098801EBE030ADF8000069462E
:102DB0001DE0022804D0032802D023E0022821D1FC
:102DC0002068A18832460088401AADF800002068CB
:102DD0004088ADF8020020680088401EADF804006D
:102DE0002068A18840880844ADF8060029460846B6
:102DF000F7F780FF30B1A0698560D4E9052021692B
:102E000009F0E6FCA06986607CBD7CB5044680695B
:102E100061896D468668A08902290CD002287ED07F
:102E2000814203D12289E3889A4279D3002978D05C
:102E3000012977D0D4E002283FD1E0882189884257
:102E40003BD25A3000B215F0C5FEB4F90410484325
:102E50002168098801EBE030ADF80000B4F9060004
:102E600015F0B8FEB4F90410B4F90E20891A4843DD
:102E70002168498801EBE030ADF80600B4F908009C
:102E800015F0A8FEB4F9041048432168498801EB05
:102E9000E030ADF8020020895A3000B215F09AFEF9
:102EA000B4F90410B4F90E20891A4843216809883E
:102EB00001EBE030ADF8040066E020680088401EB9
:102EC000ADF804002068A1884088401AADF80200DF
:102ED000E0885A3000B215F07DFEB4F90410484382
:102EE0002168098801EBE030ADF80000B4F9060074
:102EF00015F070FEB4F90410B4F90E20891A484395
:102F000021683246498801EBE030ADF80600694699
:102F10000846F7F7EFFE58B1A069856003E00AE0C4
:102F20003BE034E036E0D4E90520216909F050FCAB
:102F3000A089022854D12068A1880088401AADF8E1
:102F4000000020684088401EADF8060020895A30F5
:102F500000B215F03FFEB4F90410B4F90E20891A3E
:102F600048432168098801EBE030ADF80400B4F96A
:102F7000080015F02FFEB4F9041048432168498871
:102F800001EBE030ADF80200324669461DE003284F
:102F900003D025E0032800D010BB2068A18832466A
:102FA0000088401AADF800002068A1884088401AC7
:102FB000ADF80200206829460088401EADF80400E4
:102FC00020684088401EADF806000846F7F792FEDC
:102FD00030B1A0698560D4E90520216909F0F8FBCA
:102FE000A06986607CBD7CB50446806961896D46B8
:102FF0008668A08903290ED0032867D0814203D1B7
:103000002289E3889A427ED302297DD001297CD08F
:1030100002297BD0B1E003281FD1E08821898842B2
:103020001BD25A3000B215F0D5FDB4F90410B4F932
:103030000E20891A48432168098801EBE030ADF879
:103040000000B4F9060015F0C5FDB4F904104843BA
:103050002168498801EBE03040E02068A1880088C1
:103060000844ADF8040020684088401EADF8060012
:10307000E0885A3000B215F0ADFDB4F90410B4F98F
:103080000E20891A48432168098801EBE030ADF829
:103090000000B4F9060015F09DFDB4F904103246A5
:1030A00048432168498801EBE030ADF802006946E9
:1030B0000846F7F71FFE30B1A0698560D4E9052006
:1030C000216909F085FBA089032856D12068008872
:1030D000ADF800002068A1884088401AADF80200D1
:1030E00020895A3000B215F075FDB4F90410484338
:1030F0002168098801EBE030ADF80400B4F908005C
:1031000015F068FD03E016E010E013E00FE0B4F9FD
:103110000410B4F90E20891A4843216832464988C0
:1031200001EBE030ADF8060069461BE018B101285C
:1031300001D022E008BB206832460088ADF80000CC
:103140002068A1884088401AADF802002068A18854
:1031500000880844ADF80400206829464088401ED5
:10316000ADF806000846F7F7C5FD30B1A0698560E7
:10317000D4E90520216909F02BFBA06986607CBD9C
:1031800070B5A4B00C46054620AA22A910F041F85B
:1031900022A805F042FD20B920A805F03EFD002838
:1031A0003ED012A9284617F0BBFF012838D121468E
:1031B00068460FF0F3FB1B4801900220029012A812
:1031C00004904FF480300D9022A805F026FD80B1C8
:1031D00022A803906A461A2128460BF0B5F822AAC5
:1031E00012A9204609F0F4FA6A461B2128460BF082
:1031F000ABF820A805F011FD002811D020AE6A46DA
:103200001A21284603960BF09FF820AA12A92046FF
:10321000039609F0DDFA6A461B2128460BF094F864
:1032200024B070BDF4E602082DE9F04F88468A68A4
:10323000B5B0044600F1140125A8F7F75BFD00289E
:103240007ED0D8F80800309025A9C8F808100021D1
:10325000204610F0B1FC06460021204610F048FD43
:10326000299020460FF0DAFDB4F88410484340F36B
:103270000F2B20460FF0B8FDB4F88610484340F3FA
:103280000F20289004F124002790F8F7F4F9054660
:103290000021204610F072FCB4F884104FF4A029ED
:1032A0004843B4F882100212C1F1010303FB02B0DB
:1032B00090FBF1F00FFA80FA4946204610F05EFCD0
:1032C000B4F88410C5F1010248430012219002FBBA
:1032D00000A0B0FBF5F007B2012F00DA01270021B2
:1032E000204610F05BFB054620460FF0B1FE301A79
:1032F000284400B2319020460FF076FF2999081A31
:10330000284400B2329012A809F076FA12AA4D466B
:103310004946204611F09DF89DF8570020F007001F
:103320008DF85700FF208DF84B00608BBDF84810DA
:103330000844ADF8AE00414668460FF02FFB00E0B0
:103340008AE04748019004200D95002602907BE01A
:10335000ABEB0A017143401E91FBF0F1319801443F
:10336000A08A0E9608440FFA80F92798F8F798F982
:1033700066E0287BC0075FD12946204606F064FE40
:103380007A1E4A4412B2ADF8AC20219B01B23B44F4
:103390004846ADF8A89003440FFA83F9BDF994307C
:1033A0009A4249DBBDF9982090424BDC2889ADF860
:1033B0004C008819B4F88210DDF8A0C090FBF1F23F
:1033C00001FB12002A7B6968C2F3001304EB43027D
:1033D00000B232F96C3F31F91010B2F90420C91A69
:1033E00001FB0CF1D21A91FBF2F1ACEB0102329924
:1033F000E38A11441944ADF8AA10696831F9101034
:10340000A1F5FE42FF3A17D02AA9039112A91195FE
:10341000049169686A4631F9100010901A2120461B
:103420000AF092FF2AAA12A9404609F0D1F96A4689
:103430001B2120460AF088FF29462798F8F72DF926
:10344000050096D1761CB6B2B4F88200B0423FF6C1
:103450007FAF3098C8F8080035B0BDE8F08F0000A5
:10346000C4E802082DE9F04F89468A6800F114018A
:10347000C1B005460F463CA8F7F73CFC00287DD0BC
:103480003CA9D9F808A0C9F80810B5F882000228AC
:1034900074D30021284610F081FA04460021284602
:1034A00010F08AFB06190021284610F021FC044484
:1034B00028460FF0B3FCB5F88410484340F30F20C2
:1034C0000F9028460FF090FCB5F88610484340F363
:1034D0000F20099028460FF0BBFD0146A88A304412
:1034E000401A00B2399028460FF07EFEE98A214446
:1034F000081A00B23A9039463EA8D9F80820F7F7E2
:10350000F9FB00283AD027A808F037FC27AA4FF487
:10351000A021284610F040FF2AA809F06DF94FF4C9
:1035200000342AAA2146284610F093FF2146284657
:1035300010F01CFD00EBD07047102146284610F01B
:1035400069FA00EBD07041108B46BDF99E005F45D3
:1035500001DA3A4600E00A4600EBD071B2EB610FA7
:1035600005DD9DF8A51041F010018DF8A51001288A
:1035700007D19DF8A50040F0100000E086E18DF82D
:10358000A500B5F882100F98814201DB012000E010
:1035900000203B9005F124003890F8F781F870E1A5
:1035A000207BC0077ED12089ADF89C002089ADF832
:1035B000AC002146284606F047FD00B20C90399831
:1035C000ADF81800ADF808000C98059013906168EC
:1035D000099B31F91000217BC1F3001205EB420178
:1035E00031F96C2FB1F90410801A5843891A90FBF5
:1035F000F1F0191A3A980844ADF80A00494614A89F
:103600000FF0CCF9A3481590032016904FF4A0209A
:10361000219027A81A902AA825941890BDF90A008D
:10362000039000260790E9E0BDF90810ADF81810E6
:10363000BDF80A00ADF81A00BAF90420781C10444D
:1036400081427BDC0F98B5F882207043531E90FBBB
:10365000F3F33998184400B2ADF808000C9B3344DA
:1036600093FBF2FC02FB1C3212B205926368DDF898
:1036700024C033F91220237BC3F3001305EB43036B
:10368000B3F96C80B3F97030A2EB080202FB0CF2C4
:10369000A3EB080392FBF3F2ACEB02033A9A1A4451
:1036A00012B200E0E9E0ADF80A209046BAF9002035
:1036B000D21B521E90423FDB002E3DD03B9AE2B31C
:1036C0006368139A33F912C047F6FF72944533D0FA
:1036D000DDF814C033F91C3093422DD0079B984578
:1036E00001DA1A4600E04246039B0792984501DD45
:1036F0001A4600E04246039281427BD0401EADF85C
:103700001800ADF808000798ADF81A20ADF80A00C7
:10371000824202D1401CADF80A0002AB06AA27A9DA
:10372000484608F01DFBBDF80800CDF80C80401C91
:10373000ADF80800CDF81C805CE000E063E0BDF867
:103740001800C11B3844ADF83800BDF81A00ADF8B8
:103750003410A0EB0B015844ADF83A00701E2290D3
:10376000ADF836106168139831F9101047F6FF7004
:10377000814201D006A900E000211D9162680599EF
:10378000804632F91110414501D002A800E0002026
:103790001E900DA817906168139814AA31F91000B3
:1037A00024901A2128460AF0CFFD6068139930F959
:1037B000112042450AD0059930F91110414505D034
:1037C00002AB06AA27A9484608F0CAFA6FB1BBF1B6
:1037D000000F0AD06168139831F91010414504D0E8
:1037E0000DAA2AA9484608F0F3FF14AA1B2128466F
:1037F0000AF0AAFD0598761CB6B21390B5F88200BF
:10380000B0423FF611AF3B98B8BBB5F88200B0426A
:1038100033D16168059831F91010A1F5FE40FF38E9
:103820002BD0BDF80800761EC11B3844ADF830100F
:10383000ADF83400BDF80A0014AAA0EB0B015844FF
:10384000ADF8360000201D901E900CA81790ADF822
:10385000321022966168059831F9100024901A21DF
:1038600028460AF071FD0CAA2AA9484608F0B0FFC4
:1038700014AA1B2128460AF067FD21463898F7F75D
:103880000CFF04007FF48CAEC9F808A041B0BDE87D
:10389000F08F0000C4E802082DE9F04F8A468A68DC
:1038A000B9B0054600F1140137A8F7F723FA00284C
:1038B0007BD0DAF80800349037A9CAF80810002144
:1038C000284610F06BF804460021284610F074F9E1
:1038D00006460021284610F00BFA074628460FF04E
:1038E0009DFAB5F88410484340F30F2033902846E2
:1038F0000FF07AFAB5F88610484340F30F20249071
:1039000028460FF0A5FBA98A32191144081A00B203
:10391000259028460FF068FC0146E88A3A191044C1
:10392000401A00B228902CA808F027FA2CAA4FF4CD
:10393000A021284610F030FD16A808F05DFF4FF4D6
:10394000003416AA2146284610F083FD2146284659
:1039500010F00CFB00EBD0704FEA600921462846BE
:1039600010F058F800EBD07043109846BDF9B20043
:103970004A46C14500DB1A4600EBD071B2EB610F3D
:1039800005DD9DF8B91041F010018DF8B91001283E
:1039900005D19DF8B90040F010008DF8B90005F18F
:1039A00024002A90F7F77CFE3EE143E1207BC0072C
:1039B0007ED12089ADF8B0002089ADF85C002146A9
:1039C000284606F041FB06B22598ADF8D8002996A6
:1039D000ADF89C006068B34630F816000A282CD079
:1039E000339800902068002330F91670207BC0F3D4
:1039F000C00105EB4100B0F97820B0F974103846E9
:103A00000DF052FC259900230844ADF89C00249841
:103A10000090606830F91670207BC0F3001105EB50
:103A20004100B0F97020B0F96C1038460DF03CFC44
:103A30002499081A2899084402E08048ADF89C00AF
:103A4000ADF89E00514602A80EF0A8FF4FF4A0204A
:103A50000F907B480390032004902CA8089016A890
:103A60000027139406909FE0BDF89C00ADF8D800A5
:103A7000BDF89E00ADF8DA002998B5F88220C1198A
:103A800091FBF2F002FB101006B2606830F91600EC
:103A9000A0F5FE41FF3969D024990091217BC1F343
:103AA000001205EB4201B1F97020B1F96C1000E091
:103AB000B6E000230DF0F8FB24990023081A28999A
:103AC0000844ADF89E0033980090217B2068C1F334
:103AD000C00105EB410130F91600B1F97820B1F9C8
:103AE00074100DF0E1FB25990844ADF89C00EFB38C
:103AF000BDF8D800A0EB0901ADF8BC104844BDF8F2
:103B0000DA10ADF8C000A1EB0800ADF8BE0001EB83
:103B10000800ADF8C200781E1090616831F91B10E2
:103B2000A1F5FE40FF3801D036A900E000210B913D
:103B3000616831F91610A1F5FE40FF3801D027A8C1
:103B400000E000200C902FA80590616802AA31F9CE
:103B50001B0012901A2128460AF0F6FB616847F60E
:103B6000FF7031F91B20824216D000E019E031F9D4
:103B70001610814210D027AB36AA2CA9504608F067
:103B8000EFF8B9F1000F07D0B8F1000F04D02FAA59
:103B900016A9504608F01CFE02AA1B2128460AF06E
:103BA000D3FB7F1CB346BFB2B5F88200B8423FF6E4
:103BB0005BAFB5F88200B84232D1606830F91610B8
:103BC000A1F5FE40FF382BD0BDF89C007F1EA0EB76
:103BD00009014844ADF8C000BDF89E00ADF8BC1026
:103BE000A0EB08014044ADF8C2000020ADF8BE10C3
:103BF0000B900C902FA810970590606802AA1A21CC
:103C000030F91600129028460AF09EFB2FAA16A93A
:103C1000504608F0DDFD02AA1B2128460AF094FB5D
:103C200021462A98F7F739FD04007FF4BFAE349996
:103C3000CAF8081039B0BDE8F08F000001E0FFFFBE
:103C4000C4E802082DE9F74FB1F92E00AAB01446D6
:103C50000E46002872D096F8361002296ED9012837
:103C600008D1B6F93400002804DC308E10B9708E0B
:103C70000028EFD02088318E4218B08E121AADF88D
:103C80002820A38819440144ADF82C106088738E55
:103C90001844B38EC01AADF82A00E388758E2B4401
:103CA000B58E2B44ADF82E30B6F92E5005EBD575F8
:103CB000A2EB6502521EADF84C20012202EB650515
:103CC0002944ADF85010B6F92E1001EBD171A0EBDC
:103CD0006100401EADF84E00B6F92E0000EBD0702A
:103CE00002EB60001844ADF8520096F836002990B7
:103CF000FD2801D9FF2029902A9813A9826827A8B6
:103D0000F6F7F8FF0028A5D021461DA804F03DFFD6
:103D10004FF0FF38414642461DA804F0AAFFB6F90D
:103D200000901DA804F093FF04461DA804F063FF53
:103D300084421DA803DA04F08AFF02E0FEE304F0E7
:103D40005AFFB9EB600F01DD4FEA6009B6F9004098
:103D50000AA804F07CFF05460AA804F04CFF85423F
:103D60000AA802DA04F073FF01E004F044FFB4EBA8
:103D7000600F00DD4410B6F92E00051905FB05F0B3
:103D800040000DF0DDFA10900146B6F92E202346D2
:103D90000AA817F0EDFA13A808F0F2F9012720B9E4
:103DA000F078FF2801D3B07860B1002701234A469C
:103DB0001DA920A808F050FC002120A808F000F858
:103DC000269001E0CDF8988013A804F040FF0DF094
:103DD000B7FA83461C2115A80DF058FCCDF854D035
:103DE000CDF860B0CDF868D0B08DADF85C0096F835
:103DF00036008DF86C00B0788DF86D00BDF850007D
:103E0000BDF84C10ADF80400421A521C12B202EB7D
:103E1000D27201EB62010FFA81FABDF85220BDF8AF
:103E20004E10401B521A521C12B202EBD27201EB1E
:103E30006202401C14B200B26A1EADF80000ADF878
:103E40000210114409B20992ADF8061052465045CD
:103E500000DC1046ADF80000A14200DB21462A98A4
:103E6000ADF806106946826806A8F6F743FFD0B39E
:103E70004A461DA906A8F6F765FFA0BBBDF81C00C1
:103E8000BDF91810BDF91A20401A401C00B2089064
:103E9000BDF94E301098D21A02FB0500BDF9502032
:103EA000521B891A0844401E059047B14A461DA975
:103EB00006A8F6F7B7FF10B101200F9000E00F97AA
:103EC0000898002827DDBDF81800ADF80000BDF8FF
:103ED0001C00ADF804000220CDF860B08DF864003D
:103EE000BDF91A8013E016E0ADF802800F98ADF826
:103EF000068070B30598189015A92A9808F072FEEC
:103F000005982844059008F101000FFA80F8BDF9E2
:103F10001E104145E8DABDF85000ADF80400401B22
:103F2000401C00B2ADF80000BDF85220ADF80620EC
:103F3000511B491C09B2ADF802105246504500DC35
:103F40001046ADF80000601C1190814216DD084655
:103F500015E0FFE72A46584605990DF0C5FABDF968
:103F6000181042465846089B08F0CCF88DF86400BB
:103F70000128C1D102208DF86400BDE7601CADF8B6
:103F800002002A986946826806A8F6F7B3FED0B305
:103F90004A461DA906A8F6F7D5FEA0BBBDF81C0031
:103FA000BDF91810BDF90620401A401C00B2089057
:103FB000BDF91E301098D21A02FB0500BDF9502041
:103FC000521B891A0844401E059047B14A461DA954
:103FD00006A8F6F727FF10B101200F9000E00F9719
:103FE0000898002827DDBDF81800ADF80000BDF8DE
:103FF0001C00ADF804000220CDF860B08DF864001C
:10400000BDF91E8013E016E0ADF802800F98ADF800
:104010000680B0B30598189015A92A9808F0E2FD1B
:10402000059828440590A8F101000FFA80F8BDF921
:104030001A104145E8DDBDF84C0009992844ADF857
:104040000000BDF85000401BADF80400BDF84E0064
:10405000ADF80200084400B2ADF80600A04200DB53
:104060002046ADF806002A986946826806A8F6F749
:1040700041FEB0B34A461DA906A8F6F763FEA8B1F3
:104080007BE0FFE72A46584605990DF02DFABDF969
:10409000181042465846089B08F034F88DF8640022
:1040A0000128B9D102208DF86400B5E7BDF81C00E5
:1040B000BDF81810BDF90220401A401C00B208904B
:1040C000BDF91A101098891A01FB050005904FB12F
:1040D0004A461DA906A8F6F7A5FE18B101200F90C3
:1040E00001E04AE00F970898002846DD0F9860B17C
:1040F00000201890BDF81800ADF80000BDF81C00B5
:10410000ADF80400BDF91A0032E0CDF860B0F1E777
:10411000ADF802800F98ADF8068058B12998FF28B5
:104120000598007803D096F836104843000A8DF8B9
:104130006C0013E00598089A017858460DF074FA5F
:10414000BDF9181042465846089B07F0DBFF8DF872
:104150006400012802D102208DF8640015A92A9874
:1041600008F040FD05982844059008F1010000B2D0
:10417000BDF91E1080464145CADA96F836008DF822
:104180006C00BDF84C002844ADF80000BDF85000AC
:10419000BDF85210401BADF80400481B401CADF8A0
:1041A000061000B21199ADF80200884200DC601CD4
:1041B000ADF802002A986946826806A8F6F79AFDCB
:1041C00078B34A461DA906A8F6F7BCFD48BBBDF862
:1041D0001C00BDF81810BDF91E20401A401C00B28A
:1041E0000890BDF906101098891A01FB050005908A
:1041F000089800284FDD3FB14A461DA906A8F6F7EA
:1042000011FE0020189001E0CDF860B0BDF8180054
:10421000ADF80000BDF81C00ADF80400BDF91E00AB
:1042200034E038E0ADF80280ADF8068087B14A4648
:104230001DA906A8F6F7F6FD2998FF28059800782D
:1042400003D096F836104843000A8DF86C0013E04E
:104250000598089A017858460DF0E6F9BDF918104E
:1042600042465846089B07F04DFF8DF86400012830
:1042700002D102208DF8640015A92A9808F0B2FC3A
:10428000059828440590A8F1010000B2BDF91A1064
:1042900080464145C6DD96F836008DF86C00BDF8C5
:1042A0005000ADF80400411BBDF84E00491C0AB295
:1042B0002844ADF8002000B2ADF80200BDF852105D
:1042C000119B491B09B2ADF80610984200DB601C37
:1042D000ADF80200A14200DC2146ADF806105046C0
:1042E000524500DC02462A98ADF8002069468268F3
:1042F00006A8F6F7FFFCB8B34A464E461DA906A825
:10430000F6F720FD80BBBDF81C00BDF91810099A16
:10431000401A401C00B20890109802FB0500BDF93D
:104320005020521B891A0844401E0590EFB13246B6
:104330001DA906A8F6F776FD10B14FF0010800E0C0
:10434000B846059818900898002835DDBDF8180083
:10435000ADF80000BDF81C00ADF8040002208DF897
:104360006400BDF91A6023E026E0B8465846E9E744
:10437000ADF80260ADF80660B8F1000F12D15846F2
:10438000089A05990DF0B0F8BDF918103246584654
:10439000089B07F0B7FE8DF86400012802D10220C7
:1043A0008DF8640015A92A9808F01CFC761C36B21A
:1043B000BDF91E00B042DBDA0020109A17E000BF02
:1043C00002EB050EAEF10101002305EBD57608E006
:1043D00092F800C091F8008002F8018B01F801C941
:1043E0005B1CB3EB660FF3DB401C724600B2A842C5
:1043F000E6DBBDF84C000999ADF800000844BDF8B3
:104400004E1000B2294409B2ADF80210BDF8522096
:10441000119B521BADF8040012B2ADF80620994270
:1044200000DB611CADF80210A24200DC2246AAF1BA
:104430000101ADF806200C91884200DB0846ADF87A
:1044400004002A986946826806A8F6F753FCA8B3C8
:104450004A464E461DA906A8F6F774FC70BBBDF887
:104460001C00BDF91810099A401A401C00B20890AF
:10447000109802FB0500BDF90020891A0844059038
:10448000EFB132461DA906A8F6F7CCFC10B14FF0EB
:10449000010800E0B846059818900898002835DD16
:1044A000BDF81800ADF80000BDF81C00ADF8040020
:1044B00002208DF86400BDF91A6023E026E0B846BA
:1044C0005846E9E7ADF80260ADF80660B8F1000FB4
:1044D00012D15846089A05990DF006F8BDF9181042
:1044E00032465846089B07F00DFE8DF864000128FF
:1044F00002D102208DF8640015A92A9808F072FBF9
:10450000761C36B2BDF91E00B042DBDABDF84C00B5
:104510000999ADF800000844BDF84E10099AADF8AD
:104520000210114400B20C9AADF8040009B2ADF8C3
:104530000610904201DBAAF1010000E056E1ADF85F
:104540000400A14200DB21462A98ADF80610694616
:10455000826806A8F6F7CEFBC0B34A461DA906A896
:10456000F6F7F0FB90BBBDF81C00BDF91810BDF9C3
:104570001A20401A401C00B20890BDF90230109871
:10458000D21A02FB0500BDF90020891A01EB0008D0
:1045900047B14A461DA906A8F6F744FC10B1012010
:1045A0000F9000E00F970898CDF860B0002822DD4A
:1045B000BDF81800ADF80000BDF81C00ADF804000F
:1045C00002208DF86400BDF91A6010E013E000BF0E
:1045D000ADF802600F98ADF80660C8B3CDF8608002
:1045E00015A92A9808F0FEFA761CA84436B2BDF93F
:1045F0001E00B042ECDABDF84C00ADF8000009999D
:10460000BDF85220084401B2501BADF80410401C04
:10461000ADF8062000B2119AADF80200904200DC1D
:10462000601CADF802000C98814201DBAAF1010187
:104630002A98ADF804106946826806A8F6F75AFB76
:10464000C8B34A461DA906A8F6F77CFBA8B15AE0F4
:10465000FFE72A46414658460CF046FFBDF91810C0
:1046600032465846089B07F04DFD8DF8640001283E
:10467000B6D102208DF86400B2E7BDF81C00BDF988
:104680001810BDF90620401A401C0FFA80FABDF937
:104690001E301098D21A02FB0500BDF90020891ABD
:1046A0000E184FB14A461DA906A8F6F7BBFB18B174
:1046B0004FF0010801E026E0B846CDF860B0BAF14D
:1046C000000F20DDBDF81800ADF80000BDF81C009B
:1046D000ADF8040002208DF86400BDF91E400EE024
:1046E000ADF80240ADF80640B8F1000F2FD0189693
:1046F00015A92A9808F076FA641E2E4424B2BDF952
:104700001A00A042ECDDBDF84C0069462844ADF823
:104710000000BDF85000401BADF80400BDF84E008D
:10472000CDF860B02844ADF80200BDF85200401B3F
:10473000ADF806002A98826806A8F6F7DBFAE8B317
:104740004A461DA906A8F6F7FDFAA0B141E02A469F
:10475000314658460CF0C8FEBDF9181053462246A3
:10476000584607F0CFFC8DF864000128C0D1022024
:104770008DF86400BCE7BDF91C10BDF918000A1AD9
:10478000521C15B2002D24DDADF80410ADF8000068
:10479000BDF91A4019E000BFADF80240ADF806407F
:1047A000294658460CF0A0FFBDF918102B462246AA
:1047B000584607F0A7FC8DF8640000E009E015A951
:1047C0002A9808F00FFA641C24B2BDF91E00A0421A
:1047D000E2DA2FB920A807F0B7FC269807F0E8FF27
:1047E00010980CF0F9FD58460CF0F6FD2DB0BDE820
:1047F000F08F00002DE9F74FD8B058984A90908874
:10480000B2F90030D488C01A401C01B2508801EBC4
:10481000D171201A401C00B24D1000EBD070B5EBE6
:10482000600F00DB45105819ADF81000508828447F
:10483000ADF812002CA807F0A0FA4FF4C0242CAA5F
:10484000214658980FF0A8FD9DF8B90040F01000DF
:104850008DF8B90041A807F0FFF941AA2146589800
:104860000FF04BFD06A859990EF098F8DD48079017
:10487000032008902CA813940C904A9824301C9084
:10488000F6F70EFFA8E11794A189A088691A0FFA1C
:1048900081FBBDF81010281A0A1AADF82C21BDF8BA
:1048A00012200144131AADF830111044ADF82E3126
:1048B000ADF8320147F6FF76012332464BA91EA818
:1048C00007F0CAFEBDF81000BDF81220A0EB0B01E6
:1048D000ADF8E410A2EB0B01ADF8E610ABF101016D
:1048E0000844ADF8E8005018ADF8EA00012332465C
:1048F00039A93BA807F0B0FEBDF81010BDF8122092
:10490000481BADF83401501BADF83601681E014458
:10491000ADF838111044ADF83A01002332464DA9E4
:104920002FA807F099FE00212FA807F049FA35902B
:10493000608908B1401E01E04FF6FF7080460027F5
:1049400036E100BF618908F101084FF0000A4145D6
:1049500002D1D0464FF0010AA06900906288002180
:104960003846521E63690CF09FFC81461690BAF1DE
:10497000000F04D0A06826904990E08903E02068E9
:1049800026904990E08800B2389025904A983030BF
:104990001890F6F785FE4EE03079022847D1B168CD
:1049A000494544DCF2684A4541DB338A259818447E
:1049B00000B22590708AB38A984203D1708AADF80C
:1049C000980034E0B07D4FF00003C0074FF0FF00C7
:1049D0000090484601D1D4E905120CF065FCB18A7B
:1049E000728AADF8002089B20A0242EA1121BDF8AC
:1049F0000020C0B2130243EA1222001D92B2C30883
:104A000042EA0240784A89B241EA0141104011402D
:104A1000091A594300EB5110104040EA104080B28F
:104A2000010241EA1020ADF8000080B22690314624
:104A30001898F6F732FE0600AED1E08B07EB87013F
:104A4000490048436188491E90FBF1F0B4F92010F9
:104A5000822D01EB810100EB4106BDF89800ADF815
:104A6000B0002598ADF8B200BDF91020284600DA54
:104A7000822028441044ADF84401BDF81200ADF87E
:104A8000460104AB4FF48072314651A811F08EF903
:104A900004A80F9051A8109041A814970B90BAF158
:104AA000000F61D0359807F083FE218A04ABABEB91
:104AB0000100BDF810104FF480720844ADF8680092
:104AC000BDF81200ADF86A0031461AA811F06EF96F
:104AD000202241A924A80CF007FD24A80B904B46E6
:104AE00042A2102153A812F09BF853A8119006AAD5
:104AF0001A21589809F028FCBDF9A2104FF00009BE
:104B000041F6FF728DE80602BDF9A43052A8249A3E
:104B1000119914F023F9BDF94801BDF8681000EBB4
:104B2000D072A1EB6202BDF94A11BDF86A3001EB07
:104B3000D1761044A3EB6603ADF864005818ADF8C5
:104B40006020ADF86230ADF86600CDF8009018AA8C
:104B5000119B0B99599806F0DFFD00212FA807F053
:104B60002FF935903BA808E000200B90119006AA81
:104B70001A21589809F0E8FB1EA8002107F020F937
:104B8000064604AB51AA2CA9599807F0E9F830461B
:104B900007F00EFE06AA1621589809F0D5FBBDF8BD
:104BA0002401ADF8B00038987F1CADF8B200BFB258
:104BB0006088B8423FF6C6AE1EA807F0C5FA3BA80B
:104BC00007F0C2FA2FA807F0BFFA359807F0F0FDFA
:104BD00021461C98F6F761FD04007FF454AE5BB0EB
:104BE000BDE8F08FFCED02081FF8E0072564000027
:104BF0002DE9F74FB4B092460546114602F056F83B
:104C000004468068C0F30E07012F7DD9000404D448
:104C1000208810B96088002876D060687F1EC0F3B5
:104C20000E40474370D0002128460EF0C5FF0646CF
:104C3000002128460EF0B2FE064428460EF0EEF89B
:104C4000B5F88410484340F30F2806A807F004F88D
:104C500006AA4FF4C02128460FF04FFB28460EF05D
:104C6000F7F9A98A3144081A0FFA80F92089BAF1B4
:104C7000020F4FEA004007D000284BDA4FF4C02162
:104C800028460FF035F846E0002805DA4FF4C02139
:104C900028460EF031FF00E000208346688B401C60
:104CA00006B235988068B0F90610B1422CDB06993F
:104CB000B4F90020B0F90200B1F90810114406EB74
:104CC0000B02114481421FDB28A807F056F828AADE
:104CD0004FF4C02128460FF05FFB0020ADF8A6007E
:104CE000ADF8A4000FA835990DF058FE8E4810902D
:104CF0000620119002201D904FF4C0201C9006A8A1
:104D0000149028A8159000E00AE1BAF1020F07D02C
:104D1000012006E000208346E88A401E06B2D3E761
:104D20000020269095F8880000F00700022819D18D
:104D3000002128460EF022FFB5F88410B5F8822035
:104D40004843001208EB000191FBF2F109B2081A86
:104D500000EBD07209EB6201A8EB00000FFA81F9B9
:104D60000FFA80F8ADF886600026D6E060684FF054
:104D7000000AC0F30E40B6FBF0F100FB116008B969
:104D80004FF0010ABDF9A210A8EB01007043B0FB7F
:104D9000F7F101EB0900ADF88400ADF80C00BDF9A6
:104DA0008610269848B1BAF1000F02D0B4F900007D
:104DB00001E0B4F90200081A08E0BAF1000F02D0CD
:104DC000B4F9000001E0B4F902000844ADF80E00A7
:104DD00021A8189003A8199095F8880000F0070002
:104DE000032848D06068C0F30E40B6FBF0F31F9371
:104DF000BAF1000F68D02089000465D54BA21021BC
:104E000030A811F00DFF06A8149030A81A901020B9
:104E10001B900FAA1A21284609F096FABDF92A100C
:104E20004FF0000A41F6FF728DE80604BDF92C3000
:104E300025A8069A1A9913F091FFBDF99410BDF8B0
:104E40000C0001EBD172A0EB620100EB620002B238
:104E500009B2BDF80E302698ADF88C10ADF8902050
:104E6000C0B1A3EB0B00BDF89630ADF89200C01AAC
:104E7000ADF88E0017E026983A4605EB4001B1F9EF
:104E800078000090B1F97430002130460CF00CFA33
:104E90000346ACE703EB0B00BDF89630ADF88E008F
:104EA0001844ADF89200B5F91400824215DBB5F94B
:104EB0001800814211DCCDF800A023AA06A91A9B94
:104EC000359806F029FC08E0002014901A901B90F9
:104ED0000FAA1A21284609F037FABDF9A200BDF938
:104EE000841000EBD07001EB6002B5F914108A4217
:104EF0000DDBBDF90C10A1EB6000B5F9181088426C
:104F000005DC03AB21AA28A9359806F029FF0FAAD2
:104F10001B21284609F018FA761CBE427FF626AF00
:104F200037B0BDE8F08F0000C4E802082564000037
:104F30002DE9F74FB8B090460446114601F0B6FE91
:104F400005468068010404D4298811B969880029BC
:104F50006FD0C0F30E06012E6BD96868761EC0F3C1
:104F60000E40464365D05FEA080000D001201D9046
:104F7000002120460EF012FD8146002120460EF051
:104F8000B7FE074620460DF02FFFB4F886104843C1
:104F900040F30F202D9020460EF026F9024607EB35
:104FA0000900E38A4FF4C0271844801A00B23290F7
:104FB000B8F1000F394620460DD00EF045FE219085
:104FC000B4F91800B5F900A0B5F902908346B8F11C
:104FD000010F06D00DE00EF0EFFD2190B4F91400A2
:104FE000F0E7CAF100000FFA80FAC9F100000FFAE9
:104FF00080F919A806F0C1FE19AA394620460FF01B
:10500000CBF923A806F028FE23AA394620460FF044
:1050100074F903A839990DF0C1FC72480490062078
:10502000059019A8CDE91078099023A808900027C9
:10503000D2E0D4E0BDF966102D98401A7843B0FB59
:10504000F6F13298B8F1000F0844ADF85600ADF80B
:105050005E005846ADF854B069D0401CADF854001D
:10506000002002906868C0F30E40B7FBF0F100FB2F
:105070001170002874D0BDF85410A1EB090000BFD6
:10508000ADF85C0015A80C9017A81D990D9004EBC5
:1050900041003246B0F970100091B0F96C30F01B4D
:1050A00000210CF001F9034613900298F0B328890F
:1050B000000468D54CA2102133A811F0B1FD23A83B
:1050C000089033A80E9010200F9003AA1A212046B2
:1050D00009F03AF9BDF99E00002241F6FF718DE812
:1050E0000700BDF9A0302BA8239A0E9913F036FEC5
:1050F000BDF9AE10BDF85E0001EBD171A0EB61020D
:1051000000EB61001D9912B2002900B2BDF85C10DD
:10511000ADF87E20ADF8820029D0219B0B44ADF87C
:105120007C30BDF8AC300B44219901E02BE015E058
:1051300001EB0301ADF88010B4F9161088422BDBA7
:10514000B4F91A00824227DC002000901FAA23A98C
:105150000E9B399806F0E0FA1EE001E0401E7DE764
:105160000120BDF854100290A1EB0A0088E7BDF8B9
:10517000AC30A1EB030C219BACEB0303ADF87C300E
:10518000219BC91AD6E7002008900E900F9003AA21
:105190001A21204609F0D8F8BDF96600BDF956106D
:1051A00000EBD07001EB6002B4F916108A420DDBFF
:1051B000BDF95E10A1EB6001B4F91A00814205DC73
:1051C00017AB15AA19A9399806F0CAFD03AA1B2125
:1051D000204609F0B9F87F1CB7427FF62BAF3BB0F1
:1051E000BDE8F08FC4E802082564000070B50446ED
:1051F0000AF0A0FC48B1006882680AB1217A9047A1
:10520000207E810742D4C0077BD1002160680DF069
:1052100043FE002518E0017A0A0610D5802904D043
:10522000227A21F08001914209D14168E160016850
:1052300020468847207E810728D4C00761D16D1C95
:10524000294660680DF028FE18B101680029F6D0E3
:10525000E1E7214600200DF04DFD050053D000216F
:1052600060680DF019FE002619E0016891B1017A1D
:105270000A060FD411B1227A91420BD14168E16044
:10528000016820468847207E810701D5012070BD36
:10529000C00736D1761C314660680DF0FDFD10B1B7
:1052A000012DE2D02FE0012D2DD16068416851B36E
:1052B000217E490727D4217A232919D0242917D000
:1052C000A9030EF067FFF0B1207A11381C280FD225
:1052D000DFE800F019191919191919191919190EF6
:1052E0000E190E0E191919190E0E0E0E19190E1986
:1052F0006068406860602046FFF778FF0546012837
:1053000001D0002070BD284670BD0000F0B5DDE979
:10531000054531B3060AB70702D51F462B463D4661
:10532000770702D527462C463D4616F0060F4FEA72
:10533000C6771AD017B11F4623463C46C0B222702A
:10534000CC43E7B202FB07F4240A2C70F4070FD019
:10535000414300BF6FEA1120C0B24243100A1870E7
:10536000F0BD2A7022701A70F0BD002FE3D0E5E77F
:1053700020B14042C0B248430146EBE70802FBE7D8
:105380002DE9FF4F8A880B8889B0D21A521C17B2B8
:10539000CA8849880446511ADDE916B8491C19988B
:1053A0000FFA81F9012813D0022813D0032843D122
:1053B000434E00BF5FEA08000ED000200690208810
:1053C000ADF8140098F80000FD2838D35A4639E0AB
:1053D0003C4EEFE73C4EEDE72088ADF80000ADF81D
:1053E00008005A4600990C98B0470590002020E02C
:1053F000002517E0BDF8080034F8151088420BD0DE
:1054000004EB45005A460088ADF81400ADF80800DA
:1054100005990C98B047059004EB4500BDF81410B1
:1054200001806D1CBD42E5DB0B9804EB400408F1E4
:10543000010080464845DBDB0DB0BDE8F08F00FB86
:105440000BF0020A05990C98B0470890002033E051
:10545000002528E018F8050020B30699884205D1F8
:10546000BDF8141034F81520914216D0FD2801D350
:105470005A4602E000FB0BF0020A04EB45000088EC
:10548000ADF8180006990C98B047089018F8050078
:10549000069034F81500ADF8140004EB4500BDF893
:1054A000201001806D1CBD42D4DB0B98189904EBD1
:1054B000400488440AF1010082464845C8DBBBE746
:1054C0009BE1000813E1000817E200082DE9FF4FF7
:1054D000044688880A8883B0801A401C05B2C888B0
:1054E0004988DDE910A6401A401C0FFA80F976B110
:1054F000BDF81800BAF1FD0F00EB004000907CD31E
:10550000A5F104084FF0000BBDF818A045E1BAF171
:10551000FD0F0FD3002608E02A462046069905F025
:1055200005F80598761C04EB40044E45F4DB07B003
:10553000BDE8F08FBDF80010002060F3020189B2D1
:1055400060F3C70189B260F30C2189B260F34F3177
:10555000ADF8001088B20090BDF800000090014640
:105560005246069805F04CF901900AF1040006999C
:10557000C008C00689B2000EC1F3C402424362F300
:105580000F064A07920E02EB51324243C1F3042147
:10559000414362F31F4661F30F07BA46C0F1FF02B1
:1055A000002359E0002051E0BDF8007034F81010DD
:1055B0008F4245D004EB40014FEA16480988ADF808
:1055C0000810BDF80870ADF80010B1B2C7F3C40CF4
:1055D0000CFB021101EBC11C0CEBC131C1F3C45C2B
:1055E000BDF804106CF3C7014FEA477C4FEA9C6C8E
:1055F0000CEB573C0CFB028C00E0D5E00CEBCC181C
:1056000008EBCC384FEA986868F302010CEBCC1831
:1056100008EBCC3CCCF3C25C6CF34F311FFA8AFC34
:10562000C7F3042707FB02C707EBC71C0CEBC73700
:10563000C7F3C45767F30C21ADF8041089B2019188
:1056400004EB4001BDF804700F80401CA842ABDBA6
:1056500005985B1C04EB40044B45A3DB67E7002780
:1056600010E03278FF2A12D02088ADF804000199AA
:10567000069805F0C5F80190BDF804002080A41C30
:10568000761C7F1CAF425DDAB007EAD15AE0A4F87D
:1056900000A0F4E73068411C43D0E8B33278FF2A19
:1056A00053D02088ADF804000199069805F0A8F8B9
:1056B0000190BDF80400208016F8012FA41CFF2AD9
:1056C00046D02088ADF804000199069805F098F8B6
:1056D0000190BDF80400208016F8012FA41CFF2AB9
:1056E00039D02088ADF804000199069805F088F8B3
:1056F0000190BDF80400208016F8012FA41CFF2A99
:105700002CD02088ADF804000199069805F078F8AF
:105710000190BDF8040000E011E02080A41C761C7C
:105720000FE0A00707D0A4F800A0022000990151C3
:10573000A4F806A003E00098206000986060083498
:10574000361D3F1D4745A5DD1CE0A4F800A0B3E7CA
:10575000A4F800A0C0E7A4F800A0CDE7A4F800A03A
:10576000DCE73278FF2A1CD02088ADF804000199CC
:10577000069805F045F80190BDF804002080A41CAF
:10578000761C7F1CAF42ECDB05980BF1010B401B34
:1057900004EB40041298401B0644CB45FFF65FAF74
:1057A000C5E6A4F800A0EAE700222188ADF80010C1
:1057B0009346104633E0002727E0307818B3904234
:1057C00005D0FF282FD000FB0AF31B0A9B4690420E
:1057D00003D134F81700814210D0BBF1FF0F24D061
:1057E00004EB47005A460088ADF80000009906987F
:1057F00005F006F80090327834F8171004EB4700F3
:10580000BDF800300380761C7F1CAF42D5DB0598C5
:1058100004EB40041298401B064408F10100804646
:105820004845C8DB83E65346D0E70698E2E7000028
:105830002DE9FF4F83B00C46DDF84480F6F7DCF924
:10584000BDF818A08146B8F1000F0CD0A0882188BF
:10585000401A401C07B2E0886188401A401C0FFAC9
:1058600080FB002641E0B4F9026017E0B4F9005073
:105870000FFA86F80DE010980290ADF804A0CDF86C
:105880000080D9F800002BB2059AC7690399B84780
:105890006D1CB4F90400A842EDDA761CB4F90600D8
:1058A000B042E3DA07B0BDE8F08F002518E000BF92
:1058B00018F8050098B11099ADF804A04843000A03
:1058C000029060880399304400B200902088059AC5
:1058D000284403B2D9F80000D0F81CC0E0476D1C82
:1058E000BD42E5DB1298761C80445E45DDDBD9E7DE
:1058F00000680968884201D1012070470020704784
:1059000040680A6820F04040904200D208600020C1
:10591000704700002DE9FF4F83B00E46DDE910B45B
:105920001746002103980EF015FB05460021039849
:105930000EF064F80146F07882070BD5C30742F2F7
:10594000D17202D0954202D006E0914206D120F0F9
:105950000200F070C00701D07B4800E07B48814620
:10596000F078C00712D079484FF0000AA4F802A0DE
:10597000A4F804A0C4F810A0A4F800A0C4F808A0DB
:10598000C4F80CA0804639460197A9E06E48EBE7C1
:105990000198B84206D04FF4000128460EF0FAFBF9
:1059A00000286FD16A4928460EF0FBFB00286AD117
:1059B000002128460EF012F8029070B32069401CB6
:1059C0002061A28802EB0B01A180217DC9076DD067
:1059D00000EB800080000BF0B3FC0090E0B1E168C8
:1059E00051B12069401E00EB8000820000980BF04E
:1059F0007BFDE0680BF0F0FC206900EB8001009873
:105A000000EB81004FF0000140F8145CF078C00713
:105A1000284603D0022202E0FEE735E005220EF020
:105A2000A9F9216900B201EB8102009901EB820121
:105A300021F8100CF0784FF00001C007284601D083
:105A4000032200E006220EF095F9216900B201EB75
:105A50008102009901EB820121F80E0C2069029964
:105A600000EB8002009800EB820040F8081C2069DF
:105A700000EB8002009800EB820040F804AC009834
:105A8000E06013E032E020E02846494688470146BE
:105A9000F078800705D5B4F90400421806988242D0
:105AA00024DCA28801EB0B001044A080284641466C
:105AB00088470146B4F90000814202DD284641468C
:105AC00088472080A068401CA060F078400702D57D
:105AD0004FF0FF3000E0012001994118019105D4F9
:105AE00003980DF01DF9051E7FF452AFB4F90400C0
:105AF000002802DDA0EB0B00A080206908B1069809
:105B000001E0B4F904006080CDB10198B84216D12B
:105B1000039901AA8968096851F82050F078C0F308
:105B20008001039800F08EFE4DB12846414688471B
:105B3000208028464946884760800120A06001985F
:105B400007B0BDE8F08F000003410208C32E020831
:105B5000010006002DE9F04FB14D93B0044600213D
:105B60006A880EF007F99DF81710421C62F30001D5
:105B7000820862F34101C00860F382018DF81710BA
:105B800020460021AA880EF0F5F88DF81400204672
:105B90000021EA880EF0EEF88DF81500204600216D
:105BA0002A890EF0E7F88DF81600002120460DF046
:105BB000AAFE012800D0002081469DF817004FF072
:105BC0000001C00720460CD00EF074F882469DF804
:105BD00017004FF00001C007204605D00DF0C2FFAE
:105BE00004E00DF0BFFFF1E70EF064F807909DF8B8
:105BF0001700C007204602D00DF010F901E00DF0AB
:105C0000F3F806902046002132220EF0B3F8054644
:105C10002046002110220EF0ADF8E18A28444618F3
:105C200020460DF0EFFA301AADF820002046002192
:105C300012220EF09FF8A18A2844451820460DF044
:105C4000DAFA281AADF840009DF817009DF81660A2
:105C5000C00701D008AD00E010AD002120460EF0D5
:105C600079F91190002120460DF0C8FE83469DF879
:105C70001700C10708D0ABF51C52D13A02D1618C94
:105C8000490509D5C10708D1119AA2F51C51D1398E
:105C900003D1618C090500D40026B9F1000F08D0AA
:105CA000C00706D116B1012E02D002E0012600E0A5
:105CB00000260027ADF83C70B8468EB39DF817005B
:105CC000400703D5A0684268521E15E0002213E089
:105CD00000200E9009A90798CDE9000105A92046EA
:105CE000069BFFF717FE0246BDF8241007EB0A00DB
:105CF000084407B208F10108A0684068904201DD3D
:105D0000002AE5DAB8F1000F02D0A7EB0A0007B2CB
:105D10009DF81700C007204603D00DF065F802E09B
:105D20000BE00DF07BF80FA9CDE9005101460FFA09
:105D300088F33A46304613F0CCFF9DF81700410730
:105D400003D5A1684E68761E00E00026B9F1000F69
:105D500004D0C00702D128883844288009AFA06841
:105D60004068B04249DD002E47DB01200E900798C5
:105D7000CDE90007324605A92046069BFFF7CAFD7C
:105D80008046B9F1000F08D09DF81700C00704D174
:105D90002888BDF82410401A2880DDE90601BDF9E5
:105DA000202002AB019283E88300BDF940000090FF
:105DB0004346324605A92046F7F74AFE46460C9868
:105DC0000BF00AFB00200C90B9F1000F03D09DF8F6
:105DD0001700C0070AD02888BDF82410BDF83C2061
:105DE000014402EB0A0008442880B8E7BDF83C20D3
:105DF000298802EB0A00081AF6E7119942F2D170DD
:105E0000814201D0834502D120460EF0BBFF002223
:105E10002B21204608F098FA13B0BDE8F08F00005F
:105E2000C80000202DE9F74F0546007F93464FF04C
:105E3000000AC00760D14FF00108EC680026C14697
:105E40007CB9287FC0F3C000401E304254D1B9F164
:105E5000000F51D00199284688474FF000080446AA
:105E6000C1460EB9261E47D0B8F1000F06D0214614
:105E700028465A4690470446B0423DD04FF00108AC
:105E8000002CDED020680DF00DFD0006D8D4276868
:105E90001FE0012138460EF07DF9B0B12FB101218C
:105EA00038460EF077F90028CAD1E868A04223D01E
:105EB000B0B1284600F0F0FA0246E8680F21006809
:105EC00008F042FA012817D106E038460DF03AF8FA
:105ED0000746002FDDD1E8E7E86800680EF010FC07
:105EE0002846EC6000F0D8FA0246E8680E21006807
:105EF00008F02AFA012802D05046BDE8FE8FE86873
:105F000000680EF0FDFB296909B128468847012089
:105F1000F3E7000013B54FF6FF730122694602480C
:105F2000F4F714F800981CBDBC03002070B5426B58
:105F3000818C12F0060F06D0C2F34102022A04D06F
:105F4000012A05D022E0008D00E0C08C08441CE04E
:105F5000B0F92C50468DAAB2B24202D202F5B47208
:105F600015B2B0F92830C48C9AB2A24202D202F51E
:105F7000B47003B2701900EBD0704010844201DAA3
:105F8000601802E0834203DD501881B208B270BD90
:105F90000844FAE72DE9F34F8FB0054669460CF047
:105FA00057FF28460EF0ADF80B9028460CF089FFFD
:105FB0000A90002128460DF017FE07900021284680
:105FC0000DF05AFE0746002128460DF0A9FE0446B2
:105FD000002128460DF0A8FD8346002128460DF03B
:105FE00075FE0646002128460DF0CEFD06F00101A3
:105FF00006EBD67201EB620100F0010200EBD070FB
:1060000002EB6000491C401C09B200B20D2900DB04
:106010000D218A460D2800DB0D2081460D2F00DB67
:106020000D27B8460D2C00DB0D2426465846BBF143
:106030000D0F01DA074600E00D2700246BE0A86A87
:1060400000EBC40108A802F0B2FDBDF920000799D9
:10605000884213DCBDF900200D2900DB0D21511A07
:1060600000EB0100ADF82000BDF92200B04233DCA6
:10607000BDF902100D2E07DA324606E0BDF8002009
:10608000A2EB09010844EDE70D22891A00EB01009B
:106090000B99ADF82200BDF92400A1EB0801891E7F
:1060A000424688421EDBBDF90010B8F10D0F0144D5
:1060B000104600DB0D2008440A99ADF82400BDF914
:1060C0002600C91B891E88421DDBBDF902100D2F59
:1060D00008440DDA39460CE0BDF80220A2EB0A01B3
:1060E0000844D5E7BDF80010014401EB0900E3E7DF
:1060F0000D210844ADF82600002208A81099F4F7F5
:10610000E1FE58B905E0BDF80210014401EB0A00B8
:10611000F0E7641CA4B2288EA04290D8288EA0423A
:1061200001D14FF6FF7411B02046BDE8F08F10F09A
:106130000F0000D101207047B0F90C00032101EBE2
:10614000400020F00300103070472DE9F0474FF079
:10615000000805461C4616460F46A3F80080404638
:1061600006E0296B228831F81010401C1144218070
:10617000B042F6D3002128460DF0DDFB0128284669
:1061800015D00DF038F82188081A20800021284603
:106190000DF042FD218808442080296B31F816104B
:1061A0000844401EA080A4F8028000201FE00DF0EB
:1061B00022F821880844208028460DF0A2FF81465D
:1061C000002128460DF070FD22880146A9EB02004F
:1061D000401AA080296B31F81610401A2080E2E79F
:1061E000E96A628831F81010401C11446180B8429D
:1061F000F6D3002128460DF0B1FD61880844608087
:1062000028460CF0FFFF6188081A6080E96A31F8BF
:1062100017100844401EE080BDE8F0872DE9F05FCC
:1062200089469346824600210DF0D2FC05460021A6
:1062300050460DF015FD8046002150460DF064FDDE
:106240000446002150460DF063FC064650460DF012
:1062500058FF411BA1EB080750460CF032FE001B13
:10626000801B8742504605DA0DF04BFF411BA1EB26
:10627000080003E00CF025FE001B801B00EBD07033
:1062800040F34F00BAF8141042191144A9F8001055
:10629000BAF8161002191144A9F80210BBF1000F48
:1062A00001D0ABF80000BDE8F09F0000024A0021D9
:1062B00052880DF05FBD0000D4000020034A10B5E5
:1062C000002152890DF056FDC0B210BDD40000204F
:1062D000034A10B5002192890DF04CFDC0B210BDEB
:1062E000D4000020032901D2012300E00023C01ABA
:1062F00003EB430301EB8301891EC1EB41110C2326
:10630000B1FBF3F111446422B0FBF2F2014401EB62
:106310009001891A4FF4C872B0FBF2F008440721CB
:10632000B0FBF1F201FB1200C0B270472DE9FC474F
:106330000F0023D0046962692AB11068B84202D103
:106340005068BDE8FC87608A00214FF0040CC0F360
:1063500008030CE0A66801EB810556F825000CEB5C
:106360008505755B381A85420AD2491C89B28B4271
:10637000F0D81AB117606169002048600020E0E79A
:1063800001EB81051221A26801EB85010026515C19
:106390004FF0060802290BD04FF00C0A61B1DFF86C
:1063A000ACC01022082303290FD0012927D045E0D3
:1063B00008EB8501515A40E00AEB850108EB8503A3
:1063C0005158D25A085C161838E0ADF80400CDF8E0
:1063D00000C0A06802EB850103EB8509425A50F822
:1063E0000910022301A8F5F769FD38B3A16851F837
:1063F0000920801A08EB85024010895A1DE0ADF88B
:106400000400CDF800C0A06802EB850103EB85090C
:10641000425A50F80910022301A8F5F74FFD68B160
:10642000A16808EB850351F80920801A0AEB850260
:1064300040108A58C95A32F810000E18606910B11D
:1064400007606069466030467BE7000051E3020860
:106450002DE9F0410D46044600F01DF9071E19D044
:10646000F88A00212D1A38460DF011FD0689002109
:1064700038460DF033FD00EBD07105EB610130447F
:1064800009B200B291FBF0F0A18E80B2814201D836
:10649000491E88B2BDE8F0812DE9F041002607468B
:1064A0003546304610E000BF09F085FB616DB9420A
:1064B00009D1022802D0042803D003E02046BDE819
:1064C000F08126462546204609F03AFB0400EBD130
:1064D0000EB13046F3E70DB12846F0E7BDE8F041D4
:1064E000002009F02DBB00007CB503690069002580
:1064F0005B8AC4689E04A3682BD4980F17D0012030
:10650000B0EB937F31D101EB02402668019018482F
:106510000090A068042320F04042314601A8F5F71E
:10652000CDFC10B3801B801061680D561DE001EB9F
:1065300002202668ADF804000E4823F04042009087
:106540000223314601A8F5F7B9FC70B1801B401059
:10655000EAE76068405C995C38B131B1637B2268DE
:10656000401E00FB0320491E455628467CBD000006
:1065700023790108377901082DE9F84F0C460646C2
:10658000002120460DF0A7F900EBD07045084FF42C
:106590004037394620460DF015FB824639462046E5
:1065A0000DF058FB0090394620460DF0A7FB8346BE
:1065B000394620460DF0A6FA0146A08A228D0244F3
:1065C000531BA3EB0A0060F30F08E08A638D0344BA
:1065D00000985C1B201A60F31F4805EB0B00104469
:1065E00060F30F096818184460F31F49C6F800806B
:1065F000C6F80490BDE8F88F2DE9FF4F81B00E4634
:106600001D4617464FF4003101980DF06AF900EB72
:10661000D0704410381B07B20198FFF787FC814601
:106620005A3000B212F0D6FA78434FEAE0384846C2
:1066300012F0D0FA7843C7134FF440394946019815
:106640000DF0C6FA8346494601980DF009FB00900B
:10665000494601980DF058FB8246494601980DF0D5
:1066600057FA328820444244A2EB0B01091B2980CF
:1066700032880099424421441144A9807188CA1982
:10668000A2EB0A01091B6980718839440844E8803B
:1066900005B0BDE8F08F406A002802D000210CF060
:1066A0003FBB704700210CF03BBB00002DE9F041DF
:1066B00005460F46698C00200426C1F30513EA68DD
:1066C0000FE000BF06EBC00414595FEAC41C07D5F5
:1066D00024F07F44BC4203D152F83000BDE8F08181
:1066E000401C8342EED84FF0806000EBB1204FEAAF
:1066F000B0506884C0F30510C10010460AF0CCFE0B
:10670000E860C0B3688CC0F30514641E16D06FF047
:1067100003025300E86802EBC40141585FEAC11C60
:106720000CD489010AD403EBC40C00EBC4018444EB
:10673000641EDCE9000CC1E9000CEBD1E86808211B
:1067400000EBC4000AF0A2FF08200AF0CBFDE968C4
:1067500041F8340010F013FDEA6806EBC40011584C
:1067600041F080711150EA6867F317011150E86831
:1067700050F83400B2E7FFE7FEE700002DE9FC41E6
:106780000068C068C068B0FBF1F4944200DD1446B4
:10679000154F78680068806920B30020ADF80000CC
:1067A000ADF80400ADF8020025B2681E06B2ADF8DF
:1067B000066078686946006882699047BDF80600FF
:1067C000BDF80210401A401C00B2A04202DD351E86
:1067D000EBDC01E0002D02DC0020BDE8FC81BDF90E
:1067E0000640641C2046F8E7A4000020491E01D59D
:1067F000401E0C310C2901DB401C0C3901290DD045
:10680000072091FBF0F200FB121000EBD07121F099
:106810000101401AC0F11F00C0B2704781070CD1BE
:106820006421B0FBF1F201FB120149B94FF4C871C8
:10683000B0FBF1F201FB120010B100201C30EBE7BD
:106840000120FBE7136821B15B1E13600BD4806845
:1068500005E05B1C1360806841688B4203DA0068C6
:1068600050F823007047002070470000014800786E
:10687000704700003C0000202DE9F84315460E4605
:10688000044609F057F909F096F901280AD00328BF
:1068900008D04FF6FF7005B1288006B13080002087
:1068A000BDE8F88309F046F9694609F059F94FF057
:1068B000000875B320460CF09EFCBDF8001008449B
:1068C00007B2002120460DF036F801280CD0A08A2E
:1068D00000213F1A20460DF09FF9381A02B24046B7
:1068E0000021A5F8008010E0002120460DF0DCF921
:1068F000218B081AC01BF1E7236B33F810301944C1
:1069000009B28A4205DB401C2880A38C80B29842E1
:10691000F2D3FEB120460CF075FCBDF8021008441D
:10692000E18A451A002120460DF018FA281A02B211
:1069300040460021A6F8008008E0E36A33F81030F2
:10694000194409B28A4205DB401C3080E38C80B2D6
:106950009842F2D30120A3E72DE9FF4F83B005460B
:106960001F460598F5F75EF9014601208840B5F805
:10697000209000F0FF086FEA090080B2019095F8BE
:1069800022004FF0FF36C0F3C00A00244FF0040B82
:106990001FE0E96801EBC4004268920140D5BAF1FA
:1069A000000F15D10BEBC4028958049AC1F30741BB
:1069B000090491420CD10068817911EA080F07D0CF
:1069C0006A46059910F036FB012830D0022831D0F4
:1069D000641C688CC0F30510A042DAD820E0E96896
:1069E00051F83400827912EA080F18D00BEBC40278
:1069F0008A58C2F307411FFA82FA049A09049142A5
:106A00000DD1019A1AEA020F09D1B24507DD6A4693
:106A1000059910F00FFB01280FD002280AD0641C42
:106A2000688CC0F30510A042D9D8002E0EDB009868
:106A30003860012007B0BDE8F08F5046CA45F6D057
:106A40005645ECDA064600983860E8E70020F1E7A2
:106A50002DE9F047814642F30006C0F15A001D4679
:106A60000F46540800B2761C12F0B4F8A7EB0408E5
:106A700000FB08F0C711484612F0ACF800FB08F024
:106A8000C011002F06DD7F3F39120A1B32442A80D5
:106A9000214405E07F3739120A1B21442A80891BD3
:106AA000A980002806DD7F380012011B314469806F
:106AB000204405E07F300012011B20446980801BC8
:106AC000E880BDE8F0870000024A0021D2880DF07E
:106AD00051B90000D40000202DE9FF4F85B00746D2
:106AE00007980389DDE915021044049018440FFA51
:106AF00080FAB88C484384B2A146002559E0BB6AAD
:106B000053F8241071B33A6B0026964632F915B04B
:106B10004FF0020C401E12E0A21953F822208AB155
:106B20001278D2070ED005EB06080CEB48083EF8A9
:106B30000880761C08EB0B020FFA82FBB6B27219C2
:106B40008242E9DB087880070DD507981599B0F9DE
:106B500008000144169808445146504500DC084698
:106B60000FFA80FA21E0DDE913010144ABEB0100EB
:106B700000B21299CDE9001000220292B86A50F8D2
:106B80002410DDE9072303A8083112F0E7F8BDF966
:106B90000E10049808445146504500DC08460FFA90
:106BA00080FAA01984B2A81985B2641C6D1CA4B225
:106BB000ADB2B88C00EB0901A142A0D809B0504693
:106BC000BDE8F08F034A10B50021128A0DF0D2F80B
:106BD000C0B210BDD4000020034A10B50021528A73
:106BE0000DF0C8F8C0B210BDD40000202DE9FC4162
:106BF0000C46064600210DF050F905464FF4802161
:106C000030460DF04AF9B5F90870B0F90850002186
:106C100030460DF06FF9E91901EBD17100EB61001D
:106C200005B230460CF04DF9F18A00EBD07001EB63
:106C3000600005EBD571A0EB610060802844E08026
:106C4000694630460CF004F9BDF800002080BDF81C
:106C50000400A080BDE8FC812DE9FF410646FFF756
:106C600021FD040020D04FF48027394630460DF036
:106C700014F905463046582239460DF07BF806B225
:106C8000204609F090FC0146002041F6FF72CDE954
:106C90000002029033462A4603A812F05FF8BDF9BD
:106CA0000C0004B0BDE8F0810020FAE739B10129F9
:106CB00009D0022905D0042907D0002070473C30B4
:106CC000704748307047543070476030704700005C
:106CD0002DE9F04104460D46668C00200423C6F3DE
:106CE0000511E2680BE000BF03EBC007D7595FEA6C
:106CF000871C03D527F07F47AF4202D0401C81425A
:106D0000F2D8814203D002EBC000BDE8F0814FF021
:106D1000806000EBB6204FEAB0506084C0F30510ED
:106D2000C10010460AF0B8FBE060608CC0F30510AB
:106D3000401E0DD06FF00702E16802EBC00601EBC8
:106D4000C0030E44401ED6E90016C3E90016F3D175
:106D50000821E0680AF09AFC08200AF0C3FAE1680A
:106D6000086010F00CFAE168486840F00070486074
:106D7000E16865F317004860E068C6E738B50C487D
:106D80000D46144690F820004FF00201C0074FF066
:106D9000120002D00EF0C0FF01E00EF0D5FF224637
:106DA000294603F079FD0090BDF8000038BD0000D1
:106DB000602B00202DE9F0474FF0000CDDE909645D
:106DC000089DDDF82CA0E1466F1E09BB052A03D003
:106DD000062A01D0042A02D10023012D01D000216E
:106DE00009E001225FF000019C4436F81180491C43
:106DF000C4440FFA8CFCA942F6D3ACEB030109B2F0
:106E0000072A2AD2DFE802F004070B2921160D0019
:106E1000A4F8009021E0411A01EBD17112E0411A6F
:106E200011E0411A09B23AB291FBF2F1A4F80090D4
:106E30000BB212E0411A09B22AB291FBF2F10BB285
:106E400003EBD3714910218007E0411A0AB2691C93
:106E500009B292FBF1F10BB2238000210BE000BFDD
:106E600034F8112036F811C0624404EB410C1A4486
:106E7000ACF80220491CB942F2D304EB450106EB01
:106E8000450231F8021C32F8022C11442288891A7A
:106E90000AB2BAF1000F0CD0002108E034F811302A
:106EA00036F81170C31ADB1B24F81130491CA942B3
:106EB000F4D31046BDE8F08770B58AB00446FFF7FA
:106EC000F5F905462046FFF7FFFD002D5CD00028B0
:106ED0005AD069462046F6F781FA0C2107A80AF035
:106EE000D5FB2046002132220CF044FF0546204607
:106EF000002112220CF03EFF4619204600211022EC
:106F00000CF038FF054420460CF075F9A18A314495
:106F1000081AADF8240020460CF074F9E18A2944DF
:106F2000081AADF82600002507E0006807AA6946A0
:106F300050F8250000F070FB6D1CA0684168A94264
:106F4000F3D800980AF048FA01980AF045FA029836
:106F50000AF042FA03980AF03FFA002120460CF0AA
:106F6000FFFF0546002120460CF04EFD42F2D17194
:106F70008D4201D0884202D120460DF003FF00224D
:106F80002B21204607F0E0F90AB070BD0021A0F1E6
:106F90003002092A01D8D1B216E0612801D3203885
:106FA000C0B2413806280FD2DFE800F00305070918
:106FB0000B0D0A2108E00B2106E00C2104E00D2155
:106FC00002E00E2100E00F21084670472DE9F0474E
:106FD0000446406A4FF4404102F082F894F92E10C2
:106FE000A08D0122FFF77EF90546206B18B300261D
:106FF0004FF002084FF00309AF1D4FF4004A17E0AD
:10700000206BA28D30F8261091420FD108EB86013B
:10701000415694F92E20914208D109EB8601405641
:107020005246384481B2606A02F068FB761CB6B200
:10703000A08EB042E4D8A08D218D884211D194F960
:107040002E1094F92A0081420BD194F92B00AD1D2A
:10705000284481B2606ABDE8F0474FF4804202F0F4
:107060004DBBBDE8F0872DE9F041044690F82A00B9
:10707000C00738D0A08C0721B0FBF1F0E18CB1FB48
:10708000F0F200FB121200EB40010A4492B2B2FB94
:10709000F0F300FB13200844E28420850021204601
:1070A0000CF0FBFE0546002120460CF023FF0746AE
:1070B000B5F9085020460BF097FE06462046FFF72C
:1070C000F1FA0246E18CE819414306EBD67005EB74
:1070D000D573BDE8F0414010A0EB6300401A01B247
:1070E00010460EF0B4BDBDE8F081000070B50D4C47
:1070F000064600200D460A4620601D21304607F056
:1071000023F9206858B1017839B12946F1F7A8F878
:1071100028B13046216810F0DBFE002070BD012050
:1071200070BD00009002002010B50C2211491248D9
:1071300000F092F80F4C2078AA2808D16078BB287C
:1071400005D1A078CC2802D1E078DD2804D00BA0AE
:10715000F3F7B8FC012010BD0921064800F070F8D3
:10716000617A814204D00AA0F3F7ACFC022010BD82
:10717000002010BD2804002000600008666C6173C8
:1071800068206D61676963206572726F720D0A0015
:10719000666C61736820636865636B73756D2065E9
:1071A00072726F720D0A000010B5FFF7BDFF002864
:1071B00008D04FF47A7404A0F3F784FC2046F1F76A
:1071C00001FCF8E710BD0000666C6173682063661F
:1071D0006720706172616D20736563746F722065E2
:1071E00072726F720D0A000070B50446FFF79CFFC3
:1071F00020B109A0F3F766FCFF2070BD0E4D0921F8
:1072000028462C7200F01CF86872032229460B48AD
:1072100000F032F8002070BD666C6173682067650D
:10722000742075706461746520666C616720657296
:10723000726F720D0A000000280400200060000830
:10724000034610B50020024603E09C5C521C20441B
:10725000C0B28A42F9D310BD10B5B2F5006F01D9A2
:10726000012010BD002302E0C45CCC545B1C93429F
:10727000FAD3002010BD0000F0B585B016460F46C9
:107280000546F1F74FFC0020019000900121CDE967
:107290000351694601A8F1F7A7FB002409E000BFEC
:1072A00057F8242005EB840100230220F1F7FAFBB4
:1072B000641CB442F4D3F1F7EBFB05B0F0BD2DE94B
:1072C000F04188B01F4614460D4606460DF086FA7A
:1072D000002842D0A54240D04FF4B470854202D974
:1072E000A5F5B475ADB2844202D9A4F5B474A4B2C4
:1072F000B18C4A1995B221448CB2854202D9A5F5C8
:10730000B475ADB2844202D9A4F5B474A4B207AA8C
:1073100006A93046FEF782FF394630460CF0E1FA06
:1073200080463046394651220CF024FD04A908B1AC
:10733000012200E00022CDE90221CDE90048BDF89C
:107340001C00BDF91A1082B2BDF918002B4603F0DB
:10735000D1FF04A930460DF0F6F908B0BDE8F08180
:107360001FB5044603AA02A9FEF758FF6B46BDF9F4
:107370000C2002A92046FFF73FF9204600F01AFB37
:10738000011E03DD0246684601F073FC6946204693
:107390000DF0D9F91FBDF0B50546A1F57F408BB0C2
:1073A0000E46FF3858D0288EB04255D9A86A00EB57
:1073B000C601684601F0FBFB03A928460BF048FD17
:1073C000002128460CF082FC0746002128460CF0DC
:1073D000DBFB044628460BF041FD03F0AFFE0A211B
:1073E00090FBF1F2BA4201DB90FBF1F790FBF1F375
:1073F0003AB2A34201DB90FBF1F4BDF80C30BDF8CA
:107400000000991A0844ADF80000BDF80E10BDF850
:1074100002000F1B3844BDF8047000B23B441A440C
:10742000ADF80420BDF80620ADF802001144214457
:1074300009B2ADF80610AA8EB24209D1EA6A32F852
:107440001620520504D5091A491C401AADF802004D
:10745000694628460DF077F90BB0F0BD1CB504461F
:1074600001466846FFF788F8694620460DF06BF93B
:107470001CBD2DE9FC470446B0F882000D46A84229
:107480007DD920460BF0CAFCB4F88410484340F381
:107490000F2620460BF0DCFD074694F88800010714
:1074A00005D500F00700012806D002286DD020463F
:1074B000BDE8FC470DF024B9002120460CF06EFA1F
:1074C0008046002120460CF077FBA28A40441044FD
:1074D000C01B0FFA80F920464FF4A02149220CF07E
:1074E00049FC0FFA80F84FF4003120460CF03EFDC5
:1074F0000746A08AADF80000E28AADF80220208B92
:10750000ADF8040008EB0700618B121A0844ADF8CF
:107510000220ADF80600B4F88200401EA84217DD34
:1075200006FB05F191FBF0F24A44A2EB0801C91BEE
:10753000ADF80010691C714391FBF0F1494401EB77
:1075400008003844ADF80400694620460DF0FBF809
:10755000002D47D0681E06FB00F1B4F88200401EE3
:1075600091FBF0F24A44A2EB0801C91BADF80010F0
:107570006E4396FBF0F1494401EB080001E031E075
:1075800003E03844ADF8040028E0002120460CF068
:10759000F5FAB4F8841048434FEA2028B4F8820082
:1075A00006EB080191FBF0F6002120460CF0F6F9FD
:1075B00081467543002120460CF0FEFAA18A48441A
:1075C00029444518694620460BF042FCE81B811906
:1075D000A0EB0800ADF80410ADF8000069462046A5
:1075E0000DF0B1F8BDE8FC8770B505460CF089FDDB
:1075F000044628460BF065FC844201DB012070BD87
:10760000002070BD28B10A2803D00D2801D0002029
:1076100070470120704700002DE9F74F0D4682B0FA
:107620000446B0490CF0BDFD00287DD12046FEF790
:107630004FFE82462046FFF7CFFA5FEA000973D07B
:10764000BAF1000F70D02046FEF738FE07462046FC
:10765000FFF7B8FADFF890B2064620460021BBF8E3
:107660000E200CF087FB00F0FF0820460021BBF83D
:1076700014200CF07FFBC0B201902B6807EB0A00CE
:107680006FF00102D5F808C033F8171002EB400084
:107690001B5A3CF800001844401A00B200906B6876
:1076A00006EB090002EB400033F816101A5AEB689B
:1076B000185A1044401A0FFA80FB002120460CF0A3
:1076C00028F901280AD1B8F1000F03D0B8F1020F50
:1076D00002D003E0022000E000208046208BA18A37
:1076E000401A401C0FFA80FA608BE18A401A401C55
:1076F0000FFA80F94046B8F1010F1BD0022824D0C0
:107700002868B8F1030F30F9170028D18046608C43
:10771000DDF800A040F400606084019801287BD06F
:10772000022877D0032800E0D8E0686830F91670A6
:1077300071D119E029680098A0EB0A0031F8171000
:1077400000EBD07001EB600008E020460CF0D9FCA3
:10775000296831F8172000991144081A00B28046B0
:10776000608C20F40060D7E7608CD94640F48060DC
:10777000608420460CF0C5FC504504D120460BF037
:10778000A0FB484527D0A08AADF80000E08AADF8FC
:107790000200208BADF80400608BADF80600204697
:1077A0000CF0AEFF04F114005146054601F087FAD3
:1077B0004946284601F07EFA20460CF0A1FF6A46B1
:1077C0002921204606F0C0FD20460BF0BBFB2246D7
:1077D000222106F0B9FD204600216B220CF0CAFAE6
:1077E00006B2204600216C220CF0C4FA05B22046F5
:1077F0000CF087FC814620460BF063FB0146C6F384
:10780000413064224FF4FA634FF47A7C01281BD094
:1078100027E001E00AE013E06968ABEB090000EB48
:10782000D07031F8161001EB600008E020460BF034
:1078300048FB696831F8162002EB0B01081A07B201
:10784000608C20F4806093E726F4C040984208DC06
:10785000604501DDC0F57A7000FB09F090FBF2F0A5
:1078600006B2C5F3413001280BD125F4C04098423F
:1078700007DC604501DDC0F57A70484390FBF2F00B
:1078800005B2049A08EB0600791912891044A28AFD
:10789000801A05B2049840890844E18A401A06B269
:1078A00055EA06001AD020460CF02AFFA08A284488
:1078B000A082208B28442083E08A3044E082608BC1
:1078C0003044608320460CF01BFF05B03246294649
:1078D0002046BDE8F04F00230CF0B8BF05B0BDE86E
:1078E000F08F000001000600D40000202DE9F041D7
:1078F000064615460F46002005E039462046B047AB
:1079000001280AD0204612F029F9040002D060684C
:107910008000F2D10020BDE8F08105B12C6001208B
:10792000F9E703880A88934201D0981A7047408883
:107930004988401A704703780A78934201D0981A10
:10794000704740784978401A704700002DE9F041AF
:107950004268096822F040428A4227D10446FEF775
:10796000EBFBDFF84C800546D8F80820131BA2EB90
:1079700005005E1BC8F8080015D02746611932467D
:10798000384609F0B1FD06E0A068401BA060204623
:10799000FEF7D2FB0444D8F808008442F4D1B819A9
:1079A000294609F073FE0120BDE8F0810020FBE7C5
:1079B000B40000202DE9F0414FF440360446402247
:1079C00031460CF0D7F905462046432231460CF0EB
:1079D000D1F9284405B2314620460CF021FA00289E
:1079E0003146204602DD0CF01BFA02E00CF018FADA
:1079F0004042284405B2314620460CF01DFA0028CA
:107A00003146204602DD0CF017FA02E00CF014FAC1
:107A10004042284405B22046352231460CF0AAF9EE
:107A200007462046382231460CF0A4F9384400B20B
:107A3000854200DD2846BDE8F08170B5054606F0B8
:107A400041FC0446284606F07BFC06460BF07AFA19
:107A500005462A2C01D0292C0BD10021304609F0F3
:107A60008DF9284612F09CFB2846BDE8704013F0C3
:107A700065BD70BD2DE9FC41064614468846D80711
:107A800029D004F108000125002206F1140107465F
:107A9000F3F758F958B100208DF800006A4612211A
:107AA0003046019706F050FC9DF8000098B16089BF
:107AB000218A0844401EE081B4F90E10B4F9060092
:107AC000814200DDE08102B02A4621464046BDE801
:107AD000F04104F0E7B80025EEE72DE9F041074654
:107AE00088B01D46164688460846F3F79DFE0446B4
:107AF00002A940460BF0ACF92246114602A801F05B
:107B0000B8F8022E05D0012E29D0002008B0BDE81B
:107B1000F081DDE90201CDE9040100231A4604A940
:107B200040460CF03BFA04AA6846B968F3F7E2F85D
:107B30000028EBD0DDE90001CDE906010123002298
:107B400006A940460CF02AFA06A902AA0846F3F74D
:107B5000D1F80028DAD006982860079809E002AA30
:107B60006846B968F3F7C6F80028CFD000982860B7
:107B7000019868600120C9E770B504460BF0E2F88F
:107B80000646002506E0A068006850F82500FFF7CB
:107B9000F3FF6D1CB542F6D3608CC1071AD020F0FC
:107BA0000100608420460DF0EDF820460DF00CF841
:107BB00086B1002120460BF039FF58B10C494968C5
:107BC000884207D80B49096801EBC00050E902213F
:107BD00020469047608C810708D520F00200608421
:107BE0002046BDE8704000210CF032BF70BD00009F
:107BF00098000020140200202DE9F0478046089DDF
:107C00001F46E86900FB01F39B12002807DD934241
:107C100007DD00BF95F8280080070DD48BE0934264
:107C2000F8DBCB1943439B12002808DD934239DA75
:107C300095F8280080077ED40120BDE8F0879342A4
:107C4000F6DCA869521C504340F395000312C0B201
:107C5000FF22002828D000BF6E6AC0F1FF0404FB99
:107C600006F4A2EB242600BFA3EB0104A14636D004
:107C7000002C15DBBC4213DAC0F1FF00C6F1FF0196
:107C80004843A2EB6020C1B295F82800800701D5D7
:107C9000C1F1FF0118F8040011F038FE08F80400E3
:107CA000641C1CE0A869CEE74FF0FF06DCE7002C5F
:107CB00010DBBC420EDAA6EB6000C1B295F82800DA
:107CC000800701D5C1F1FF0118F8040011F01EFE74
:107CD00008F80400686A641C361ABC4202DA686A52
:107CE000B042E4DBBC4218DA002C16DBA869704312
:107CF00080127043C0F34721E869002801DAC1F11E
:107D0000FF0195F82800800701D5C1F1FF0118F89F
:107D1000040011F0FBFD08F8040095F82800800726
:107D200007D54946B94506DC00290DDB404609E088
:107D300001E0641C01D500207FE7BC4204DC391B54
:107D400008EB040009F0A2FC022076E72DE9F05FC1
:107D500006460A9F8A461D46B86900FB02F18C124E
:107D6000002800DD641C97F82830544502DA980793
:107D700007D4D5E08C120AEB050CA44502DA98076B
:107D80007ED483E0521C424341F3950142F39504B3
:107D90004FEA2129221204F0FF08C9B2A9EB0A0414
:107DA000914505D0002803DA11B9FF219146641EE0
:107DB000914528D1002C0CDBAC420ADA01EB08001B
:107DC0004108980701D5C1F1FF01305D11F09EFD1A
:107DD000305597F82800641C800706D5A9EB0A01E6
:107DE000A9424DDA8EE030460AE0AC4200DD2C4676
:107DF000002C45D006DD00BFA5EB040106EB040016
:107E000009F044FC89E04FF0FF0B002844DAF869E0
:107E1000404248434FEAA028002C0DDBAC420BDA6D
:107E200008FB01F0C0F34721980701D5C1F1FF011C
:107E3000305D11F06BFD3055B969A8F1FF00414389
:107E40008812641E11D4AC420FDAC8F1FF0141431D
:107E5000ABEB6120C1B297F82800800701D5C1F1D2
:107E6000FF01305D11F052FD305597F82800A41C39
:107E7000800709D5A9EB0A01491EA9424DDC00E0A3
:107E80004EE00029AFDC48E0AC4202DD0120BDE855
:107E9000F09F002CB0DA40E0C1F1FF00F9694143E6
:107EA0004FEAA128002C0EDBAC420CDA00FB08F0F4
:107EB000ABEB6020C1B2980701D5C1F1FF01305D85
:107EC00011F024FD3055B969C8F1FF004143891212
:107ED000641C0ED4AC420CDA4843C0F3472197F837
:107EE0002800800701D5C1F1FF01305D11F00EFDC2
:107EF000305597F82800641C800707D5A9EB0A01C4
:107F0000A9420DDC0029BFF66EAF06E0AC4200DDF1
:107F10002C46002C04D03FF76FAF4FF00200B6E7BD
:107F20004FF00000B3E77CB5446A07F003FE054656
:107F300007F041FE04280CD1E18E204621870AF08B
:107F4000BBFF064606F03EFE18B10021304606F0A3
:107F5000A7FE284607F02FFE012804D0284607F088
:107F60002AFE03280AD101A9284607F0F9FDBDF928
:107F700006102046FEF76CFAE0862087204605F0C2
:107F80006DFEA06A10B920460CF0BAFBE08E00909E
:107F90006A461C21204606F0D7F97CBD2DE9F04148
:107FA0000746884600261448F3F761FB04461DE0A7
:107FB00021461148F3F76DFB05462068B84200D012
:107FC0009FB96168414502D0B8F1000F0DD121463B
:107FD0000948F3F7E7FB216909B1204688472046A5
:107FE00009F00CFAF4F7EEFD01262C46002CDFD147
:107FF0003046BDE8F0810000B42B002070B5054686
:108000000C460948F3F733FB0BE00168A94204D1A1
:108010004168A14207D0002C05D001460248F3F781
:1080200038FB0028F1D170BDB42B002010B50446F8
:10803000442109F02BFB4FF4FA70E062002020622B
:108040006420A0620120A4F840000448E06194F894
:10805000420040F0010084F8420010BDC7800108D2
:1080600038B504464FF480650095D4E90B20002311
:10807000194609F019F94FF46E7332220021009568
:1080800000F0CAFF226AA16A891A414302EBA120CB
:1080900038BD38B504464FF480650095D4E90B200F
:1080A0000023194609F000F940F2B6334FF461722B
:1080B0000021009500F0B0FF226AA16A891A4143AD
:1080C00002EBA12038BD38B504464FF48060009023
:1080D000D4E90B200023194609F0E6F8226AA16AC8
:1080E000891A414302EBA12038BDD0E90B128A4224
:1080F00001DB806A7047006A70478B1A002B00DC36
:10810000531A4FF47A714B43B3FBF0F0002800D1BF
:108110000120704770B54168054611B12868FFF726
:108120003DFF1948F3F735FB184E10B110F0D4FAA3
:1081300070601548F3F7C0FA040024D044222946A1
:1081400009F0D2F92868A84200D12460717894F827
:10815000420061F3820084F84200C0070FD06169D9
:1081600039B120468847216A01442162A16A084446
:10817000A06262681AB1206808B1216A9047F4F7DA
:1081800021FD204670BDFEE7B42B0020FC0100203D
:1081900070B5458D848D0023A54201D22B4602E0A7
:1081A000C5F5B4752C448B420FD8A1420DD8E21A04
:1081B000B1EB520F416B02D841F0080101E021F010
:1081C0000801416341F0100134E04FF4B47593426B
:1081D00007D19E1A2644AE4203D0416B41F00801FC
:1081E000F0E7934209D3C2F5B4768E4205D8A9428E
:1081F00003D8416B41F008011AE0934206D2D61A27
:10820000C6F5B4768E4201D8A942F2D92244AA42D8
:1082100005D81944A14210D3914206D90DE0A2F528
:10822000B4728A4209D3A14207D9416B21F00801F7
:1082300021F010014163012070BD002070BD10B518
:1082400000200C468884872161852D22A285E18447
:1082500049002185616B21F0060161634FF4004103
:10826000E185616B2086642041F00801608621F081
:10827000010060631001A06310F02EFAE063208D0E
:10828000A4F84000606B022120F0100060632046DB
:1082900009F046FD4FF4447120460AF027F92046C4
:1082A000BDE810400D210DF0F5B900002DE9F04FAB
:1082B000AFB0044606F044F80746204606F008F83A
:1082C0002A9028AA2CA93846FDF7A8FF06A82A99C3
:1082D0000AF064FBBDF9A000DFF888810DF1B00A57
:1082E0000DF1080B00282DDD584602F0E0FF02AA30
:1082F000002138460BF05FFF0020CDF83CA0139022
:10830000CDE90780BDF8A000ADF8540006AA1A21F7
:108310003846CDF838B006F017F8B98DB88C7A8D9C
:108320000144104489B280B2CDE90001BDF8543057
:108330002CAA02A92A9802F0AAFF06AA1B213846F5
:1083400006F002F84FF40039494638460BF040FC7D
:108350000646494638460BF083FC054649463846F2
:108360000BF0D2FC0446494638460BF0D1FBAE4236
:1083700001DD314600E02946844201DD224600E06D
:108380000246914205DDAE4201DD304604E028465A
:1083900002E0844200DD2046BDF8A010081A04B2B5
:1083A000002C34DD02A802F082FF02AA4D464946A5
:1083B00038460BF000FF0120CDF83CA01395CDE925
:1083C0000780ADF8544006AA1A213846CDF838B0D7
:1083D00005F0BAFFBDF90A10BDF95400814201DD74
:1083E000ADF80A00398DB88CFA8C0144104489B27A
:1083F00080B2CDE90001BDF854302CAA02A92A9818
:1084000002F045FF06AA1B21384605F09DFF2DAB63
:10841000BDF9A0202CA93846FEF7EEF818A804F004
:10842000EBF94FF4403418AA214638460CF011F805
:1084300002201394CDE907802DA8099018A80A906E
:1084400006AA1A21384605F07FFF2DAA18A92A98F6
:1084500004F0BEF906AA1B21384605F075FF2FB0BF
:10846000BDE8F08F28A904082DE9F04786B08A46B8
:10847000FC480AF03FFC01287ED1504605F022FF5F
:108480000546504605F05CFF0646504605F058FF8D
:108490000446022D11D0082D6FD0032DFCD00D2DD8
:1084A0006CD0112D6BD0132D6AD0152D64D106B070
:1084B0005046BDE8F047FFF7F9BE07F03BFB05006B
:1084C0005AD007F078FB012856D101A9284607F0B9
:1084D00047FB03AA02A93046FDF7A0FEBDF8040041
:1084E000BDF80810401AADF80400BDF80600BDF84C
:1084F0000A10401AADF8060094F83400C00742D1C3
:108500004FF4003130460BF0ECF90546BDF80C0095
:108510004FF48031401BADF80C0030460BF03AFEB2
:1085200010B1BDF80C0008E0BDF90C00C11700EB5C
:108530009171B5EBA10F00DA8D10401BADF80C0066
:1085400000B2012802DA0120ADF80C00BDF90410D8
:10855000BDF90600494300FB0011BDF90C00404382
:10856000814206DD606B40F00100606310F0B4F8FA
:10857000E06394F8340004E076E0DDE0F6E019E131
:1085800059E1C00770D0BDF9041019B9BDF8060053
:10859000002869D0B4F92C70628DB8B2904202D232
:1085A00000F5B47007B2BDF9060000F08DFBA18C98
:1085B000401A618D401A05B2002D02DA05F5B47536
:1085C0002DB2BDF90C004FF41D7148436421B0FB7E
:1085D000F1F8002002F0B2FD00EBC00101EB001148
:1085E0004FF0500909EB4100B0F5A07F0CD30020FB
:1085F00002F0A4FD00EBC00101EB001109EB41000A
:10860000A021B0FBF1F000E001204FF4B471484329
:10861000B0FBF8F294F834002946C0F3C0093046A4
:10862000FFF7B6FD00281FD0618DB4F84020781AFE
:10863000511A0FFA81F8A5EB080109B24FF40C7337
:1086400001F58C7100B2994205D994F834201207D3
:108650000BD500250AE0626B5FEAC26C06D41207F4
:1086600003D5424215B201E063E00546B9F1000FBF
:1086700008D0606B02070ED4C0060CD499420AD908
:10868000002508E0B9F1000F05D1616B0A0702D59A
:10869000C90600D40546A5EB080005B2E06B10F052
:1086A00015F8A16B41434FF47A70B1FBF0F080B242
:1086B000854202DC4042854200DA05B2618DB4F9A0
:1086C0003200B4F9303008EB0502A7EB010CC51AF3
:1086D0004FEACC0C9CFBF5F52D1D02EB25120A444C
:1086E0000FFA82FCB4F92E5000903A46604608F02A
:1086F000DBFD07B2B6F92E00B8420FD00FF0ECFF49
:10870000E0633946304600F0F6F9AF4206D0002269
:108710001C21304605F018FE01280AD1B4F93000BA
:10872000B84203D0B4F93200B84202D10FF0D4FFFE
:10873000E06306B0BDE8F087606B20F00100606385
:1087400030460AF0B9FB054606F03CFA044607F04D
:10875000F1F907F030FA0428EBD1002CE9D006B08B
:108760002846BDE8F047002106F09ABA504605F0C9
:10877000E5FD0078B4F92E50132806D0112804D056
:10878000142805D0122803D008E0F08D401C01E029
:10879000F08D401E01B2304600F0ADF9B4F92E0064
:1087A000A842C6D006B03046BDE8F04700221C21E2
:1087B00005F0CABD504605F0C1FD044604AA03A950
:1087C0003046FDF72BFDB068002508B1B0F9145014
:1087D000002130460BF085F80646BDF810102844FD
:1087E000081ABDF80E20ADF81000111809B200915A
:1087F000BDF80C10121A0B18081A01B21BB212B2F3
:1088000001A800F050FA47F6FF773A4601A8216820
:10881000F2F758FB08B100200BE006EB450002B26E
:10882000114601A800F025FA3A4601A82168F2F79E
:1088300049FB20717DE7002130460BF0C9F907465E
:10884000002130460BF00CFA0546002130460BF0B3
:108850005BFA0446002130460BF05AF9AF4203DDC3
:10886000394602E028A904082946844201DD22464F
:1088700000E00246914205DDAF4201DD384604E0EA
:10888000284602E0844200DD204680464FF440390D
:10889000494630460BF09CF90746494630460BF0F6
:1088A000DFF90546494630460BF02EFA04464946A4
:1088B00030460BF02DF9AF4201DD394600E0294684
:1088C000844201DD224600E00246914205DDAF42CE
:1088D00001DD384604E0284602E0844200DD2046FF
:1088E000801CA0EB08043046FFF764F8204404B273
:1088F000504605F023FDB0F90010A14200DD0C4602
:10890000048016E770B50C460546114600F07EF867
:1089100021462846BDE8704000F0B4B870B50C465A
:108920000546114600F006F821462846BDE870408D
:1089300000F036B870B54FF4B47305460C46994252
:1089400002D9A1F5B474A4B2A88D698D421A611A36
:1089500012B209B2002A02DA02F5B47212B2002988
:1089600002DA01F5B47109B28E1AB4369E4203D907
:1089700028460BF0C5FE0DE0914203DA00230246C3
:10898000214604E08A4205DA0023224601462846B1
:10899000FEF795FC2846AC85BDE8704015F0F7BDA4
:1089A00070B54FF4B47305460C46994202D9A1F54F
:1089B000B474A4B2A98D688D0A1A091B12B209B247
:1089C000002A02DA02F5B47212B2002902DA01F5C5
:1089D000B47109B28E1AB4369E4203D928460BF000
:1089E0008FFE0DE0914203DA00232246014604E0A7
:1089F0008A4205DA0023024621462846FEF75FFC3C
:108A000028466C85BDE8704015F0C1BD70B54FF4C7
:108A1000B47305460C46994202D9A1F5B474A4B2C8
:108A2000288DE98C421A611A12B209B2002A02DAC0
:108A300002F5B47212B2002902DA01F5B47109B27A
:108A40008E1AB4369E4203D928460BF059FE0DE02B
:108A50004FF40033914202DA0246214603E08A4293
:108A600004DA224601462846FEF729FC2846FEF78E
:108A700077FC28462C85BDE87040FEF771BC8184E8
:108A80000BF03EBE70B54FF4B47305460C469942E8
:108A900002D9A1F5B474A4B2298DE88C0A1A091B75
:108AA00012B209B2002A02DA02F5B47212B2002937
:108AB00002DA01F5B47109B28E1AB4369E4203D9B6
:108AC00028460BF01DFE0DE04FF40033914202DA10
:108AD0002246014603E08A4204DA0246214628463D
:108AE000FEF7EDFB2846FEF73BFC2846EC84BDE88C
:108AF0007040FEF735BCB0F92E308B420ED0B0F985
:108B000032208A4200DA1146B0F930208A4200DD74
:108B100011468B4202D0C18515F039BD70470A88D5
:108B200002804A8842808A888280C988C1807047D2
:108B30000A8802804A8842808A888280C988C180E7
:108B400070470A8802804A8842808A888280C98861
:108B5000C18070470A8802804A8842808A88828061
:108B6000C988C18070470A8802804A8842808A8802
:108B70008280C988C18070470A8802804A88428002
:108B80008A888280C988C18070470A8802804A88A2
:108B900042808A888280C988C18070470A880280A2
:108BA0004A8842808A888280C988C18070470A8842
:108BB00002804A8842808A888280C988C180704742
:108BC0000A8802804A8842808A888280C988C18057
:108BD00070470A8802804A8842808A888280C988D1
:108BE000C18070470A8802804A8842808A888280D1
:108BF000C988C1807047C1884088081A401C00B2EB
:108C00007047C1884088081A401C00B27047C1886C
:108C10004088081A401C00B27047B0F90410B0F93F
:108C20000020891AB0F90620B0F90200101A401C81
:108C3000491C4843704781880088081A401C00B2CC
:108C4000704781880088081A401C00B270478188EC
:108C50000088081A401C00B2704781880088081AF2
:108C6000401C00B2704781880088081A401C00B27E
:108C7000704703885B1A0380838819448180418888
:108C8000891A4180C1881144C180704703880B4410
:108C90000380838819448180418811444180C188C0
:108CA0001144C180704710B5029C018042808380CE
:108CB000C48010BD4288491E1144C180704702889B
:108CC000491E1144818070470022002801DA0122E8
:108CD0004042002901DA4942921C884207D9C1EB7F
:108CE000011101EB4101B1FBF0F3103205E0C0EBE3
:108CF000001000EB4000B0FBF1F30020D9B21629C0
:108D00000BD92C2900D80120292900D8401C25295D
:108D100000D8401C20290BD90BE0022900D30120E8
:108D2000062900D3401C0A2900D3401C0F2900D378
:108D3000401C1844D10601D5C0F15A0091074FEAF2
:108D4000C27105D509B1B43005E0C0F1B40002E04C
:108D500009B1C0F5B47080B27047C16000680BF013
:108D6000CFBC00684FF0FF320168C26001F13C02E5
:108D7000904202D182684A6205E001F14C029042C1
:108D800001D182680A6300680BF0BABC10B50C46CA
:108D900000206421C4E90A0120636062A086208764
:108DA000E086608784F85C0004F13C01204600F016
:108DB000A6F804F14C01204600F0A1F80821204655
:108DC00009F094FB1021204609F090FB2046002278
:108DD000BDE81040114600F0BEB810B50C460021A9
:108DE00004F13C00FFF7DAF804F14C00BDE8104054
:108DF0000021FFF7D3B800002DE9F0410D463148BE
:108E000009F078FF012854D1284605F05BFA0446A2
:108E1000284605F095FA8046132C0AD0012C4AD03A
:108E2000082C48D0152C44D12846BDE8F041F7F76E
:108E3000EFBB4FF4003109F027FA0446284605F04D
:108E40007DFA0546B0F90000A04200DD04462C8002
:108E5000002140460AF0C2FE0746002140460AF0C3
:108E600005FF0646002140460AF054FF0446002153
:108E700040460AF053FEB74201DA394600E0314677
:108E8000844201DA224600E00246914205DAB74206
:108E900001DA384604E0304602E0844200DA204637
:108EA000002806DAB5F900104042814200DC014694
:108EB0002980BDE8F08108F134014046BDE8F04169
:108EC0000BF041BC44A9040890F85C0000F00300DA
:108ED000704790F85C1001F00301022901D0806A0C
:108EE0007047816D491C01D0406D7047006B704721
:108EF000816C491C01D0406C7047406A7047086023
:108F0000002048608860401EC860704738B513462E
:108F100090F85C2002F00302022A1BD1D0E90A4239
:108F20008A4201DD0D4600E01546AC4201DD2146D6
:108F300002E08A4200DC1146426A8A4200DA1146A7
:108F4000026B8A4206D0009300F14C0300F130021C
:108F500000F022F838BDF8B5456A13468D421AD0A4
:108F6000D0E90A428A4201DD0E4600E01646B442CC
:108F700001DD214602E08A4200DC1146026B8A4292
:108F800000DD11468D4206D0009300F13C0300F154
:108F9000240200F001F8F8BDF0B591B0074616982C
:108FA0001C4616460D4618B3E068401C2ED0A0683B
:108FB000C4E90105002118461560FEF7EFFF684679
:108FC000FFF734F812484FF48071CDE900400020DB
:108FD0000890CDE909010F48039038460021652229
:108FE0000AF0C8FE0B906846FFF794F811B0F0BD88
:108FF00000211846FEF7D2FF4FF0FF30E0603560E9
:1090000011B03846BDE8F0400BF07ABB3068CFE7CE
:109010005B8D0108638D0108F0B5C0F5806404FB29
:1090200004F5AD0A05FB04F64FEA962C00FB00F6AA
:10903000B60A06FB00F745435543BF0A0CFB01FC8B
:1090400074434FEA9C2105EB45005C43DDF814E0D6
:1090500004EB440201EB105007FB0EF700EB12503B
:1090600000EB9720F0BD10B50C461021204609F00A
:109070003DFA2046BDE810404FF4806108F050BE34
:1090800010B50146034809F083F9044609F0F4F9E4
:10909000204610BD60A9040870B50646008E0D4636
:1090A0001446A8421BD9E00608D5012130460BF032
:1090B00071F818B10121304609F018FAF06A30F859
:1090C0001510A14320F8151029463046FEF763F924
:1090D000600504D53046BDE870400BF0A9BF70BDF7
:1090E00070B50E460546002406E032462146284665
:1090F000FFF7D2FF641CA4B2288EA042F5D870BD41
:1091000008460021018641864FF6FF728286816201
:10911000C162416280F83610014900F049BB00008D
:109120007402002010B50146034809F031F90446E5
:1091300009F0A2F9204610BD7CA9040810B50C4620
:10914000886A08F05BF9E06A08F058F90020A0622C
:10915000E06210BD2DE9FC478A46FC4809F0CAFDD3
:10916000012844D1504605F0ADF80646504605F0BA
:10917000E7F800270446132E02D02A2E4AD01BE01F
:10918000608EA146002832D00025D9F8248032E034
:10919000D9F82C0030F81500C0F3802048B3608E59
:1091A00030B1204609F020FE0146608E91FBF0F0C0
:1091B00001B2504605F0E8F8292E2FD04FF6FF7582
:1091C000012E2DD0022E74D0082E6DD0062E6CD01C
:1091D000032E6BD00E2E6AD00F2E69D0102EFCD02D
:1091E0000D2E7DD0152E02D15046F8F785FABDE838
:1091F000FC876D1CADB258F825000028F7D0D4A12B
:10920000EFF72EF80028F2D058F825000078002853
:10921000BED1ECE7616A00F0CBFAE8E72046F9E757
:10922000504605F08BF806462046A18EFEF7B3F8AF
:1092300006F080FC06F0BFFC012801D003281BD1FA
:109240006946304606F08CFC69462046FCF7A2FED3
:109250002146A586A8421CD0E16A31F81010C1F35E
:109260008012002AC3D1C1F300110029BFD1A0860A
:1092700001462046FEF78FF8A08EA842B7D0E16ADB
:1092800031F81000C0F340210029B0D1C0F3802193
:10929000A2E08D86ABE700BFC0F300100028A6D186
:1092A000A08E019049E004E04DE08DE09CE09EE05E
:1092B000DFE0504605F042F8074606F03BFC064664
:1092C00006F079FC042892D0022890D069463046F6
:1092D00006F046FC69462046FCF75CFE064600E0C8
:1092E000CFE0A18E2046B14281D0A94201D0FEF745
:1092F00052F8A686384606F0B7FCAE4289D0E06A3E
:1093000030F81600C0F38011002986D1C0F3001098
:109310000028BFD131462046FEF73DF8E06A30F81C
:109320001610C1F340210029B4D1A18E30F81100EC
:10933000C0F380200028ADD1019601AA1C2120464F
:1093400005F002F853E7A18EA94238D0E26A32F85C
:109350001100C0F3C013ABB1C0F3801393B9C0F3D5
:1093600000231BB194F83630DB0713D040F4807033
:1093700022F8110094F83600C00703D02046A18ED1
:109380000FF0EAFFA08EE16A31F81000C0F340212F
:1093900031B902E020F48070EAE7C0F3802171B1B6
:1093A000C0F3801159B9C0F3001040B9A08E0190EC
:1093B00001AA1C21204604F0C7FF0128C2D1204683
:1093C000A18EFDF7E8FF12E7A08EA842BAD0E16AAD
:1093D00031F81000C0F340110029B3D1C0F380115F
:1093E00000293FF459AF02E72046A18E45E0208EC8
:1093F0000028A7D0504604F0A1FF074606F0DBFB8B
:1094000006462FB9002006F09BFB06F0D4FB06466B
:10941000204609F051FD05F0D5FBA18EA94291D15E
:10942000022E02D0042E2AD148B394F83610002020
:10943000E26AC90701D110E0401C32F81010C1F3F4
:109440000013002BF8D1C1F38013002BF4D1C1F32A
:1094500000210029F0D00AE0401C32F81010C1F3BE
:109460000013002BF8D1C1F380110029F4D1A0869C
:10947000BDE6A18E2046A94201D0FDF78CFFA5864E
:10948000B5E62046A18EFDF786FF504604F056FF54
:109490000078132813D0142836D004264FF0020980
:1094A000122857D011288AD1002120460AF06CFBDF
:1094B000A28E8446AA427AD1A786E26AA4E0A08E50
:1094C000A84201D1A78601E0401CA086A18E238E70
:1094D000994200D3A786A28EE66A08E0491C88B2AA
:1094E000A086984200D3A786A08E90427ED0A18EFF
:1094F00036F81100C0F3001CBCF1000FEED1C0F330
:1095000080100028EAD15AE7A08EA84201D1A78690
:1095100000E000B9208E401EA08683B2E26A09E016
:1095200011B1491EA18602E0208E401EA086A08EA9
:10953000984267D0A18E32F81100C0F30016002EB9
:10954000EED1C0F380100028EAD138E77CA90408E6
:109550000A000000002120460AF016FBA28E804679
:10956000AA4214D1A786E26A05E0491C88B2A08607
:10957000218E884246D2A18E32F81100C0F300132A
:10958000002BF2D1C0F380100028EED117E7A16ABA
:1095900006EBC2000B5A31F832001B1A5B1C43F376
:1095A0004E0318440FFA80FC1046238E1DE037E06E
:1095B00009EBC00709EBC205CF5F4D5FAF4212DD7B
:1095C00031F9305065450EDC06EBC0054D5F454472
:1095D000654508DBE56A35F81070C7F3801515B9E5
:1095E000C7F300152DB1401C80B200E00AE08342B1
:1095F000DED8834247D8E2E6491C88B2A086218E95
:10960000884201D3A586DAE6A18E32F81100C0F3B4
:109610000013002BF0D1C0F380100028ECD1CEE66F
:10962000A16A06EBC2000B5A31F832001B1A5B1C10
:1096300043F34E03184405B2B4F934001EE000BFF2
:1096400009EBC00709EBC203CF5FCB5E9F4213DA81
:1096500031F93030A3EB0C03AB420DDC06EBC00359
:10966000CB5EAB4208DBE36A33F81030C3F38017FC
:1096700017B9C3F3001323B1401E00B20028DFDA8C
:109680009DE60028B7DBA08699E600002DE9F041B1
:109690000F46A1F57F41FF3918D00546008EB8422C
:1096A00014D3002426460CE0641C686AA4B2761C1D
:1096B000B6B250F8240009A1EEF7D2FD08B9641C37
:1096C000A4B2BE42F0D1288EB04202D10020BDE843
:1096D000F081686A50F82400F9E700000A000000F1
:1096E000808E7047038E8B4204D9C06A30F8110017
:1096F000824301D0002070470120704770B50446B6
:10970000008E0E461546B04234D994F83600C00794
:1097100006D0E80504D54FF480712046FFF7E0FC41
:10972000E80616D5218E012001290ED9002309E073
:10973000B34205D0E26A12F81320D20600D400200A
:109740005B1C9BB29942F3D818B10121204608F066
:10975000E7FAE06A30F81610294320F8161031466F
:109760002046FDF718FE680504D52046BDE8704088
:109770000BF05EBC70BD70B50E460546002406E0D9
:10978000324621462846FFF7B9FF641CA4B2288E52
:10979000A042F5D870BD10B50446008E4200E06AC4
:1097A00007F0A2FE2046616ABDE81040AFF30080DA
:1097B0002DE9F34F97B00D0079D0179C2046F3F7B1
:1097C000ADF865620021162217980AF0D3FAC0B2EC
:1097D0001290002117980AF007FA0B9000211798B1
:1097E0000AF09EFA0F90002117980AF06FFA029083
:1097F000002117980AF0C8F90990179809F00EFB94
:109800000490179809F0F0FA618E0027C1F1010267
:109810000299A94601FB020000B21090384685E08B
:109820004FF0000B5D460AE0E06A791930F811004C
:10983000FCF77DFC58446D1C1FFA80FBADB259F853
:10984000250040B142A1EEF70BFD20B159F82500EB
:1098500000780028E8D15DB31099608E01FB08F113
:10986000B1FBF0F20F995318029A08FB023109B2CA
:109870000891109908F101025143B1FBF0F10F9AE0
:109880000298491E08FB0020084400B21490099970
:109890000498C5F1010201FB020000B20E900028FD
:1098A00001DA00200E904FF0000A564636E04BE0F9
:1098B000FFE709F1040036E0E06A30F81700FCF732
:1098C00036FC0E9901FB0AF1B1FBFBF209998244C7
:1098D00006FB01210E9A09B20AFB02F0B0FBFBF075
:1098E000099A401E06FB0200129A00B2012A06D114
:1098F0000A460499081A01B20498801A00B20B9A19
:10990000104403B2149800901144A06A09B200EB0D
:10991000C700089AFFF7C7F9761C7F1CAE42CBD36D
:1099200009EB8500001D814608F101008046608E2C
:1099300040453FF675AF17980BF07AFB179819B0B2
:10994000BDE8F04F0AF0DCBE19B0BDE8F08F0000B2
:109950000A00000080F8361000210FF0FDBC70B541
:109960000446008E0D46A84203D8A5F57F40FF3877
:109970000AD12046A18EFDF70EFD2046A586294678
:10998000BDE87040FDF707BD70BD00002DE9F04156
:109990000F460C4640F2E4712185012084F82A002C
:1099A00084F82B00A18584F82E0084F82F00002075
:1099B0002063A086A82104F58C7007F067FE0021C3
:1099C00008462D4B782506E028B14207B2F1604FDA
:1099D00008D0072808D253F8202000BF04EB8006E7
:1099E000B2630CE025A2F9E704EB810204EB8006E8
:1099F00082F8185102F58C72491CC9B2B263401C3E
:109A0000C0B23828E0D31EA0C4F814013846FFF7CE
:109A100089FB04F138016062FFF7CAFE54F8240F95
:109A20004FF40871FFF7A7FE00231A22154920689A
:109A300008F02AF942F2640120680CF0DCF80121F8
:109A400038460BF04BFE012120680BF057FE94F9CD
:109A50000A202189384600F019F894F9073094F962
:109A60000620A188384600F0ADF82068BDE8F04136
:109A70004FF4804108F054B90C0100200A000000A6
:109A8000000000007D2901082C3070472DE9F05FAF
:109A9000044688B2A08555B284F82E50012184F87E
:109AA0002F1082464021606AFFF71AFB0026B1B2F0
:109AB0004022606AFFF722FE761C072EF7D3564637
:109AC00029463046FCF792FE83462946012230465D
:109AD000FCF708FC064637464FF001080BEB070978
:109AE0000EE000BF04EB8700434635A2042100F5D9
:109AF0008C700DF095F808F1010000F0FF087F1C54
:109B0000B945EFD8691E5046FCF770FE0025801B52
:109B1000401CC7B212E000BF04EB85003B4628A200
:109B2000042100F58C700DF07BF8E81D81B2402215
:109B3000606AFFF7E3FD7F1CFFB26D1CB542EBD3FB
:109B400006EB0B05012711E004EB85003B461CA248
:109B5000042100F58C700DF063F8E81D81B24022FD
:109B6000606AFFF7CBFD7F1CFFB26D1C2A2DEBD383
:109B70002046FDF72BFA606AFFF7B2FDA0F57F41A2
:109B8000FF3903D0F11D606AFFF7E9FE20460AF0B5
:109B9000B7FD204609F0D6F8064600250BE0294619
:109BA000204609F0BDF8616A814203D022461C219B
:109BB00004F0CAFB6D1CB542F1D3BDE8F09F000074
:109BC00025640000018580F82A2080F82B30FDF7FD
:109BD000FDB910B50C46102104F12400F1F764FD25
:109BE000102104F13000F1F75FFD002024F86C0F24
:109BF0002081608060816420A080A081E080E0817D
:109C0000032060820520A0820A20E08247F6FF70D0
:109C10002082207F20F00700401C20F008002077E1
:109C20004FF480702083608310BD000070B50C4637
:109C300001F1240610E000BFF1F719FD0546007B95
:109C4000400702D4686807F0D9FB29463046F1F78F
:109C5000A9FD284607F0D2FBA06A00283046EBD1C8
:109C6000F1F7EFFC04F130050AE000BFF1F7FFFC6B
:109C7000064601462846F1F795FD304607F0BEFB43
:109C8000606B00282846F1D1BDE87040F1F7D9BCDF
:109C9000F8B50D467E4809F02DF8012874D1284604
:109CA00004F010FB0646284604F04AFB0446012E49
:109CB0002DD0082E69D0292E68D0132E67D02C2ED7
:109CC0007ED0152E7FD1284604F002FB05460146C2
:109CD0002046F6F749F92646002229462046FBF79A
:109CE00027F9012229463046FBF722F902222946AC
:109CF0003046FAF77DFF042229463046FAF778FF0E
:109D000004F12400F1F745FD002871D0B9E005F019
:109D100011FF694605F024FFBDF80010A08A254612
:109D2000081AADF80000284609F092F9BDF80010B5
:109D30004618284609F072F8B5F88410484340F3F5
:109D40000F270021284609F037FF301A00B20026FD
:109D5000002822DBB84203DDB5F88260761E1CE0E5
:109D600095F8881001F00701012902D002290FD0CF
:109D700013E0B5F88210491E414307EBD77001EBA1
:109D8000600090FBF7F608E01DE01DE024E027E00E
:109D9000B5F88210414391FBF7F6B4F97C00B0426C
:109DA00011D0B1B22046FDF764FB2046B4F87C1018
:109DB000FDF75FFB00222046A4F87C601C2100E038
:109DC00031E004F0C1FAF8BD34F87C1FFDF751FB17
:109DD00047F6FF702080F8BDBDE8F8400BF054B99D
:109DE000B4F94020B4F94C00824202DD164601E08D
:109DF0002EE0064634F9581FB4F90C30994201DDC3
:109E00000C4600E01C46A64205DD824201DD1146FB
:109E100004E0014602E0994200DC19462846BDE80C
:109E2000F84004F0B1BA284604F088FA0546204606
:109E300008F0F4FFB4F8841048430012288020464C
:109E400008F0D2FFB4F88610484300126880F8BDCD
:109E500094F8880000F00700012804D0022807D0F9
:109E600003280AD00DE029462046F9F7FBFA08E05E
:109E700029462046F9F7D8F903E029462046F9F7A4
:109E80000BFD29462046BDE8F840F5F7A3BE0000CB
:109E9000C4E802082DE9F04F8BB090460E4604004E
:109EA0001D460AD056B1B4F88210414507D80020AB
:109EB000288058800BB0BDE8F08FFEE7FEE7204613
:109EC00008F0ACFFB4F88410484340F30F27204655
:109ED00008F08AFFB4F88610484340F30F2004903E
:109EE00094F8880000F00700012804D003280AD065
:109EF000022819D065E0B4F8820007FB08F7401E7D
:109F000097FBF0F05CE000973168002331F918000E
:109F1000317BC1F3C00204EB4201B1F97820B1F901
:109F2000741007F0C1F94BE004F12400039007908E
:109F3000F1F7A1FB81464FF4A021204609F01EFE57
:109F4000B4F884104843001206900021204609F01E
:109F500015FEB4F884104FF0000A48430112029134
:109F6000B4F88200C0F1010202FB017191FBF0F034
:109F70000FFA80FB0798F1F793FB06E0B14206D099
:109F80000AF1010A0398F1F788FB0100F6D1029863
:109F9000B4F88210384400FB08F090FBF1F00BFBA2
:109FA0000AF1B1FBF9F1069AC9F1010302FB03B210
:109FB0000144B2FBF9F000B200EBD07001EB60009D
:109FC00028800021204609F0E9FC074600212046B0
:109FD00009F0F2FD2988384408442880204609F019
:109FE00037F82988081A28803146204600F02CF8D6
:109FF00000EB0801B4F88200049B91FBF0F200FB37
:10A000001210716880B231F91000317BC1F3001277
:10A0100004EB420232F96C1F401AB2F90420584393
:10A02000511A90FBF1F0181A68800021204609F0BF
:10A030005FFE6988384408446880204609F0D4F8F7
:10A040006988081A688035E729B190F88800000708
:10A0500002D448897047FEE70020704710B50AA077
:10A06000486201200C4688620221204607F058FE13
:10A070000821204607F054FE2046BDE810404FF46A
:10A08000806107F04DBE0000436865636B20626F1E
:10A090007800000010B591F828000C46C00704D1E4
:10A0A000606A07F0ABF90020606210BD2DE9F04F47
:10A0B000BDB0054604F044F90446284604F008F90A
:10A0C0003B900021204609F0DFFE3290B0F9087085
:10A0D00000213222204609F04DFE0546002120468F
:10A0E00009F024FE00EB050B0021204609F082FD5B
:10A0F00005440021204609F04DFD34904FF4003115
:10A10000204609F077FD81464FF40031204609F0E2
:10A11000B9FD06464FF40031204609F007FE3390A2
:10A120004FF40031204609F005FD359069224FF4C7
:10A130000031204609F01EFE82466A224FF40031AB
:10A14000204609F017FE804615A802F055FB15AA17
:10A150004FF4003120460AF07CF9A08A4119CA194F
:10A1600009EB06000244A2F10109E28A339802EBEE
:10A170000B05359AEB1910441E18A1EB0A00ADF837
:10A18000E40009EB0A00ADF8E800A5EB0800ADF823
:10A19000E600761E06EB0800ADF8EA0003A83B993E
:10A1A00008F0FCFB15A807902D484FF00008CDE9FA
:10A1B000040839A806904FF40030109003AA1A2121
:10A1C000204604F0C1F839AA15A93B9802F000FB1B
:10A1D00003AA1B21204604F0B7F80021204609F00D
:10A1E00077FE82460021204609F060FE41F6FF72AC
:10A1F000CDF800A0CDE901280346616A2FA8329A64
:10A200000EF0ACFD27A801F027FD27AA002120466B
:10A210000AF073F8701B401C00B2C01B00EBD0703A
:10A22000411034984844ADF89400BDF8BC20104467
:10A23000ADF89800E28A0BEB01001044ADF89600EF
:10A24000BDF8BE10CDF800800844ADF89A0025AAEC
:10A2500027A9636A3B9801F05FFA3DB0BDE8F08F33
:10A2600098A904082DE9FF5F0E463C4808F042FD1E
:10A27000012862D1304604F025F80546304604F046
:10A280005FF804464FF400382C2D09D0132D56D01A
:10A29000152D52D104B03046BDE8F05FFFF706BF80
:10A2A000304604F04BF805460021204609F0ECFD4D
:10A2B000064607890021204609F00AFE8146002152
:10A2C000204609F0F3FD002141F6FF72CDF8009021
:10A2D000CDE901210346324603A8616A0EF03EFD36
:10A2E0000021204609F056FC83464646414620465A
:10A2F00009F080FC81463146204609F0C3FC8046C7
:10A300003146204609F012FD82463146204609F0CA
:10A3100011FC024607EB0A00104407EB0901BDF8E7
:10A320000C2041440A4402EB0B012980BDF90E10B8
:10A3300000B2884200DC08466880BDE8FF9F3046D6
:10A3400003F0FCFF05464146204607F09DFFB5F9A6
:10A350000010814200DD08462880EEE798A9040835
:10A36000F0B504464FF4FA66C1F341307710642526
:10A3700001280BD121F4C040B04207DCB84201DD16
:10A38000C0F57A70584390FBF5F001B2C2F341304A
:10A3900001280BD122F4C040B04207DCB84201DDF5
:10A3A000C0F57A70584390FBF5F002B2944201DA9E
:10A3B000204600E01046884201DA0846F0BD94428B
:10A3C00001DA2046F0BD1046F0BDF0B504464FF46A
:10A3D000FA66C1F341307710642501280BD121F4CE
:10A3E000C040B04207DCB84201DDC0F57A70584386
:10A3F00090FBF5F001B2C2F3413001280BD122F4F9
:10A40000C040B04207DCB84201DDC0F57A70584365
:10A4100090FBF5F002B2944201DA204600E01046CB
:10A42000884201DA0846F0BD944201DA2046F0BDC8
:10A430001046F0BD002208B51146104600F018F98C
:10A440000090BDF8000008BD002208B51146104676
:10A4500000F040F90090BDF8000008BD002208B5EA
:10A460001146104600F04FF90090BDF8000008BDFD
:10A4700008B50020BDF8001060F3020189B260F356
:10A48000C70189B260F30C2189B260F34F31ADF896
:10A49000001088B20090BDF8000008BD002208B589
:10A4A0001146104600F061F90090BDF8000008BDAB
:10A4B00080B2C0F3C402C2EBC20303EB0222D21D7E
:10A4C000520962F317414207920E02EB503202EB3F
:10A4D000420303EB0222D21C920962F30F21C0F364
:10A4E0000420C0EBC00202EB0020C01D400960F355
:10A4F0000701FF2060F31F61C1F30740C1F307228A
:10A5000000EB400000EB8200C9B20844C0F3C70072
:10A51000704738B50C460546FFF7C0FF224629466E
:10A5200000F006FA0090BDF8000038BD07B58107BD
:10A53000BDF8043002D020F8023B521EBDF80410D2
:10A5400001EB01410EE002C0103A02C040F8081BC6
:10A5500040F8041C40F8101B40F80C1C40F8081C84
:10A5600040F8041C102AEED803E000BF20F8023B9C
:10A57000521E002AFAD10EBDF82101EA1041C0F3A3
:10A580004232114300F4E05208B541EAC20100F042
:10A59000F80041EA4010ADF8000080B208BDF82193
:10A5A00001EA1041C0F34232114300F4E05208B511
:10A5B00041EAC20100F0F80041EA4010ADF80000A5
:10A5C00080B208BDF8B5C0EB00204FF4B473B0FB07
:10A5D000F3F083B2C1EB01206421B0FBF1F0C2EBD8
:10A5E0000222B2FBF1F110F0FF00CAB223D02B21FE
:10A5F000B3FBF1F1C9B2552401FB043303EB430370
:10A600005B061D0E00FB05F4FF26C0F1FF03C5F13C
:10A61000FF054543A6EB1424A6EB152053435443F2
:10A6200050431B0A240A050A052918D2DFE801F065
:10A6300006090D1114001146084613E0104629467C
:10A6400001E0204611461A460CE0114618462A46FB
:10A6500008E01846214605E02846194602E0104663
:10A660001946224600F081F80090BDF80000F8BDC0
:10A6700018B54C09BDF80030D20864F30203ADF8F8
:10A680000030C308BDF80000890863F3C70080B23A
:10A6900062F30C2080B261F34F30ADF8000080B25D
:10A6A00018BD18B54C09BDF80030D20864F3020398
:10A6B000ADF80030C308BDF80000890863F3C70097
:10A6C00080B262F30C2080B261F34F30ADF800002D
:10A6D00080B218BD18B54C09BDF80030D20864F33B
:10A6E0000203ADF80030C308BDF80000890863F329
:10A6F000C70080B262F30C2080B261F34F30ADF836
:10A70000000080B218BD18B54C09BDF80030D20861
:10A7100064F30203ADF80030C308BDF800008908F7
:10A7200063F3C70080B262F30C2080B261F34F3054
:10A73000ADF8000080B218BD18B54C09BDF8003066
:10A74000D20864F30203ADF80030C308BDF800007E
:10A75000890863F3C70080B262F30C2080B261F312
:10A760004F30ADF8000080B218BD18B54C09BDF8E7
:10A770000030D20864F30203ADF80030C308BDF81E
:10A780000000890863F3C70080B262F30C2080B236
:10A7900061F34F30ADF8000080B218BD18B54C0918
:10A7A000BDF80030D20864F30203ADF80030C308EE
:10A7B000BDF80000890863F3C70080B262F30C2083
:10A7C00080B261F34F30ADF8000080B218BD18B50B
:10A7D0004C09BDF80030D20864F30203ADF8003034
:10A7E000C308BDF80000890863F3C70080B262F3B4
:10A7F0000C2080B261F34F30ADF8000080B218BD7C
:10A8000018B580B2030243EA102084B288B2010274
:10A8100041EA1020121D0C4980B2D30840EA0040E2
:10A8200044EA044208400A40121A5A4300EB52100C
:10A83000084040EA104080B2010241EA1020ADF821
:10A84000000080B218BD00001FF8E00718B580B204
:10A85000030243EA102084B288B2010241EA1020C8
:10A86000121D0C4980B2D30840EA004044EA044279
:10A8700008400A40121A5A4300EB5210084040EABE
:10A88000104080B2010241EA1020ADF8000080B211
:10A8900018BD00001FF8E00718B580B2030243EAB4
:10A8A000102084B288B2010241EA1020121D0C4926
:10A8B00080B2D30840EA004044EA044208400A401B
:10A8C000121A5A4300EB5210084040EA104080B27E
:10A8D000010241EA1020ADF8000080B218BD00006E
:10A8E0001FF8E00718B580B2030243EA102084B2D3
:10A8F00088B2010241EA1020121D0C4980B2D3082F
:10A9000040EA004044EA044208400A40121A5A430E
:10A9100000EB5210084040EA104080B2010241EAC8
:10A920001020ADF8000080B218BD00001FF8E0074D
:10A9300018B580B2030243EA102084B288B2010243
:10A9400041EA1020121D0C4980B2D30840EA0040B1
:10A9500044EA044208400A40121A5A4300EB5210DB
:10A96000084040EA104080B2010241EA1020ADF8F0
:10A97000000080B218BD00001FF8E00780B2C0F3ED
:10A98000C402C2EBC20303EB0222D21D520962F3DE
:10A9900017414207920E02EB503202EB420303EBE7
:10A9A0000222D21C920962F30F21C0F30420C0EBF3
:10A9B000C00202EB0020C01D400960F307010846F9
:10A9C000FF2161F31F607047FF2208B51146104652
:10A9D000FFF74EFE0090BDF8000008BDFF2208B54D
:10A9E00011461046FFF78FFE0090BDF8000008BD2D
:10A9F00008B50720BDF8001060F30201ADF80010A3
:10AA0000BDF800201F2161F3C70292B261F30C224E
:10AA100091B260F34F31ADF8001088B20090BDF8EC
:10AA2000000008BD10B500200C468884642184F81D
:10AA3000261084F8271094F83C1021F0070184F8C0
:10AA40003C102063606309484FF48031C07884F87B
:10AA50002C00204607F064F94FF44071204607F0BF
:10AA600045FD2046BDE810400FF0F4BC6001002019
:10AA70002DE9F04391B08946FD4808F03BF90128E3
:10AA800027D1484603F01EFC0646484603F058FC12
:10AA900004464FF44037132E1ED0292E50D02A2EB4
:10AAA00067D04FF4B4750D2E68D0012E7DD0022EE4
:10AAB0007CD047F6FF75112E79D0152E78D0122E46
:10AAC00007D1484603F03AFC0178022901D0012160
:10AAD000017011B0BDE8F083B846394609F072F84C
:10AAE00007464146204609F0B5F80646414620464D
:10AAF00009F004F905464146204609F003F8B7423B
:10AB000001DD394600E03146854201DD2A4600E09C
:10AB10000246914205DDB74201DD384604E0304689
:10AB200002E0854200DD2846801C04B2484603F05E
:10AB300005FCB0F90010A14200DD0C460480C8E716
:10AB4000484603F0FBFB0546204609F0DAFAA988DF
:10AB50002A88891A491C09B2884209D1204608F07E
:10AB6000B0F9E9886A88891A491C09B28842B0D0CC
:10AB7000204611B0BDE8F0430FF06CBC484603F02E
:10AB8000DDFB0068132814D0112812D0142801D03E
:10AB900012289ED194F83C00616A10F003003AD06C
:10ABA00001283ED0022829D144E04CE05AE027E1B8
:10ABB00032E194F83C00616A10F0030205D0642091
:10ABC000012A0BD0022A19D110E0A08C401CB0FB46
:10ABD000F5F205FB120060F30F010FE094F8262058
:10ABE000521CB2FBF0F300FB132020E094F8272066
:10ABF000521CB2FBF0F300FB132021E0204600F0D2
:10AC000045F900289BD011B02046BDE8F043002252
:10AC10001C2103F099BBA08C00B1451E65F30F0108
:10AC2000ECE794F8260008B1401E00E0642060F3D1
:10AC30001741E3E794F8270008B1401E00E06420C4
:10AC400060F31F61DAE70DF047FD606304F072FF07
:10AC500004F1380104F084FF11B02046BDE8F04350
:10AC6000F3F7A2BD04F066FF0600CBD004F0A3FF0B
:10AC7000042874D0022872D06946304604F070FF70
:10AC80003068BDF90030B4F93820007E991A0029E7
:10AC900000DCD11A814209DCBDF90230B4F93A2056
:10ACA000991A002900DCD11A814208DD0DF014FD4B
:10ACB0006063BDF800102187BDF802106187BDF800
:10ACC0000010A08A081AADF80000BDF80210E08A52
:10ACD000081AADF80200204609F013FA87B20021E5
:10ACE000204608F0F8FD0146BDF800207808121A49
:10ACF00013B2ADF80030BDF802200127121A401A35
:10AD000012B200B2ADF80220412807DD01EBD1718B
:10AD1000A0EB610000B2412800DA41205B4302FB56
:10AD200002314043814200DA0027606B0DF0CEFC17
:10AD300057B3BDF90210BDF90000FDF7C5FFB0FB28
:10AD4000F5F105FB110094F83C20616A12F0030252
:10AD50003BD0012A3CD0022A47D140E0FFE7204601
:10AD600009F0CFF9A18A00EBD07001EB6000ADF8DB
:10AD70000000204608F0A5F8E18A00EBD07001EB56
:10AD80006000ADF802007BE73168898B8142BFF437
:10AD9000D6AE94F83C0041073FF5D1AE00F0030178
:10ADA0000322491CB1FBF2F302FB131161F3010012
:10ADB00084F83C0020460FF04DFB204609F0A0FC33
:10ADC00004F0B8FE04F07AFF83E660F30F010CE0B4
:10ADD0006422504390FBF5F060F3174105E06422D4
:10ADE000504390FBF5F060F31F61204600F04EF8F1
:10ADF0000028E9D000221C21204603F0A5FA68E6CD
:10AE0000484603F09BFA064601682A4604F11400FE
:10AE1000F0F758F830715CE64846F4F7E9FF4E4623
:10AE2000484603F08DFA0446304603F051FA0646D0
:10AE3000684601F0E1FC6A463946204609F009FB04
:10AE4000ADF8005094F82C00C00707D0204600F061
:10AE500011F81090BDF84000ADF8040021460EA88E
:10AE6000FBF78AFB0EAA6946304601F0B1FC30E6DA
:10AE7000E0E8020808B590F8272090F82610808CAA
:10AE8000FFF7A0FB0090BDF8000008BD10B5044618
:10AE900088B24FF4B472904205D9B0FBF2F302FBD2
:10AEA000130060F30F01C1F307426420642A01D943
:10AEB00060F317410A0E642A01D960F31F61A08C68
:10AEC0008AB290420CD194F82600C1F30742904216
:10AED00006D194F827000A0E904201D1002010BD3F
:10AEE000204661620FF0B6FA204609F009FC012005
:10AEF00010BD70B50C0005460FD000F01FF960437F
:10AF00005030B0F5A07F0ADB284600F017F9604307
:10AF1000A021503090FBF1F002E0002000E0012081
:10AF200000B270BD2DE9F0410D461E46174604469D
:10AF30001C2106F0ABFBC4E90057C4E90256BDE88A
:10AF4000F081000038B50446502106F09FFB4FF415
:10AF5000A0702080F02060804FF0FF30A080E08063
:10AF60000020208160812069822120F0400040F093
:10AF7000080061F3D01020614EF20700ADF8000028
:10AF80000090BDF8000020870248206460645820CB
:10AF9000A06438BDA9D10108F8B505465348F0F7BB
:10AFA0008BFB040002D0E86B08B10AE0FEE7A86C56
:10AFB00006F098F906007DD001462A6C2846904795
:10AFC000EE634FF4B471204606F060FB012025606B
:10AFD000C4F85401082104F5AC70F0F765FB444E49
:10AFE00022461E21F7684348F4600DF0D9FB6060EB
:10AFF000002864D0286981070BD5B5F90010B5F990
:10B0000002205143EA68D268914202D920F002003E
:10B010002861BDF80010072060F30201ADF80010B0
:10B02000BDF800201F2161F3C70292B261F30C2228
:10B0300091B260F34F31ADF8001088B20090BDF8C6
:10B0400000000090BDF800006085FF2084F8290012
:10B050000DF01CFB78B30DF0BDFAA060002007F0E6
:10B06000D5FA2061002007F0D1FAE061002007F056
:10B07000CDFA214D20622A460021E0690AF0F3F85A
:10B080002A460021206A0AF0EEF80221E06907F062
:10B090002DFA0221206A07F029FA0021E0690AF05E
:10B0A00007FC0021206A0AF003FC206909F028FB54
:10B0B000F76001E002E003E097B112E0FEE7FEE78F
:10B0C00000200AF05BFE054605200AF057FE014607
:10B0D0000A48009000232A4620460DF085FABCE776
:10B0E000F46060680DF033FC2046F8BD902B002022
:10B0F000E401002031B00008FFFF0F003C240308EA
:10B1000010B50C4618B900F013F8002809D0D0F893
:10B1100054110CB1012201E04FF0FF321144C0F88C
:10B12000541110BDC26800211161C06841617047AF
:10B130000148C06870470000E401002010B90548CC
:10B14000C06820B100680069C0F3C9107047822050
:10B1500070470000E40100200068C06870470000EC
:10B1600018B90948C068002809D00068017CC1F3FB
:10B170000111012904D0032902D0B0F90000704761
:10B18000B0F9020070470000E401002010B518B9C2
:10B19000FFF7CEFF002800D0006A10BD10B518B927
:10B1A000FFF7C6FF002800D0C06910BD18B10146E6
:10B1B0000248F0F76EBA0148F0F759BA902B002018
:10B1C00010B518B9FFF7B4FF002800D0006910BD12
:10B1D00010B518B9FFF7ACFF002800D0406910BDCA
:10B1E00010B508B9FFF7A4FF806810BD18B9094869
:10B1F000C068002809D00068017CC1F30111012951
:10B2000004D0032902D0B0F902007047B0F9000061
:10B2100070470000E401002010B518B9FFF788FF5F
:10B22000002804D0D0F85401002801DD012010BD11
:10B23000002010BD08B500210B460A4600910BF016
:10B2400019F908BD70B50D46040003D1FFF770FF72
:10B2500004001BD0A560606A032817D1E06800686D
:10B2600007F070FD002811D1E068406807F06AFD22
:10B2700000280BD1E068806807F064FD002805D144
:10B28000E0680068BDE870400DF090B970BD7CB515
:10B290000E7BDDE90654022E08D94E88002E05D01B
:10B2A000A54203D0CDE900544469A0477CBD38B520
:10B2B0000446102106F0EAF901206080FF20207387
:10B2C000BDF80010002060F3020189B260F3C701ED
:10B2D00089B260F30C2189B260F34F31ADF80010F0
:10B2E00088B20090BDF800000090BDF800002080FA
:10B2F00038BD00002DE9F04F85B0824610B294466B
:10B300008B460FFA82F9AAEB000EDDF838800FFAAF
:10B310008EF2049203F5B471ABEB00021E4613B239
:10B3200003920AEB0002119C5844029212B207B237
:10B330000190884577D04FF4B4718E4202D9A6F5BA
:10B34000B476B6B2884503D9A8F5B4701FFA80F870
:10B350000F99ACEB010000B20090109818B101EB0E
:10B36000D1704010401C05B25A21B6FBF1F0B8FB79
:10B37000F1F1C0B2C9B2042800D10320042900D1E0
:10B38000032188427BD1464579D838B301284BD078
:10B39000022876D003286FD106F15A0000B20DF0D2
:10B3A00019FC009948430AEBE030401B208030B282
:10B3B0000DF010FC00FB09F00BEBE030401B60804F
:10B3C00008F15A0000B20DF005FC00FB09F00AEB91
:10B3D000E0302844A0800FFA88F012E130B20DF07E
:10B3E000F9FB00995A3648430BEBE030401B608074
:10B3F00030B20DF0EFFB00FB09F00AEBE03028441F
:10B40000A0800FFA88F00DF0E5FB00FB09F00BEBD4
:10B41000E0302844E08008F15A0000B20DF0DAFB79
:10B420000099484324E0DBE030B20DF0D3FB00FB91
:10B4300009F00BEBE0302844E0805A3630B20DF0D2
:10B44000C9FB009948430AEBE0302844A0800FFA7A
:10B4500088F00DF0BFFB009948430BEBE030401B38
:10B46000608008F15A0000B20DF0B4FB00FB09F057
:10B470000AEBE030401B208005B0BDE8F08F2AE0E9
:10B48000FFE706F15A0000B20DF0A4FB00FB09F043
:10B490000AEBE030401B208030B20DF09BFB00999E
:10B4A00048430BEBE0302844E0800FFA88F00DF0C1
:10B4B00091FB00FB09F00BEBE030401B608008F1D2
:10B4C0005A0000B20DF086FB009948430AEBE030C9
:10B4D0002844A080D0E730B1012836D002285FD0C0
:10B4E00003287CD096E001297AD108F15A0000B2F5
:10B4F0000DF070FB00FB09F00AEBE030401B2080F0
:10B500000FFA88F002900DF065FB074630B28046D6
:10B510000DF060FB874201DA029800E040460DF032
:10B5200059FB00995A3648430BEBE030401B6080D2
:10B5300030B20DF04FFB00FB09F00AEBE03028447D
:10B54000A08001982844E08096E7022962D1AEEB02
:10B55000050020800FFA88F00DF03CFB00FB09F09D
:10B560000BEBE030401B608006F15A0000B2019006
:10B570000DF030FB074608F15A0000B280460DF08E
:10B5800029FB874201DD019800E040460DF022FBD7
:10B59000009948430AEBE0302844A08030B267E0CD
:10B5A000032937D106F15A0000B20DF013FB00FB5E
:10B5B00009F00AEBE030401B20800398401B6080BC
:10B5C00008F15A0000B20DF005FB00FB09F00AEB90
:10B5D000E0302844A0800FFA88F0804601E018E0AF
:10B5E00018E00DF0F7FA009900FB01F730B20646BB
:10B5F0000DF0F0FA00994843874201DD404600E033
:10B6000030460DF0E7FA0099484300BF0BEBE030FD
:10B6100098E729B1049820806380A280E7802BE717
:10B6200008F15A0000B203900DF0D4FA074606F173
:10B630005A0000B201900DF0CDFA874201DA03986A
:10B6400000E001980DF0C6FA009948430AEBE0309B
:10B65000401B208030B20DF0BDFA00FB09F00BEB6F
:10B66000E030401B608002982844A0800FFA88F0E8
:10B670000DF0B0FA00FB09F0C8E700002DE9F04139
:10B680001D0017460E4604461AD0F07A02281AD931
:10B69000D4F81CC0BCF1000F03D02046E0470128BD
:10B6A00011D02B463A4631462046F2F771FF012869
:10B6B00009D006A239462046BDE8F0410FF017BF79
:10B6C00002A23946F8E7BDE8F08100004E6F0A6437
:10B6D0006174610038B58469049D002C01D0009527
:10B6E000A04738BD38B50446182105F0CFFF002229
:10B6F00011461046FEF7D5FF0090BDF800000090FF
:10B70000BDF800002081FF20E072401C6080012015
:10B71000207538BD704700002DE9FF4FB5B0887E19
:10B72000429F1E4692460C4602287DD9206800287A
:10B730007AD03598006A002876D0202212A8ECF73B
:10B7400056FD20680390002E6ED0307800286BD014
:10B750003598514682682EA8EFF7CCFA002863D0BE
:10B76000207FB0F1000B01D14FF0010B607F80070B
:10B7700007D4BAF80410BAF80000081A401C03B243
:10B780000FE0B4F91200627F41F6FF718DE8070007
:10B79000B4F91430314606A822680DF0DFFABDF97D
:10B7A00018300398B4F912100025B0F908906A1EF9
:10B7B00001EB09000B90BAF80000ADF81000BAF8E0
:10B7C0000210ADF81210B4F916000990B4F918007F
:10B7D0000144ADF81210FFB1F0B9BAF90210002916
:10B7E0001ADAD7F808C0ACEB0100002801DCA1EBA5
:10B7F0000C000B994FF4806C49420CEB41018842DC
:10B8000000DD3A603868002806DB0546BDF81210F6
:10B81000B8880844ADF81200617F0020CDE900012E
:10B82000B4F91420701900E0A1E02D930399F0F70A
:10B8300065FA00EB050829E0617F0020CDE90001F1
:10B84000B4F9142006EB08002D9B0399F0F756FA83
:10B85000454600EB0508BDF812100B98084400B2ED
:10B86000ADF812007FB110F5806F0CDB386800284E
:10B8700009DA3D60BDF91210BAF90200081A7860C1
:10B88000BAF90200B860705D002870D0BDF91210DE
:10B8900001EB090035998968B1F902108842CBDBC8
:10B8A0005846CDF8C0B0BBF1020F02D0032816D025
:10B8B00029E0607F0090B4F91430A8EB05017019FD
:10B8C000039A0DF0A9FA07465046FDF7BAF9C01BD6
:10B8D000BDF8101000EBD07001EB600011E0607F4C
:10B8E0000090B4F91430A8EB05017019039A0DF01B
:10B8F00093FA07465046FDF7A4F9BDF81010C01B97
:10B900000844ADF81000D4E9019BD94502D9484656
:10B91000D9468346A07F800717D02AA800F02DFAC9
:10B92000A089ADF8A800039890F90E0000B9012095
:10B93000ADF8AA00A07E8DF8B000A07F9DF8B110F0
:10B94000C00860F301018DF8B11000200E90FEF7E1
:10B950007BFD3390FEF778FD31901AA800F04CFF84
:10B96000208AADF86C00BDF9100032906BE16EE1F9
:10B97000BDF81010099800270844ADF810007019A0
:10B980000F900797A8EB05001190BCE00020A9F5E7
:10B990007F410A90FF390AD0ABF57F40FF3806D0CF
:10B9A000AC4A079829181268304690470A9007ABAE
:10B9B0006A4601A90F98F0F789F9607FC0070AD09D
:10B9C0000198232802D0012F13D004E047B1012FA2
:10B9D0000AD0022F0BD0E0683190022F4FD050E0F8
:10B9E00007980E90012048E00027E06848E000201A
:10B9F00043E0202842D107990E98081A072801D061
:10BA0000A08938E0DDE90E210A4428A85FF006018C
:10BA100012F8013B00F8013B491EF9D100208DF8D6
:10BA2000A6009DF8A100FBF7B1FA07469DF8A0001B
:10BA3000FBF7ACFA07EB00100A909DF8A300FBF7A8
:10BA4000A5FA07469DF8A200FBF7A0FA07EB001045
:10BA50000C909DF8A500FBF799FA07469DF8A40005
:10BA6000FBF794FA07EB0010C2B20C98C1B20A9827
:10BA7000C0B2FEF72FFE33900220074643E0339812
:10BA80003190DDE90021039802F072FD29904FF614
:10BA9000FF70814522D0834520D00A9848451DD3A8
:10BAA00058451BD2BDF81000ADF83000BDF812109B
:10BAB000ADF83210A28A02442998401E1044ADF815
:10BAC00034000B980CAA401E0844ADF836001AA9A1
:10BAD000359800F07DFEE089ADF8C400BDF8C400E3
:10BAE000ADF8540004AA12A9019B359800F033F96F
:10BAF0002998002807DDBDF81010A08A084429996C
:10BB00000844ADF810000799119888423FF63EAFFF
:10BB1000A07F800723D53298ADF800002068BDF9DA
:10BB2000AA1002ABB0F9080001EBD17100EBD070A4
:10BB3000401000EB6100BDF812106A460844BDF8E1
:10BB40001010ADF80810ADF80200ADF80A00BDF80D
:10BB5000C400ADF8A8002AA9359800F001F9A07F2B
:10BB6000C0071FD03298ADF800002068BDF8121051
:10BB700002AB028940891144091A03986A4690F978
:10BB80000D00081ABDF81010ADF80810ADF802004D
:10BB9000ADF80A00BDF8C400ADF8A8002AA9359890
:10BBA00000F0DEF8617F0020CDE9000106EB08001F
:10BBB000B4F9142007462D9B0399F0F79FF84546EA
:10BBC00000EB0508BAF80000ADF810003098022824
:10BBD00002D0032816D029E0607F0090B4F9143019
:10BBE000A8EB05013846039A0DF016F907465046B2
:10BBF000FDF727F8C01BBDF8101000EBD07001EB6B
:10BC0000600011E0607F0090B4F91430A8EB0501EA
:10BC10003846039A0DF000F907465046FDF711F833
:10BC2000BDF81010C01B0844ADF81000BDF812108C
:10BC30000B980844359900B2ADF812008968B1F943
:10BC40000610884203DC705D00287FF491AE39B0A5
:10BC5000BDE8F08F6C02002038B50446202105F0C5
:10BC600015FDFF20A076FEF7EFFB0090BDF8000069
:10BC7000A0810B4820604FF6FF706060A060FEF767
:10BC8000E3FB0090BDF80000E08105200AF076F8A3
:10BC90000090BDF8000020820020E07638BD000052
:10BCA0003C240308036C002B00D018477047436CFA
:10BCB000002B00D0184770472DE9F0410546C06BB6
:10BCC00017460E46002826D0E86C05F00BFB040052
:10BCD0001CD0E96C05F0DAFCEFF78EFF29682162D1
:10BCE0006968E161A968A16100683A462146007C63
:10BCF000C0F3801084F824003068206070686060B1
:10BD0000EB6B28469847050001D003E0FEE720468C
:10BD100005F074FB2846BDE8F08170B50C46054679
:10BD200001F097FF206A2860E0696860A069A86058
:10BD3000EFF762FF006894F82420016962F386112E
:10BD40000161AA6C12B12146284690472046BDE801
:10BD5000704005F053BB30B4046AA44630BC604761
:10BD600030B44C88002C06D00C7A022C03D9446ADB
:10BD7000A44630BC604730BC704738B504460A2141
:10BD800005F084FC01206080FF202072BDF80010C7
:10BD9000002060F3020189B260F3C70189B260F349
:10BDA0000C2189B260F34F31ADF8001088B20090D9
:10BDB000BDF800000090BDF80000208038BD0000F4
:10BDC00010B503460A4A002052F8304024B1401C06
:10BDD000C0B21028F8D301E0102802D34FF0FF3092
:10BDE00010BD42F8303002EBC002516010BD0000BF
:10BDF000002D00202DE9FF4F81B08B460E9D164689
:10BE00001C46B5F90A10B5F90C00571AB5F9082007
:10BE100005F11009ABEB020305F13C0AB4285DDA29
:10BE2000B5F90E20B42A7DDA00287BD0002A79D01B
:10BE3000904277DDB1425ADC696D79434FEAA12C1B
:10BE4000A96A7F1C79438912A0F20F15582D01D8D9
:10BE5000002909DB451E592D01D8002904DB5B3878
:10BE6000B32802D2002900DD0021A2F20F105828C9
:10BE700001D8002909DB501E592801D8002904DB0C
:10BE80005B3AB32A02D2002900DD0021ACEB0100AD
:10BE900001EB60000125C71AA74200DD2746002FED
:10BEA0000DDD3BB232465946CDF80090019800F0C6
:10BEB00091F9050003D13946019805F0E7FBA74247
:10BEC00000DD2746002F00DA0027CDF800A05DE056
:10BED000B54276D1284605B0BDE8F08F68DDB5F9EA
:10BEE0000E20B42A64DD904262DDB14201DA012005
:10BEF000F1E7696D79434FEAA12CA96A7F1C794368
:10BF00008912A0F20F15582D01D8002909DB451E12
:10BF1000592D01D8002904DB5B38B32804D200294D
:10BF200002DD00E044E00021A2F20F10582801D801
:10BF3000002909DB501E592801D8002904DB5B3A8F
:10BF4000B32A02D2002900DD0021ACEB010001EB95
:10BF500060000125C71AA74200DD2746002F0DDD2E
:10BF60003BB232465946CDF800A0019800F032F9B4
:10BF7000050003D13946019805F088FBA74200DD92
:10BF80002746002F00DA0027CDF800900BEB0700C2
:10BF900001B20198E41B384423B20746324600F050
:10BFA00019F9060094D12146384605F06FFB8FE75A
:10BFB0000127B846B42805D038B109DAB14209DC06
:10BFC0000AE047E0B14210DC04E0B14202DC0CE0E0
:10BFD000B14201DC032708E0234632465946CDF83A
:10BFE0000090019800F0F6F80746B5F90E00B42865
:10BFF00006D060B1B5F90A000FDAB04204DC0EE0F9
:10C00000B5F90A00B04206DD4FF0030803E0B5F9C8
:10C010000A00B042F8DDBFB10EE0B042F4DD2346C5
:10C0200032465946CDF800A0019800F0D3F880467A
:10C0300057B1B8F1000F07D0032F02D0012F05D060
:10C0400008E0B8F1030F05D1002044E74046B8F1FD
:10C05000010FFAD002203EE72DE9F8430546884655
:10C0600040F26710411C089C1746002B01DA0023A0
:10C0700002E08B4200DB0346002C01DA002402E0E0
:10C080008C4200DB04469C4203DAC3F5B4702044C2
:10C0900003E0E01A002800DC181BA5F86800AB815B
:10C0A000EC81A5F808806F8115482860012028716F
:10C0B0008B4200D9FEE7B42B01D2002000E0012022
:10C0C000002C01DB8B4200DDFEE7B42C05D3A4F18C
:10C0D000B401B42901D2002600E0012600903A46BE
:10C0E000414605F1100000F0CBF823463A464146A0
:10C0F00005F13C00009600F0C3F8BDE8F8830000AD
:10C10000F5BD01082DE9F8431E46174688468146CD
:10C1100000250C4C0DE00090D0F800C033463A46A4
:10C1200041464846E047002808D0022800D10125B2
:10C13000083420680028EED115B10220BDE8F8834C
:10C140000120FBE7002D002010B50179022906D05F
:10C15000052913D18068BDE8104005F04FB90446A9
:10C16000406900280AD00169002904DA406805F016
:10C1700045F96069EFE74169491E416110BD000062
:10C1800070B5134D060008D05FF0000455F8341068
:10C19000B9B10879022805D002E02868002800D04B
:10C1A000012070BD887CB1F91020C007304601F134
:10C1B000080102D0EEF736FE01E0EEF7C3FD0028DD
:10C1C000EED0641CE4B2102CE0D3002070BD00005F
:10C1D000002D0020F8B5069CA58A266A521B658AA8
:10C1E00012B2491B94F8285009B24FEAC57526B11E
:10C1F000009485B3FBF700FDF8BD85B1207C810775
:10C2000027D000F00301012923D0022901D1511CBC
:10C210001FD4C043800728D1002A1ADC25E0227CE5
:10C2200002F00304022C14D0D543AD0711D0012C29
:10C2300001D100290DDC920701EB030207D0002A8F
:10C2400013DB49420FD50021002B0EDD0FE0002A41
:10C2500002DA0120F8BD10E04A4206D49A420ADA16
:10C26000991A104405E0994201DB0020F2E7994257
:10C2700001DA05F00BFA0220ECE7FBF767FDE9E7CE
:10C280002DE9FC471C46DDF8288016460F468146FE
:10C29000B42B01DDB43C24B204F15A0000B20CF01E
:10C2A00099FC07EB601520460CF094FC06EB60103F
:10C2B00000B2CDE900082BB232463946484600F0BC
:10C2C00003F8BDE8FC8700002DE9F0470F46DDE9E3
:10C2D00008699846154604462C2105F0D7F9B54261
:10C2E00006D1B9F1030F03D16D1E761E2DB236B201
:10C2F000B54205DD4046B846074630462E4605465F
:10C3000027816581A4F80C80E68184F8109067820B
:10C31000A8EB07004B46A582002801DD014601E09D
:10C32000A7EB0801721B002A01DD154600E0AD1BDA
:10C33000A94294F8281002DD41F0010101E021F04A
:10C34000010184F828100025E561244E2660A561CE
:10C350002571CE074FF480150DD020B195FBF0F676
:10C360005643B612E66122B195FBF2F242439012B7
:10C37000A061E0690CE022B195FBF2F64643B612EB
:10C38000A66120B195FBF0F050438012E061A069F6
:10C390002062980709D003F00300012808D0022882
:10C3A00013D0D843800714D006E021F0020001E04A
:10C3B00041F0020084F82800216A88106062002998
:10C3C00001DA40426062BDE8F087206A0028EFDCB5
:10C3D000EBE7206A0028EBDDE7E70000D5C10108A4
:10C3E0002DE9FE4F8046DDF830900E461C4699F848
:10C3F0001200174600F0010AB9F91050684609F119
:10C400000801FCF7B0FBBDF90200BAF1000F2FD014
:10C41000B84250DCBDF90600B8424CDBBDF9000063
:10C420004119B14205DCBDF904203119521B91427A
:10C4300009DDBDF902104A19BA4240DCBDF90620F7
:10C44000521BBA423BDBBAF1000F18D0801B00D55B
:10C450000020A04231DCBDF90410891B091A491CD7
:10C460004218A24200DD211A002926DB4044EFE0F9
:10C47000B84213DCBDF90600B8420FDBCEE7871BDC
:10C48000A7420BDC002F03DB3946404605F0FEF8DF
:10C49000BDF90400851B6D1C002D02DC0020BDE8E9
:10C4A000FE8FA54204DA611B08EB050005F0EEF8EB
:10C4B0001FB9A54201D10120F1E70220EFE7BDF845
:10C4C0000430821B181A401C0FFA80FCBDF80600CD
:10C4D000401A401C03B2781A00B2A84202DA281AA5
:10C4E000401E01E0591B401AD9F8141000B2022373
:10C4F000CF6803EB4003FB5A37F810609B1B1EB25A
:10C500008B68496833F8103037F810004FF0000797
:10C5100000EB010B02EB0C00401B18440FFA80F9F2
:10C520005019C01A401E05B2BAF1000F22D06BE0BC
:10C53000F11B01EB0B0010F8010C029009EB070056
:10C540005FEA000A08D4A24506DA18F80A10029831
:10C550000DF0DCF908F80A00B5EB070A08D4A2458B
:10C5600006DA18F80A1002980DF0D0F908F80A0057
:10C570007F1C3FB2B742DBDB09EB0700A04201DAC8
:10C58000014600E02146002901DA002002E0A04235
:10C5900000DB204600B2211A404405F077F8A81BC2
:10C5A000411CA14201DA0A4600E02246002A01DAD3
:10C5B000002402E0A14200DA0C4621B2404647E0E6
:10C5C000F11B01EB0B0010F8010CC0F1FF00029011
:10C5D00009EB07005FEA000A08D4A24506DA18F85A
:10C5E0000A1002980DF092F908F80A00B5EB070A54
:10C5F00008D4A24506DA18F80A1002980DF086F958
:10C6000008F80A007F1C3FB2B742D9DB681CA04281
:10C6100001DA691C00E02146002901DA002504E066
:10C62000A04201DA6D1C00E025462AB2A9EB020007
:10C63000A11A884201DA034600E00B46002B01DA1A
:10C64000002002E0884200DB084601B208EB02004D
:10C6500005F01CF831E700002DE9F04115460646CB
:10C6600088880A881C46801A401C02B2C8884B88F9
:10C67000C01A401C00B2824200DA1046B5EB600FCF
:10C6800000DD4510002D00DA002506F10800FCF75A
:10C690006AFA3582B4743848306002203071002361
:10C6A000C5B1364800214FF47A7200BFC1EBC10416
:10C6B00000EB8404B4F91840AC421BD1C1EBC101BA
:10C6C00000EB81004169491C41610169102D04DAC8
:10C6D000012303E07361BDE8F0812B110B44934209
:10C6E00005DA102D01DA012200E02A110A44026164
:10C6F0007061F0E7491C0429D8D300244FEA0401F3
:10C70000C1EBC10700EB8707D7F814C0BCF1000FDD
:10C7100007D12CB1D7F810C0D4F810E0F44500DAF6
:10C720003C46491C0429EBD33CB16069401CC4E978
:10C730000430102D0EDA01200DE01C2004F0D2FD93
:10C74000040006D01C2104F0A1FF4FF0FF3020614F
:10C750000BE0FEE728111844904205DA102D01DAAB
:10C76000012000E028111A18226120462946746130
:10C77000BDE8F041F1F770BBE1C30108902C002047
:10C78000F0B50025094E07462C4600BF06EBC40055
:10C790004068B84204D156F83450204600F008F8FA
:10C7A000641CE4B2102CF1D32846F0BD002D00200B
:10C7B0000021421C08D0054A002352F8301042F8EC
:10C7C000303002EBC000436008467047002D002067
:10C7D00030B4D38854881B1B5B1C1BB2012B09DBB4
:10C7E000938814881B1B5B1C1BB2012B02DB0369A3
:10C7F00030BC184730BC704738B50446382104F0C7
:10C8000045FFFEF7EBF80090BDF8000024F8040F98
:10C81000FEF7E4F80090BDF800006080FDF71EFE12
:10C820000090BDF80000E080FF2525720220A07274
:10C83000FDF714FE0090BDF800006083FDF70EFECA
:10C840000090BDF8000020850748206104F8015CD5
:10C85000A57584F82650A57784F83250E07F20F043
:10C860003E001E30E07738BD3C2403082DE9F04F30
:10C87000CBB08346DDE95465087B984614460F46E5
:10C8800002287DD9B7F90200002879D0AE4277D0CE
:10C890001AB281469246404500DD914601A8FFF755
:10C8A000ABFF787B00F003008DF80600B86840B15C
:10C8B00000208DF80700B8680590387B8DF81E00C1
:10C8C00005E0387B8DF807003888ADF8080021882E
:10C8D000A8F10103A1EB0802ADF840206188A1EBAB
:10C8E0000801ADF8421020881844ADF84400B4F8AF
:10C8F00002C0ADF8D4006344ADF84630ADF8D020A6
:10C90000ADF8D210ADF8D630B7F802C06244ADF839
:10C91000D020B7F802C0614409B2ADF8D210B7F820
:10C9200002C0A0EB0C00ADF8D400B7F802C0801A2A
:10C93000A3EB0C034FF0FF3C1BB2CDF80CC1401C25
:10C94000ADF8D6304FF0000C00B2CDF810C1002881
:10C9500012DD581A401C00B200280DDD012347F6F5
:10C96000FF7234A937A8FFF777FE01204490002119
:10C9700037A8FFF725FA4390002347F6FF7200E03F
:10C980002DE010A93DA8FFF767FE00213DA8FFF7A5
:10C9900017FA459006F5B470A84205D005F5B471B4
:10C9A0004FF4B4708E4220D147F6FF70ADF804000A
:10C9B00010AA01A95846FFF70BFF4598FFF7F8FEAC
:10C9C0004398401C02D04398FFF7F2FE3DA8FFF7C2
:10C9D000BBFB4498002802D037A8FFF7B5FB4BB04B
:10C9E000BDE8F08FA6F5B476B6B28642FAD202E080
:10C9F000A5F5B475ADB28542FAD228B2499000903F
:10CA0000B4F90220B4F9001033B219A84A93FFF721
:10CA100023FB002119A8FFF7D3F94690B54203D9AB
:10CA2000A81BC0F5B47000E0701BDBF80810009183
:10CA30003C282ADDB8F10A0F27D95A20B6FBF0F1BD
:10CA4000B5FBF0F000F00300ADF8540001A8ADF81C
:10CA50004CA0ADF8505001F0030116901294ADF8BF
:10CA60004E60ADF85210ADF8569010A8CDE9170BF6
:10CA700012A8F6F733F812A8F6F7F8F812A8F6F7A6
:10CA8000C4F912A8F6F7AFFA04E010AA01A95846B3
:10CA9000FFF79EFE19A8FFF757FB3DA8FFF754FBD1
:10CAA000449810B137A8FFF74FFB4698FFF780FE78
:10CAB0004598FFF77DFE4398401C02D04398FFF74E
:10CAC00077FE787B40078AD509F0FF0212AB51460A
:10CAD0004A98F9F7BDFFBDF84800218812AA08441A
:10CAE000ADF84800BDF84C0021880844ADF84C0072
:10CAF000BDF84A0061880844ADF84A00BDF84E0010
:10CB000061880844ADF84E0015A80099EEF7F2F8D8
:10CB100015AEC0B1002347F6FF7212A943A8FFF774
:10CB20009BFD002143A8FFF74BF90546584610AA84
:10CB300001A9CBF80860FFF74BFE2846FFF738FE47
:10CB400043A8FFF701FB09F0FF0212AB51464998D9
:10CB5000F9F77EFFBDF84800218812AA0844ADF815
:10CB60004800BDF84C0021880844ADF84C00BDF8E1
:10CB70004A0061880844ADF84A00BDF84E0061885B
:10CB80000844ADF84E0015A80099EEF7B3F8C0B10F
:10CB9000002347F6FF7212A943A8FFF75DFD0021AD
:10CBA00043A8FFF70DF90446584610AA01A9CBF88F
:10CBB0000860FFF70DFE2046FFF7FAFD43A8FFF7D8
:10CBC000C3FA0098CBF8080009E770B514460D4683
:10CBD0000646F1F7B1FE224629463046BDE87040D0
:10CBE000F2F77FB87CB50446087E0D4602280ED9C0
:10CBF000A26868462968EEF77DF8002807D0616BC7
:10CC000009B120468847626D2946204690477CBD81
:10CC10002DE9F04FCD6889B00C46074615B1207C50
:10CC200000287DD0207C012800D1002578688188EB
:10CC30000088081A401C00B20790BA6805A821684D
:10CC4000EEF758F800286BD0EEF7D6FF8346006861
:10CC5000D7F80090C16941BB017C490610D47968BE
:10CC6000BDF91420B1F90030B1F90210D21ABDF9A2
:10CC700016305B1A079901FB032209EB420113E00E
:10CC80007A68BDF91630B2F90260B2F900209B1B38
:10CC9000079E734303EB430303EB0901BDF9143013
:10CCA0009A1A02EB420211448946D4F804A05FEAC2
:10CCB0000A0114D021688B88B1F90020B1F9021063
:10CCC0009B1A5B1C0FFA83F8BDF914309A1ABDF950
:10CCD0001630591A08FB01220AEB420A01E04FF014
:10CCE00000083DB3007C00070FD46069FBF795FF97
:10CCF0000146002007E02A5C802A01D9FF2200E0DB
:10CD000000222A54401C8842F5DB60698288B0F911
:10CD10000010521A521C16B2BDF91420511A00E02C
:10CD200026E0BDF91620B0F902002944101A06FBCE
:10CD3000001500E0002678684188008849420AB260
:10CD4000404201B205A8FBF7A1FFDBF80000C06973
:10CD5000D0B160680028207E0DD001A9CDF80080F8
:10CD600081E86100534605A94846079A0CF04EFD3C
:10CD700009B0BDE8F08F8DE86100A36805A94846B9
:10CD8000079AF8F755FDF3E7607E80B161680029E6
:10CD9000217E25D0CDF80080CDE90360CDE90115D5
:10CDA000534605A94846079A0CF0F0FAE0E7606898
:10CDB0000028207E0BD001A9CDF8008081E8610019
:10CDC000534605A94846079A0CF09EFBD0E78DE82C
:10CDD0006100A36805A94846079AF8F777FBC7E7FB
:10CDE000CDE90260CDE90015A36805A94846079A78
:10CDF000F8F7C6FABCE72DE9F0479046B3F90240D0
:10CE00001D4604FB08F301EB4303B5F900100A9A31
:10CE1000DDE9080903EB4106B2F90230B2F900205E
:10CE200003FB09F300EB430000EB4207A888401A1C
:10CE3000401C00B24FEA400A0AE0524639463046EA
:10CE400004F052FB641C06EB480607EB490724B2CA
:10CE5000B5F90600A042F0DABDE8F0872DE9FF4FF2
:10CE6000A1B00D46824681681446DDF8B89019A835
:10CE7000FBF782FE19A8FFF783F91490288818B9E8
:10CE80006888B0F5807F01D0012100E00021169173
:10CE90001C2108A804F0FAFBE87A8DF83800287BFA
:10CEA000169900F00F008DF8390006A80890149824
:10CEB0004FF0000608432CD1B9F1040F06D0B9F1A8
:10CEC0000E0F0AD0B9F1140F21D022E0A87A00BBCE
:10CED000249808A9CDE9084013E021466846DAF80D
:10CEE0000820EDF707FF00280ED0249809960D942E
:10CEF0000B902889ADF8280002208DF830000894A6
:10CF00006EE05046FFF76EFE25B0BDE8F08FA87AC0
:10CF1000F0B3DAF808000288ADF818208388ADF87D
:10CF20001C30DAF808004188ADF81A10DAF8080069
:10CF3000C088ADF81E00A6882788401AF61B761C0C
:10CF400036B21196E6886788401CF61B07B2761C3D
:10CF5000981A36B2401C0FFA80FB1296EEF74CFE80
:10CF6000FEF7FEF8804606A8FBF757FE5E464045F2
:10CF700001D9B8FBFBF77E43700004F0E1F9109093
:10CF8000304604F0DDF915900B9006A80D9000E0F6
:10CF900011E002208DF83000109809907F1EBDF836
:10CFA0001A00BDF91E8038441897ADF81E00B9F17B
:10CFB000040F1DD116E0A08821886288401A401C09
:10CFC00001B2E0880894801A401C02B224984900FB
:10CFD000099001FB02000B9002200D948DF83000A7
:10CFE00008A98EE7288818B96888B0F5807F01D035
:10CFF000022000E001208DF83000C9E006A91BA83E
:10D00000FBF7BAFD6088404202B22088404201B27C
:10D010001BA8FBF73BFE16981099002815980ED018
:10D02000CDE90259CDE90410DDE91110CDE9000187
:10D030001BA95046119B249A00F0F0FD0BE0CDE9AE
:10D040000310CDE9015911980090DDE911231BA8C7
:10D050002499F1F77FF9A87A022863D92A89C0B206
:10D0600092B2C2F3C407474367F30F015707BF0EDD
:10D0700007EB5237474367F31F418E46C2F3042143
:10D08000414361F30F03C0F1FF010022059347E024
:10D0900010984FEA1E4C00EB420002900088ADF859
:10D0A0000400BDF804301FFA8EF0C3F3C40707FB79
:10D0B000010000EBC01707EBC030C0F3C457BDF848
:10D0C000780067F3C7005F07BF0E07EB533707FB16
:10D0D00001C707EBC71C0CEBC73C4FEA9C6C6CF319
:10D0E000020007EBC71C0CEBC737C7F3C25767F347
:10D0F0004F30059FC3F30423BFB203FB017303EB5F
:10D10000C31707EBC333C3F3C45363F30C20ADF869
:10D11000780080B201900298BDF80430521C038060
:10D12000B242B5D3149808B315980090BDF91A709F
:10D1300018E000BFBDF918105B463A460098FEF7AC
:10D14000E1FF10B1022804D006E05946009804F02F
:10D150009DFA02208DF8300000997F1C01EB0B0036
:10D160003FB20090BDF91E00B842E3DA08A950466C
:10D17000FFF738FDBDF81E001899401CADF81A00E5
:10D18000084400B2ADF81E00404501DDADF81E8038
:10D19000BDF91A1041457FF731AF159804F01CF91D
:10D1A000109804F019F9AFE610B50C465821204646
:10D1B00004F06CFA10486061104820611048206348
:10D1C000104820621048A061104860621048A062B8
:10D1D0001048E062104860631048A0631048E063A4
:10D1E00010482064104860641048A06410486065CE
:10D1F0002C20E06410BD00006DC8010841D9010871
:10D20000CBCB010803D401085DCE010819D5010874
:10D21000BDD6010879D901081BDC0108F7CD01084A
:10D2200007D3010835D2010881D20108FDD30108D6
:10D2300011CC01082DE9F04117460C460646EEF7E1
:10D24000DBFC0546F807A06A20F000410BD06069BE
:10D2500004F01CFAA06A40F00041A162286801694C
:10D2600041F0400104E0A1622868016921F0400119
:10D27000016160690834C6E90004B460BDE8F0816A
:10D28000FEB505460068029000980C4620F0E000CC
:10D2900000906868164681880088081A0099401C2A
:10D2A00060F3942100916868C1884088081A009949
:10D2B000401C60F35F510091A06A002801DA05214B
:10D2C00000E00421009861F304000090206A2860C7
:10D2D000E0696860A069A860EEF78EFC006894F8C9
:10D2E00024206B46016962F38611016104F1080292
:10D2F00031462846FEF7C2F9284600F0AAFC6846E7
:10D3000001F0EFFCFEBD70B5064615460C46D00791
:10D3100001D0002070BDA80743D5A06A00F00040EE
:10D3200000F5C040A0622046FBF777FCA16A4000F0
:10D3300021F00042824202D960F31E01A162A06A7C
:10D3400020F0004003F0CEFF2146606168B9A06A7A
:10D3500000F0004000F54060A06220F0004003F0C3
:10D36000C1FF214660610028D4D00846D0E90012F0
:10D370008160E2606188E181A1892089081A401CEE
:10D38000A16A00B221F0004100EB400291FBF2F1F2
:10D390002182A16A21F0004191FBF0F041106182ED
:10D3A0002AE00846D0E900128160E260FBF735FC14
:10D3B0004100A06A61F31E00A06220F0004003F06B
:10D3C00091FF6061A16A21F0004104F05FF9A06A59
:10D3D00005F0010565F3DF70A0626069002899D04F
:10D3E000306004F108007060B060EEF705FC006882
:10D3F000016965F386110161204670BD486903F03B
:10D40000FDBFF0B51C46074697B015460E460868A6
:10D410000023224601A901F004F8F0B3BDF80C2066
:10D42000002A3FD0BDF80A1000293BD02888BDF85B
:10D430000E30184400B2ADF84C0033686D88B3F874
:10D4400008C05B89ACEB03032B44BDF810509B1A5A
:10D450005B1B1BB2ADF84E304518B968B1F900C07E
:10D4600065451FDBB1F90450A8421BDC9818B1F9DF
:10D470000220904216DBB1F90600834212DC2146FD
:10D48000019800F0CAFF00280CD00199097B890798
:10D4900008D101AB13AA314600E005E00090384600
:10D4A000F3F76AFC17B0F0BD202CFBD3A4F578404D
:10D4B000FF38F7D0A4F500500C38F3D02888BDF819
:10D4C0000E10BDF81020084401B26888104402B262
:10D4D000BDF80C00104400B20090BDF80A000844EA
:10D4E00003B214A8FBF7DFFB05A8FFF785F90220BC
:10D4F0008DF817008DF83E008DF84A008DF82E004B
:10D50000B089ADF832000120ADF834003B6914AAAF
:10D5100005A938469847C5E72DE9F0470E46B1F909
:10D52000021096B01C461546814600297ED0307AFE
:10D5300002287BD9B5F90000B4F90020904205D14A
:10D54000B5F90230B4F90270BB426FD0904200DBF3
:10D55000104601EBD171A0EB6100ADF84400B5F9C4
:10D560000010B4F90000B6F90220814200DD08463F
:10D5700002EBD27100EB6100ADF84800B5F9021082
:10D58000B4F90200B6F90220814200DA084602EB43
:10D59000D271A0EB6100ADF84600B5F90210B4F904
:10D5A0000200B6F90220814200DD084602EBD2718A
:10D5B00000EB6100ADF84A0011A90846D9F808202F
:10D5C000EDF798FB002875D011A9D9F808A0C9F883
:10D5D0000810B5F90200B4F90210884206D12346BA
:10D5E0002A4631464846F3F729FD0EE0B5F900001A
:10D5F000B4F90010234688422A463146484602D1F3
:10D60000F3F782FF01E0F3F7D3FD707A010701D44D
:10D6100040074DD502A8FFF7EFF83088ADF80C00B1
:10D6200047F6FF70ADF80800307A00E042E08DF870
:10D630000B00B6F90200471040F3000000F10108AA
:10D64000707A400718D528886A46C01BADF80000DC
:10D650006888C01BADF802002888C119A1EB08003A
:10D66000ADF804006888C119A1EB0800ADF8060008
:10D6700002A94846FFF7ACF8707A000718D5208851
:10D680006A46C01BADF800006088C01BADF8020000
:10D690002088C119A1EB0800ADF804006088C11909
:10D6A000A1EB0800ADF8060002A94846FFF790F884
:10D6B000C9F808A016B0BDE8F08700002DE9FF4FBB
:10D6C0008BB01F461646032B7ED3002E7CD0B800AD
:10D6D00003F036FE05007BD0002430682860204629
:10D6E0007A1E15E006EB800136F92030B1F904C04E
:10D6F000634505D1B1F90230B1F906C0634505D0E3
:10D7000005EB84030968641C1960A4B2401C80B254
:10D710009042E7DB06EB8700B6F9001030F9042CE5
:10D72000914205D1B6F9021030F9022C914206D08F
:10D7300005EB840150F8040C641C0860A4B2032CAF
:10D7400043D37E49D1E90001CDE90201002027E061
:10D75000BDF9082035F920108A4200DA1146ADF8EB
:10D76000081005EB8003BDF90A20B3F902108A42C4
:10D7700000DA1146ADF80A10BDF90C2035F9201079
:10D780008A4200DD1146ADF80C10BDF90E10B3F958
:10D790000220914200DC1146401CADF80E1080B210
:10D7A000A042D5D30B9802A9826805A8EDF7A2FA8A
:10D7B00058B10B9805A90026806809900B988160E4
:10D7C000B5F90210012011E002E0284603F004FE42
:10D7D0000FB0BDE8F08F00BF05EB8002B2F9022068
:10D7E0008A4201DA114606B2401C80B2A042F3D34D
:10D7F0002C2104FB01F003F0A3FD8346B246049004
:10D80000D1464FF00008701E00D52044621E09F179
:10D8100001010892914200DD002135F8203035F8F1
:10D82000262005EB80009B1A1FB235F8213005EB4E
:10D8300081019A1A05EB860340885B884988C01AE3
:10D84000C91A12B200B209B20023504379430793B8
:10D85000884267DA0120079001E00798F0B3089842
:10D860000AF10106864200DD0026B9F1010700D564
:10D87000274405EB860005EB8A01B0F90200B1F9F7
:10D880000220904216DB12D035F9263035F92A10E5
:10D890008B420CD04FF0010CCDE9000C5846FEF73E
:10D8A00013FD58460499FEF78BFA0BF12C0B08F187
:10D8B0000108B246A04523D005EB870005EB89019E
:10D8C000B0F90200B1F90220904217DB13D035F90C
:10D8D000273035F929108B420DD000E022E00026D8
:10D8E000CDE900065846FEF7EFFC58460499FEF7CE
:10D8F00067FA0BF12C0B08F10108B946A045ACD32F
:10D90000DDE90B0102AAFEF763FF0498FEF738FF7A
:10D91000049803F061FD284603F05EFD0B99099819
:10D92000886055E7BAF1010600D52644089809F148
:10D93000010787429DDD00279BE7000050E80208B1
:10D9400070B514460D460646F6F77CF92246294680
:10D950003046F0F7F1FF224629463046F1F7C1F98B
:10D96000224629463046F1F7AEFA2246294630468D
:10D97000BDE87040F4F798BF2DE9FF4FA1B00D4608
:10D98000309FDDF8CCB04FF48031B7F900004FF094
:10D990000A0940421A907888B1FBF0F01A99199060
:10D9A00091FBF9F478681D90604200EB800001EB78
:10D9B000400604F1010820B20BF00CF905900FFAB3
:10D9C00088F00BF007F982465A3420B20BF002F9C6
:10D9D000044608F15A0000B20BF0FCF80246059824
:10D9E000C6F10A0101FB00F30AFB063393FBF9F0D1
:10D9F000614302FB0611179091FBF9F018901798FC
:10DA000040111790189840111890BDF97400000249
:10DA10001B90BDF9760000021C90A8882988401A46
:10DA2000401C04B2E8886988401A401C0FFA80FA4A
:10DA3000002648E00CA80090B5F90200B5F90010E6
:10DA400082190BAB13A810F096F90EA80090B5F947
:10DA50000200B5F9041082190DAB13A810F08BF970
:10DA60000B9B0D980E99A0EB03080C980022A1EBDC
:10DA7000000C1146012C08DD4FEA0822611E92FBC2
:10DA8000F1F24FEA0C2C9CFBF1F103F180093B7D94
:10DA90008030DB071CD0DDE9318CCDF80090CDE97A
:10DAA000010203AB83E81210CDE906B8DDE92301DA
:10DAB000DDE92E23EFF75CF93298761C00EB440089
:10DAC000A34436B232905645B4DB25B0BDE8F08FA2
:10DAD000319B042B54D0052B13D0062B50D0142B84
:10DAE000EAD1239B1E93249B12932E9B07930591AF
:10DAF0002F9B3299864609920020CDF88090109194
:10DB000088E0239B1293249B1093DDE92E3C049123
:10DB1000CE4632998146E0460192002009912CE0E0
:10DB2000049A0199424341430EEB212109EB222241
:10DB300009124FEA222207D4DDF840C0614503DA1A
:10DB4000002A01DB9A4203DB00210BF8001012E0EF
:10DB500002FB0811DDF848C001EB410161440A787D
:10DB600091F801C002EB0C22DDF824C02CF8102043
:10DB70008A780BF80020401C00B2A042D0DB9BE763
:10DB8000DDF8C8C0CDF80090CDE901020DF10C0818
:10DB900088E81210CDE906B3DDE92301DDE92E2383
:10DBA0000DF06BF888E70999209A414302EB212197
:10DBB000059A42430EEB222209124FEA222209D48F
:10DBC000DDF848C0614505DA002A03DBDDF81CC03A
:10DBD000624501DB002219E002FB0319DDF87880C1
:10DBE000DDF840C008EB49080CEB4009B8F80080AC
:10DBF000A9F80080DDF81C8003FB08FCDDF87880C4
:10DC000008EB4C0C614402FB03110A780BF800206E
:10DC1000401C00B2A042C6DB4EE770472DE9F0433E
:10DC200087B08946DDE91251DDE91076DDE90E8C19
:10DC300070B1C46A002C08D0CDF80080CDE9045141
:10DC40000396CDE901C74946A04707B0BDE8F08378
:10DC5000FEE7416B002900D00847704710B5044625
:10DC6000012104F07DFC4FF6FF7060870121606A9E
:10DC700004F056F820460022BDE81040202100F0B4
:10DC800063BB000070B500200C46486216A1C4E9D1
:10DC90000B10A06294F83C1041F0300184F83C1065
:10DCA000E08620874FF6FF716187A08694F83C00DC
:10DCB0004FF4806120F00F00083084F83C002046CB
:10DCC00004F02EF809A1204600F097FA204605F04E
:10DCD0003DF901460C4804F05BFB054604F0CCFB23
:10DCE00065626C6270BD0000EF81B8004F707469AE
:10DCF0006F6E20310A4F7074696F6E20320A4F7058
:10DD000074696F6E20330000D0A9040810B5014675
:10DD1000034804F03DFB044604F0AEFB204610BD72
:10DD2000B4A9040870B5486A0C46002510B104F087
:10DD300079FC656294F83C00C00603D4206B03F0C4
:10DD40005DFB256370BD000070B50E463F4804F0D2
:10DD5000D1FF012843D1304600F0B4FA05463046E1
:10DD600000F0EEFA04460E2D14D00F2D21D0102D08
:10DD70001FD0082D21D02A2D23D0292D21D02C2DA4
:10DD800023D00D2D2CD0152D29D13046BDE8704063
:10DD9000F3F770BE05F090F800F014FF054601F0AF
:10DDA000C9FE01F008FF042819D17DBB218F204650
:10DDB000E186BDE87040FFF751BFBDE87040EFF766
:10DDC000C4BABDE8704007F05FB9304600F0B6FA5B
:10DDD00005460021204606F05AF80089688070BD8B
:10DDE000304600F0ABFA0078132810D012280ED07D
:10DDF000142817D0112815D01B28D7D00A28EED107
:10DE000001F0A8FEA042EAD02046D6E719E020465D
:10DE100000F058F8A8B1E08EA18E401C8842DED2F6
:10DE2000214608E0204600F04DF850B1E08E002871
:10DE3000D5D02146401EE086BDE8704008460BF074
:10DE4000D6BF2046BDE8704000F098B8B4A90408D9
:10DE5000006B002800D101A0704700000000000006
:10DE6000C08E70472DE9F04104460025006B9046B6
:10DE70000E462F4620B1EAF7ECF90246002008E0F2
:10DE80000F70BDE8F081216B095C0A2900D16D1C7F
:10DE9000401C904202D2218FA942F4D10021A8F166
:10DEA000010507E0B8F1000F01D0A94208D2735470
:10DEB000401C491C904203D2236B1B5C0A2BF1D1FE
:10DEC0007754DEE710B5406A012106F063F980F06F
:10DED000010010BDF8B50F46084600F0F3F90546FD
:10DEE000182805D03946244804F004FF01283AD107
:10DEF000384600F025FA446A0646082D0ED0012D5A
:10DF000017D0092D30D0182D2DD13846F3F7ABFBA3
:10DF10003946BDE8F840184804F0ECBE01F00AFEAE
:10DF200001F03DFE00281ED13046BDE8F840F9F76B
:10DF3000FABF01F0FFFD050015D001F03CFE0128FD
:10DF400004D0284601F037FE03280CD16946284644
:10DF500001F006FEBDF902102046F8F779FA608755
:10DF6000304606F0CDFBF8BD4FF6FF7060873046B7
:10DF7000BDE8F84006F0C4BBD0A904082DE9F84379
:10DF80000446012103F010FF204604F0DFFF0146A4
:10DF9000606A07F0F4FB4FF0FF31606A06F016FD8F
:10DFA0000121606A04F0A2FA00221F21204600F03D
:10DFB000CBF92046F8F76FFB8046216B02F043FF58
:10DFC00042F2D171606A07F016FE404607F08AFE01
:10DFD000606A06F096F80546204606F092F88542FB
:10DFE0000EDC94F83C0000F00F00042801D0082853
:10DFF00006D1204606F085F80146606A07F0FBFD71
:10E00000404604F05EFF07460021606A05F0CCFC44
:10E0100005460021606A05F08FFE46190021112295
:10E02000606A05F0A7FE2844B919084407B294F8BD
:10E030003C003D4600F00F06082E02D0042E1ED0F4
:10E0400034E0FDF775F8FDF7D1F8B4F91A1029445A
:10E0500088422BDAFDF76CF8FDF7C8F8B4F91A100E
:10E06000411AB4F91600814201DA042605E0FDF7F1
:10E070005FF8FDF7BBF8618B401A401E15E0B4F95C
:10E080001600401B12D5FDF753F8FDF7AFF8B4F9B1
:10E090001A10B4F91650411AA94207DD0826FDF7F7
:10E0A00047F8FDF7A3F8618B401A05B2BD4200DDC9
:10E0B0003D462946606A07F02DFB20460BF097FE8F
:10E0C0000020082E06D0042E09D0012E0CD0022EDE
:10E0D0000FD015E0009000230D22606A0DE0009043
:10E0E00000230A22606A08E0009000231022606A80
:10E0F00003E000900023606A1322214603F0C0FE73
:10E10000606A07F0EFFD94F83C0000F00F00012872
:10E1100001D0022818D1606A06F015F80646606A38
:10E1200006F02DF80546FDF703F8FDF75FF8A84265
:10E130000ADCFCF7FDFFFDF759F8281A301A401EDB
:10E1400001B2606A07F083FD00214046226B04F0B3
:10E1500005F9022808D04FF0000303281A4601D021
:10E16000012104E0032102E000231A46022101B04C
:10E170004046BDE8F04303F075BE2DE9F0410E00C6
:10E18000044603D00025A586284606E0FEE70A29B6
:10E1900002D1A18E491CA186401C315C0029F6D118
:10E1A000A08E401CA086E58625873046EAF751F808
:10E1B000471C206B30B194F83C10C90602D403F020
:10E1C0001DF92563384603F08DF8206390B1314680
:10E1D000EAF754F894F83C0020F01001204684F847
:10E1E0003C1006F08DFA606A002804D0BDE8F041CA
:10E1F00006F086BAFEE7BDE8F08170B50E00044671
:10E2000003D00025A586294606E0FEE70A2802D1AC
:10E21000A08E401CA086491C705C0028F6D1A08E00
:10E22000401CA086E586258794F83C00C00604D4EF
:10E23000206B10B103F0E2F8256394F83C0040F045
:10E24000100184F83C102046266306F059FA606AF3
:10E25000002803D0BDE8704006F052BA70BD10B57A
:10E260000446C08E88420FD0A08E884200D8411E3E
:10E27000E1862187606A10B120460BF0B8FD204688
:10E28000BDE8104006F03CBA10BD10B50C464FF486
:10E290008061204604F02AF90421204604F026F982
:10E2A0004FF40031204603F03BFD0121204603F0EE
:10E2B00037FD2046BDE8104001F0DABE486A002173
:10E2C00041627047007A20F08000704740687047D4
:10E2D000017A15290BD0142909D0162907D018293D
:10E2E00005D0172903D0192901D0002070470069F3
:10E2F0007047017A01291FD002291DD003291BD0A4
:10E30000042919D0052917D0062915D0072913D0BB
:10E31000082911D009290FD00A290DD00B290BD0BB
:10E320000C2909D00D2907D00E2905D00F2903D0BB
:10E33000102901D0002070470069704700697047BC
:10E3400000687047C068704710B588B0C0B10090D1
:10E3500001908DF808100020CDE903029DF8180007
:10E36000084C20F007008DF8180060680590C4F88C
:10E3700004D06846F6F73AFF0599616008B010BD11
:10E380000120FBE778000020027A132A06D10069F9
:10E39000B0F900208A4200DD11460180704710B5B7
:10E3A00000F004F8BDE8104000F06CBB10B500218F
:10E3B0000C4802F069FD0C4C2080002008F058FF4A
:10E3C0006080042008F054FFA080042008F050FF73
:10E3D000E080042008F04CFF2081042008F048FF72
:10E3E000608110BD555B0108C800002010B50929E7
:10E3F00000D120210469F7F799FF002806D0616851
:10E4000001EBC000618A890B01D0002010BD0068BB
:10E410002168C0F31300084410BD08B142681047DA
:10E42000FEE72DE9F0479A4690460C46070011D0CA
:10E430008CB100260546B1462660D5F800C053468B
:10E44000424621462846E04740B1A07BC00603D49F
:10E4500025600EE0FEE7FEE706B92E466D69002D49
:10E46000EBD14EB135685346424621463046A84767
:10E4700026600120BDE8F087B8F1200F20D3A8F571
:10E480007841FF391CD0A8F500510C3918D0B7F9E4
:10E49000080000EBD0704008E080801CA080C4F829
:10E4A000009039892181A4F80A90A4F80C90A07BEF
:10E4B00020F00F00401C40F01000A0730020D9E7AE
:10E4C0004846A4F80690E9E72DE9F0479A460C463D
:10E4D0008146092A47D000261146D9F81050F7F78F
:10E4E00025FF071E3DD0E8684FF0000850B15146A7
:10E4F0004846F7F71BFF020004D039464846F7F7B5
:10E50000F3FF80466868298A00EBC70001FB08F129
:10E510000A110168090D002E02D000BF4FEA410127
:10E52000114401F108014FEA1111A18041792181C3
:10E530000179E18090F90620628190F90700A081BD
:10E54000688A4FEA5022A07B62F3030020F010009B
:10E55000A07304D04FF6FF7000EA4100E0804FF056
:10E560000100BDE8F0874FF001064FF02002B3E74D
:10E570001FB540B113460A466946FFF752FFBDF882
:10E58000040004B010BDFEE770B504464068B0B1A9
:10E59000C268B2B12168904705466068408840B1C2
:10E5A000A06830B1C06808B102F028FFA06802F08E
:10E5B00025FF002020606060A060284670BD0B2011
:10E5C00070BD092070BD000010B504460748EDF786
:10E5D0004EF808E008680078A04201D1086810BD34
:10E5E0000248EDF756F80100F4D110BDA82B002029
:10E5F00010B50446E9F72DFE40B1215C2E2907D065
:10E600002F2903D05C2901D0401EF6D102A010BDF5
:10E610002044401C10BD00000000000010F8011F45
:10E620003A2900D1401C70472DE9F04117460E00F1
:10E6300005462BD03078FFF7C7FF040028D061686B
:10E6400009B1884730B3A06830B33046FFF7E6FF22
:10E650000146A3683A4620469847F8B1411C1DD0B0
:10E66000C5E90004608870B1102002F03BFEA8608C
:10E67000B0B1102103F00AF8A9684FF0FF3008602C
:10E68000A968400048600020BDE8F0810B20FBE74E
:10E690000320F9E70120F7E70920F5E70C20F3E76D
:10E6A000FEE77CB51C004FF0000500D025604368F4
:10E6B00053B11B6953B1019545686B88002B01ABC1
:10E6C00006D000F012F80BE00B207CBD09207CBDC9
:10E6D0000093006813460A4601462E692846B04753
:10E6E000002CF4D0019921607CBD2DE9FF4F054637
:10E6F000806814460027D0E90021D0E902808146D5
:10E70000686883B09A46B0F802B0424549D8884557
:10E7100047D2A8EB020080B2ABEB0006A1EB0801E8
:10E720008E4200D30E46B44209EB000106D82246C1
:10E73000049802F0D9FECAF8004066E03246049818
:10E7400002F0D2FE0020019001A85C45009008D99B
:10E750000498A31B8219D5E900100769B84707463A
:10E7600017E0D5E900105B4607694A46B8470746F7
:10E77000A86842680260A968019802444A60A11B27
:10E78000814200D2084682B204984946304402F0E1
:10E79000ABFE01983044A04200D20446CAF80040C3
:10E7A00030E05C4508D9CDF800A006692968234609
:10E7B000049AB047074625E0B9F1000F06D1584644
:10E7C00002F090FDA968C860F0B181460020019078
:10E7D00001A80090D5E900105B4606694A46B0479B
:10E7E0000746A868C0F80080019AA86808EB0201F3
:10E7F0009442416000D22246CAF80020494604985B
:10E8000002F072FE0FB106E0FEE7A868DAF8001029
:10E8100082681144816007B03846BDE8F08FF8B5D2
:10E8200045680446E5B1AE69E6B16B880020C3B324
:10E83000D2B1012A21D0022A11D1134620680A46FA
:10E8400001462846B047002809D1D4E900106A469D
:10E85000C3699847002802D1A26800999160F8BD69
:10E860000B20F8BD0920F8BDA2689160A3680A4694
:10E870001D68A9420CD3596808E0A3689A680A4445
:10E880009A60A1680B689A4202D349688A42EAD921
:10E89000D4E900100023846901B0A446BDE8F0402B
:10E8A0006047FFE7134620680A46014601B0284644
:10E8B000B446BDE8F04060472DE9FC410C46817844
:10E8C0001546614309128A4202DC0088BDE8FC81DA
:10E8D000017A00EB810212F8023C63431B129D4255
:10E8E00002DB32F8040CF1E701235AE000EB83026B
:10E8F000927862431212954251DC00EB830737F89D
:10E90000040DADF804000198FCF738F80646B88805
:10E91000ADF804000198FCF731F8B978BA79614391
:10E9200009126243D1EB22223DD0691A09B2C1EB30
:10E93000012191FBF2F1CAB2C0F30721C2F1FF033A
:10E940005143C6F3072404FB031101EBC11404EB8C
:10E95000C134BDF80010250F65F30201C0F307456F
:10E960005543C0B2C6F30747504307FB0355F2B205
:10E9700002FB030005EBC51707EBC53500EBC01222
:10E98000AD0E02EBC03065F3C701800E60F30C21C1
:10E99000600E60F34F31ADF8001088B296E75B1C53
:10E9A000DBB29942A2D8FEE74168002901DA02F001
:10E9B00025BD7047FEB50546407A16460C46400711
:10E9C0002FD0224F387820B9002000F043F80120E2
:10E9D0003870687A00F00700022818D04FEA060065
:10E9E00080EA640068400190002000906A4601A916
:10E9F0001748F8F77BFF01280BD0324621462846FE
:10EA0000EDF7CEFF009000280BD0002418E0204640
:10EA1000E6E700980422416802EBB1714FEAB101C8
:10EA20004160FEBD22462846FFF746FF029000984F
:10EA3000BDF80810806800EB4400641C018024B21B
:10EA40000098B0F90E10A142ECDCFEBDB40000202D
:10EA5000F158010870B5094D0446286802F0CEFC53
:10EA6000204602F03FFC2860054DA86020B12146F9
:10EA700002F00CFE6C6070BDFEE700002402002076
:10EA8000B400002010B50021164802F0FDF9164C24
:10EA90002080042008F0ECFB6080042008F0E8FBF4
:10EAA000E080042008F0E4FBA080042008F0E0FBF4
:10EAB0002081042008F0DCFB6082042008F0D8FBF1
:10EAC0002082042008F0D4FBA081042008F0D0FBB1
:10EAD0006081042008F0CCFBE081042008F0C8FB32
:10EAE000A08210BDB96E0108D400002070B50600E8
:10EAF0000C4633D0084600F087F83046ECF7B7FDF7
:10EB000005E00868A04229D03046ECF7C2FD0100BC
:10EB1000F7D1204604F0D0F940B1A168896829B145
:10EB2000C9680968A14201D100F059F8A06810B97C
:10EB3000204603F011FBA06886603046ECF70BFE20
:10EB400005000AD030462C60ECF791FDA84205D1B3
:10EB50003046BDE8704000F042B8FEE770BD0000EE
:10EB600010B50446074A0849F7F75CF96269002ABC
:10EB700006D0002804D12046BDE8104001211047EE
:10EB800010BD000093B600086FB6000810B504462B
:10EB9000074A0849F7F746F96269002A06D00028B3
:10EBA00004D12046BDE810400021104710BD0000F0
:10EBB0009BB60008A1B60008014800687047000035
:10EBC00080000020002802D0007FC0F34000704782
:10EBD000002803D0C068002800D00068704770B5D6
:10EBE0000446007FC0F3C00540F0080020774007CE
:10EBF000204602D4FFF7B4FF01E0FFF7C7FF207FF4
:10EC000065F3C300207770BD2DE9F041064604F09E
:10EC100053F904003DD0E068002740B30068B042DB
:10EC200020D1207FC10702D020F0010020772046AC
:10EC3000ECF71DFDE16888420FD12046ECF730FD6E
:10EC4000E168884209D12046F7F726FC0246E068D1
:10EC50000F210068FFF778FB02E02046FFF7BFFFB7
:10EC6000E06820B1E0680068B04200D1E76020466B
:10EC7000ECF7FDFC11E028682946B04220460AD195
:10EC8000ECF790FD284602F0B9FBB068002800D0F0
:10EC90008760BDE8F081ECF7FCFC0500EBD1F8E7FC
:10ECA00070B504001CD0207FC0F340028A4217D008
:10ECB00061F3410020772046FFF78AFF05000FD05F
:10ECC0002046F7F7E9FB0246E0680E210068FFF7EF
:10ECD0003BFB012804D12846BDE8704005F010BD7B
:10ECE00070BD7047014600200F290AD2DFE801F00D
:10ECF00009090909080A080C0E10120C0E1012005E
:10ED0000102070471820704701207047022070477C
:10ED1000042070470820704701460020891E0D29F5
:10ED200009D2DFE801F00708080708070707070707
:10ED3000070707000120704701460020032901D082
:10ED4000062900D10120704770B500254D6291F869
:10ED500038000C4620F07C0040F0030081F83800B9
:10ED6000084605F0CEF9A085204604F0AAF8E08513
:10ED700025864FF48070E08694F83800022140F038
:10ED8000800084F83800258565856586A58684F829
:10ED90003950204603F0AAFB2046BDE870404FF4EE
:10EDA000803102F0BDBF000010B50146034803F0FA
:10EDB000EFFA044603F060FB204610BDECA90408FE
:10EDC00070B54C6A0D46002C12D0287C012802D167
:10EDD0002046FFF7D9FBE06808B102F00FFB20697D
:10EDE00008B102F00BFB204602F008FB002068622D
:10EDF00070BD00007FB514460D46084600F088FE41
:10EE000020B1012817D0022839D035E0296801F057
:10EE10001F00001F11282FD2880A216860F3942157
:10EE200021602868400D60F35F512160287860F30D
:10EE3000040121602FE02846FFF7DAFB17A1E9F76C
:10EE40000FFAC8B9022229466846FFF7EDFB68B9F8
:10EE500003AB042221466846FFF723FC05466846BB
:10EE6000FFF792FB45B90398042805D1207800F0FC
:10EE70001F00001F11280ED3002004B070BD2068B1
:10EE8000012161F39420C0F3140000F5001020F07C
:10EE90001F000B3020600120EFE7000062696E0068
:10EEA0002DE9FF4F80465CA087B0006804905BA00E
:10EEB0005BA3006893460F4605900FCB8DE80F00CB
:10EEC000B8F80810002089B2CAB2090A09E000BFE8
:10EED000149C00EB4003401CE254149C00B22344F9
:10EEE00059700A9B9842F3DB98F814004FF0000920
:10EEF00000F01F00FFF7F6FE8246012101FA0AF139
:10EF0000491E88B206900025D8F814002C4600F05F
:10EF10001F012E460B2906D00C2912D00D2920D016
:10EF20000E2931D12CE0C0F38A20C01DC50804EBA6
:10EF3000E70107F0070005FB0B14C0F1070604A862
:10EF40000DE0C0F38A20C01C850804EBA70105FB77
:10EF50000B1407F003000621A1EB400605A881462B
:10EF600012E0C0F38A20401C450804EB670105FB52
:10EF70000B1407F001000421A1EB80066846EEE7C0
:10EF8000C0F38A2505FB0B742846D8F8247002F0DC
:10EF9000D7F95FEA000B13D098F81000A0B1002257
:10EFA000211D3846FFF73BFC00232A4659463846C8
:10EFB000FFF777FB5946CAF10802002053B222E05E
:10EFC00000200BB0BDE8F08FD8F80400806801196C
:10EFD000F1E70A78069CF240224098F8144004F0C9
:10EFE0001F040E2C01D019F80220149C00EB4005E0
:10EFF0002C44A270A6EB0A0256B2002E01DA1E467D
:10F00000491C401C00B20A9A9042E2DB584602F0CA
:10F01000E3F90120D5E7000000FF00000055AAFF3A
:10F0200000112233445566778899AABBCCDDEEFFE8
:10F030002DE9FF4F8046007D81B091460E4600F0DD
:10F040001F00FFF74FFE8246012101FA0AF1491E17
:10F050000025D8F814001FFA81FB00F01F012F468D
:10F060002C46072906D0082912D009291FD00A29C1
:10F0700032D12BE0C0F38A20C01DC50804EBE601A5
:10F0800005FB091406F00700C0F10707083423E068
:10F09000C0F38A20C01C850804EBA60105FB0914F7
:10F0A000062106F00300A1EB4007103414E0C0F382
:10F0B0008A20401C450804EB660105FB0914042165
:10F0C00006F00100A1EB8007403405E0C0F38A257B
:10F0D00005FB096404F580642846D8F8249002F002
:10F0E0002FF9061E40D098F8100068B10022211DAB
:10F0F0004846FFF794FB00232A4631464846FFF76F
:10F10000D0FA3146002028E0D8F8040080680119C0
:10F11000F8E70A78D9F80C30FA4002EA0B0203EB60
:10F1200042030E9D1B8800EB4004ADF800302B55C8
:10F13000BDF800301D0A0E9B23445D70D9F81040C5
:10F14000A25C9A70A7EB0A0257B2002F03DACAF149
:10F15000080257B2491C401C00B2049A9042D8DB06
:10F16000304602F039F9012005B0BDE8F08F00000B
:10F170002DE9FE430646087C0C46012801D028B341
:10F1800028E06068FFF734FA6BA1E9F769F8002816
:10F190005BD1022268466168FFF746FA0028F7D182
:10F1A000606A38B9142002F09DF8606268B11421D9
:10F1B00002F06CFAD4F8240069460C2211F8013BE5
:10F1C00000F8013B521EF9D104E0FEE76068806858
:10F1D000002874D0616901F01F000E2816D0142891
:10F1E00014D004283AD0052838D0062836D007286D
:10F1F00038D0082836D0092834D00A2832D00B2835
:10F2000027D00C2825D00D2823D08FE0227CEAB10E
:10F21000C1F38A22490D4A4314281BD001265643C4
:10F22000304602F05FF805000FD0676A0022042123
:10F230003846FFF7F4FA0023324629463846FFF7EE
:10F2400030FA48B1284602F0D9F873E06068806867
:10F25000A06168E00326E2E7A56164E0207C002865
:10F26000F4D060E0FFF73EFD01278740606A38B9BF
:10F27000142002F037F86062B8B1142102F006FAE7
:10F280007800656A02F02EF8E86078B1384602F03E
:10F2900029F8286158B1E86878B3207C012807D0A4
:10F2A00060680024D0F808803BE0FEE7FEE7FEE758
:10F2B000002204212846FFF7B2FA00241AE033E0C6
:10F2C0000023042269462846FFF7EBF99DF8002049
:10F2D0009DF801109DF80200FBF72EFA0190E868F6
:10F2E000BDF8041000EB4400018029699DF803007B
:10F2F0000855641CBC42E3D315E017E008EB840614
:10F3000018F824207178B078FBF716FA0090E868B6
:10F31000BDF8001000EB440001802969F078085521
:10F32000641CBC42EAD30120BDE8FE83214630467E
:10F33000FFF746FD0020F7E762696E002DE9F84F00
:10F340000C461D461646207DDDE90A32002100F0FC
:10F350001F00042816D0052814D0062812D00B2828
:10F3600039D00C2837D00D2835D00E2833D00728B7
:10F3700038D0082836D0092834D00A2832D00020C6
:10F38000BDE8F88F277C012F33D198469146D4F8F9
:10F3900024A0FFF7A7FC074660690022C0F38A207B
:10F3A00005FB00607843C1105046091DFFF737FA8E
:10F3B000002470B9FD0805FB08F56B462A4649464E
:10F3C00050460094FFF76DF918B90098854200D1B6
:10F3D000012421460DE000922A4631462046FFF7DF
:10F3E0005FFD05E000922A4631462046FFF720FEE9
:10F3F00001460846C4E710B50446006800280BD053
:10F40000C2680AB121469047207C012804D1606877
:10F4100001F0F4FF0020606010BD000010B5054849
:10F42000ECF74AF9040004D0142102F02FF9204629
:10F4300010BDFEE7CC2B00202DE9F0410F4605461C
:10F440000421384602F022F925B1284600F060FB7D
:10F4500018B105E00020BDE8F081A8680028FAD0C6
:10F4600000260A48ECF703F90BE023682BB13A4673
:10F47000294698470646012805D021460348ECF75F
:10F4800008F90400F1D13046E5E70000CC2B00205C
:10F490002DE9FF410E461D460446282102F0F6F8EC
:10F4A000AEB1304600F034FB08B9B16879B1BDF8AF
:10F4B000081021812074E56001280CD066600027C7
:10F4C0002148ECF7D4F8054604F1140831E0002097
:10F4D00004B0BDE8F0813046E8F7BBFE401C01F007
:10F4E00001FF606018B13146E8F7C8FEE7E7FEE7C4
:10F4F0002B68CBB16868B8B1424631462846984778
:10F500000746012810D125606A68214628469047A1
:10F5100007460128DCD00421404602F0B7F800205D
:10F520002062A0616062E06129460748ECF7B1F80B
:10F530000546002DDCD1207C012802D1606801F055
:10F540005DFF3846C4E70000CC2B00202DE9FC41CC
:10F5500005680E46089FAC6800213CB1CDE9003734
:10F560001346014632462846A04701460846BDE8F4
:10F57000FC8110B591F838000C4600F0030001281A
:10F5800001D0022809D154F8240F01F037FF0020E0
:10F590002060207D40F00300207510BD2DE9FF4163
:10F5A0000F460846FEF78EFE0546152807D0182D93
:10F5B00005D03946744803F09DFB012869D13846CF
:10F5C000FEF7BEFE04462A2D13D04FF48076132D8D
:10F5D00021D0112D5FD02C2D7ED0152D03D0182DCC
:10F5E00001D0122D55D104B03846BDE8F041F0F7F6
:10F5F000EBBD94F8380000F003000228204604D048
:10F6000004B0BDE8F04105F013BD616A04B0BDE887
:10F61000F04100F0D5B93846FEF790FE0546208E41
:10F6200010B9E08EB04234D0204604F06AFD0646A0
:10F63000204603F046FC074604F13201E08ECDE996
:10F640000001B4F930303A46314602A8EBF798FE93
:10F65000BDF90800B5F900104042814200DD0846BE
:10F6600000B22880BDF90A104942884200DC0846F1
:10F6700000B22880BDF90C10891B884200DC0846C6
:10F6800000B22880BDF90E10C91B884200DC084674
:10F690002880BDE8FF813846FEF750FE054620462B
:10F6A00004F02FFDB4F92C1088424DD1204603F010
:10F6B00008FC0146B4F92E00814245D1E18EB142E9
:10F6C00013D1218E89B9B4F92C10B4F9322001EB91
:10F6D000D171B2EB610F00E041E006D1B4F9341012
:10F6E00000EBD070B1EB600F2ED0204604F009FD86
:10F6F0000646204603F0E5FB024604F13201E08EA7
:10F70000CDE90001B4F93030314602A8EBF738FEFC
:10F71000BDF80800A18A00220844ADF80800BDF831
:10F720000A00E18A0844ADF80A00BDF80C00A18A7D
:10F730000844ADF80C00BDF80E00E18A0844ADF8AD
:10F740000E0002A8296806E06946204603F0FFFA89
:10F75000002268462968EBF7B5FB287199E738461F
:10F76000FEF7ECFD054694F8390000F0030001288F
:10F7700004D0A08D2880E08D68808AE7204600F0C4
:10F7800005F8286085E70000ECA904081FB500F122
:10F790003202C18ECDE90012B0F93030B0F92E201E
:10F7A000B0F92C1002A8EBF7EBFDBDF80C00BDF88A
:10F7B0000810BDF80A20411A2046491C61F30F00C9
:10F7C000BDF80E1004B0891A491C61F31F4010BD2A
:10F7D0002DE9FF4105460C464FF4616003E000BF90
:10F7E000A4F5616424B28442FADA02E004F56164AB
:10F7F00024B2002CFADB288EA04267D0284606F0FF
:10F8000071FA284604F07DFC8046284603F059FB37
:10F81000074605F13206E88ECDE90006B5F930302D
:10F820003A46414602A8EBF7ABFDBDF80810A88A9E
:10F830000844ADF80800BDF80A10E88A0844ADF89D
:10F840000A00BDF80C10A88A0844ADF80C00BDF8F9
:10F850000E10E88A0844ADF80E0002A9284604F00C
:10F8600072FF28462C8603F0F9FA04460021FBF7C4
:10F8700047FC284605F0DCFB01212046FBF740FC55
:10F88000E88ECDE90006B5F930303A46414602A887
:10F89000EBF776FDBDF80800A98A0844ADF808002A
:10F8A000BDF80A00E98A0844ADF80A00BDF80C006A
:10F8B000A98A0844ADF80C00BDF80E00E98A084496
:10F8C000ADF80E0002A9284604F03DFFBDE8FF8117
:10F8D0002DE9FF470446B0F932000F461646B842FC
:10F8E00003D1B4F93400B04268D0204606F0FAF9EA
:10F8F000204604F006FC8146204603F0E2FA8046EA
:10F9000004F13205E08ECDE90005B4F9303042460D
:10F91000494602A8EBF734FDBDF80810A08A084458
:10F92000ADF80800BDF80A10E08A0844ADF80A00F6
:10F93000BDF80C10A08A0844ADF80C00BDF80E10FC
:10F94000E08A0844ADF80E0002A9204604F0FBFE50
:10F9500067862046A68603F081FA06460021FBF75B
:10F96000CFFB204605F064FB01213046FBF7C8FBC6
:10F97000E08ECDE90005B4F930304246494602A890
:10F98000EBF7FEFCBDF80800A18A0844ADF80800BA
:10F99000BDF80A00E18A0844ADF80A00BDF80C0081
:10F9A000A18A0844ADF80C00BDF80E00E18A0844B5
:10F9B000ADF80E0002A9204604F0C5FEBDE8FF87A1
:10F9C0002DE9F04385B08846044604F099FE404690
:10F9D00000F09EF805464FF00009032809D003A95E
:10F9E0004046FFF729FDC5B1012D24D0022D22D0BC
:10F9F00068E094F8380000F00300022801D00128E4
:10FA000002D1606A01F0FAFC44F8249F207D40F0A6
:10FA10000300207505B0BDE8F08394F8380000F0CD
:10FA20000300012801D0022802D1606A01F0E6FC3F
:10FA3000C4F8248046E0606A404519D094F8381034
:10FA4000002601F00301012901D0022900D1064658
:10FA50004046E8F7FEFB401C01F044FC07000AD0DA
:10FA60004146E8F70BFC676216B1304601F0C6FC70
:10FA7000022D01D026E0FEE720460021572204F0A7
:10FA800079F9064620460021582204F073F907B29E
:10FA900020460021592204F06DF900B241F6FF72B0
:10FAA0008DE805023B463246414604A809F056F966
:10FAB000BDF81010039861F39420BDF8121061F3A3
:10FAC0005F50039094F8380065F3010084F8380023
:10FAD0000398C0F38A21A185430DE38594F838206B
:10FAE00060F3860284F838204A08810D6286204639
:10FAF000A18605F0C9FA208E18B9E08EB0F5807F96
:10FB000002D0204605F094FA204604F0F9FD81E782
:10FB1000032130B10078A0F120015F2903D8012032
:10FB2000704708467047802801D3022070470020A4
:10FB30007047000001488068704700008400002082
:10FB400018B101460248EBF7A4BD0148EBF78FBDA1
:10FB50009C2B002001484068704700008400002072
:10FB600038B102681278012A05D0032A03D04FF079
:10FB7000FF30088002E002890A804089488070478F
:10FB8000002806D001680978012903D0032901D093
:10FB90000020704790F8440000F00F0070470028E4
:10FBA00006D001680978012903D0032901D000207B
:10FBB0007047006B7047002801D0006800787047DC
:10FBC00000220A804A80002809D002681278012A9F
:10FBD00001D0032A03D1028B0A80408B48807047F2
:10FBE00070B5204E0C460025B0B3417941F00201BA
:10FBF0004171B168814200D17560016809780129BD
:10FC000001D002290ED114B1416BA14201D145634B
:10FC100014B1816AA14201D1856214B1C16AA142C5
:10FC200000D1C56270BD417941F0020141710168A6
:10FC30000978012901D002290ED114B1416BA142EA
:10FC400001D1456314B1816AA14201D1856214B129
:10FC5000C16AA14200D1C562FFF772FF0028E2D15C
:10FC6000756070BD8400002010B50446407920F016
:10FC70000100607108F030FDE06408F02DFDA06423
:10FC800010BD002804D0032906D00C2901D0002083
:10FC90007047B0F9261001E0B0F924100068427EE8
:10FCA0000020C2F16402642305E00844514391FB43
:10FCB000F3F100B209B20029F7D17047002803D050
:10FCC000417941F0080141717047000010B5144CB2
:10FCD0002078002821D101F0A7FBEBF7C9FFEBF753
:10FCE00043FBEAF751FFEBF745FBFBF713FDEBF79F
:10FCF00085FE4FF4B4710B48EBF7D6FC5C210A4843
:10FD0000EBF7D2FCEBF77EFFEBF71AFC442011284F
:10FD100004D0FEF744FB0120207010BDFEE7000078
:10FD200090000020902B00209C2B002010B50C464A
:10FD30000421204602F0DAFB0020A06384F83C0096
:10FD400084F83D00034602460521204602F08AF869
:10FD500000231C220649204601F096FF002211468E
:10FD6000204605F0A2FE2046BDE8104000F03CB958
:10FD700075FD010870B5FEF7E3FA0446F9F7B0FC2B
:10FD8000A0F57F41FF397BD02046F9F7A9FC014659
:10FD90002046F9F77BFC050072D069A1E8F760FA0C
:10FDA000684E002846D068A12846E8F759FA00288E
:10FDB00046D066A12846E8F753FA002846D064A149
:10FDC0002846E8F74DFA00284CD062A12846E8F70B
:10FDD00047FA002846D060A12846E8F741FA0028F3
:10FDE00053D0A06B00284BD05CA12846E8F738FA26
:10FDF00000285AD05BA12846E8F732FAF0B35AA19E
:10FE00002846E8F72DFAD0B358A12846E8F728FA93
:10FE1000B8B357A12846E8F723FA98B355A1284666
:10FE2000E8F71EFA0028A06B59D02946BDE87040BB
:10FE300008F04EB8002184F83C10204631680AE0F2
:10FE4000012184F83C102046716804E0022184F806
:10FE50003C102046B168F9F7ABFC2046BDE8704085
:10FE600000F08AB8002220212046FEF76DFA012812
:10FE700065D1A06B002862D0002204E015E01FE0ED
:10FE80005DE022E026E020210BE000221F21204639
:10FE9000FEF75AFA012852D1A06B00284FD0002259
:10FEA0001F21BDE87040FEF74FBA0A21A06B07F092
:10FEB0008DFFA06B08F03CFA002840D0A06BEEE765
:10FEC000A06BBDE8704008F00AB9A06BBDE87040B7
:10FED00008F00CB9A06BBDE8704008F035B908F027
:10FEE00025FA85B2A06B08F041FA00782D280FD0D2
:10FEF0002B28A06B16D0002108F048FA2D21A06B0A
:10FF000007F064FFA06B691CBDE8704008F03EBAC2
:10FF10000121A06B08F03AFAA06B08F015F92B212B
:10FF2000A06B07E0012108F031FAA06B08F00CF992
:10FF30002D21A06B07F04AFF2946A06BE4E770BDB6
:10FF400061626300680100204142430031230000E8
:10FF5000EF808D00EF849C00EF808C00456E74650F
:10FF600072000000EFA2A200EF819300EF819400E5
:10FF7000EF959A002B2F2D002DE9F04104460746FE
:10FF800090F83D00174EC00708D094F83C0056F892
:10FF900020103846BDE8F041F9F7FDBB208E400047
:10FFA00001F0A0F90546208E420097F83C0056F873
:10FFB0002010284601F098FA002007E035F81010CC
:10FFC00021F4806125F81010401C80B2218E8142FE
:10FFD000F4D829462046F9F7DEFB2846BDE8F04173
:10FFE00001F00CBA8C01002010B5044690F83C00DA
:10FFF000054951F820102046F9F7DAFB2046BDE804
:020000040802F0
:100000001040FFF7B9BF00006801002010B50C4692
:100010000020486214F8481F21F0180104F81C1948
:10002000411E2160227F22F0070222772083608315
:10003000E060C4E90110090C2161616144F8040C1D
:1000400014F81C0F022120F0400004F84809204653
:1000500002F04CFA0021204600F054FE2046BDE894
:10006000104001A100F08ABE5465787400000000C1
:1000700010B50146034802F08BF9044602F0FCF982
:10008000204610BD08AA040810B508460C4600F02A
:100090000AF894F84800000702D4606A01F0AEF94B
:1000A0000020606210BD10B5044690F8480040067C
:1000B00003D5A06A08B101F0A1F994F8480020F036
:1000C000400084F848000020A06210BD2DE9FF47E1
:1000D0000E463F4802F00EFE012876D13046FEF76C
:1000E000F1F804463046FEF72BF905462A2C1CD0C1
:1000F000132C0BD0292C18D02C2C1ED0152C64D1ED
:1001000004B03046BDE8F047F1F7D6BD002103F05A
:10011000C1FEB0F9080004B0C11700EB9170811066
:100120003046BDE8F047FEF72FB900F0B9FD04B046
:100130002846BDE8F04700F04FBB002103F0AAFEBF
:1001400081460021284603F0B7FE8046002128465C
:1001500003F0CAFE074695F848000024C10600D502
:100160000124800601D544F00204284602F056FE20
:100170000021284603F000FFA0F51C51D13905D11C
:10018000688C000502D441F6FF7002E0284602F0B8
:1001900045FE0097CDE9010443464A4603A8696A33
:1001A00008F0DCFD3046FEF7C9F8B0F90020BDF9D3
:1001B0000C108A4200DD11460180B0F90220BDF921
:1001C0000E108A4200DD11464180BDE8FF87000025
:1001D00008AA04082DE9F04F8BB00D00804659D0D5
:1001E0000021122203F0C6FD29881022081A60F3AC
:1001F0000F044046002103F0BDFD6988081A60F332
:100200001F44A14608A9404602F0C0FDBDF82400E5
:10021000BDF820100025401A401C00B2D8F8247008
:1002200005902C462946404603F034FE02900021FA
:10023000404603F059FE00900021404603F03CFE8A
:1002400003900298AB465E46B0F90800079098F814
:100250004800C10600D50126800601D546F00206F9
:100260000021404603F088FEA0F51C51D13905D18C
:10027000B8F82200000501D446F0040640460021EB
:10028000D8F8242002F06AF882460099079800EB1B
:10029000010821E0FEE70020CDE90006DDE90212B9
:1002A0007819059BEBF72AFD044407984FEA294289
:1002B000584482420BDC444A00946946126838462E
:1002C00090470A280BD0385D48B9641C07E008EB5A
:1002D0000B000FFA80FB2546785D0028DBD107EB89
:1002E000050B4FF00008BAF1020F03D0BAF1030F6B
:1002F00016D025E0DDE90223611B5846009608F080
:100300008BFDBDF82410BDF8202000EBD070891AB9
:10031000491C09B201EBD1714910A1EB60000DE05D
:10032000DDE90223611B5846009608F075FDBDF813
:100330002410BDF82020891A491C081A0FFA80F8E9
:1003400000208DF818008246049044BB2BE004ABDB
:100350006A4601A95846EBF7B9FCF00706D00498A5
:100360001BF8001006A8EBF773FDC0B9DDE901101A
:10037000009AFEF7FDF801B20FFA89F208EB0100CE
:1003800082421EDB04994A19A2421AD00AEB0502E6
:10039000BA5CB2B1039A8A4610440FFA80F8049806
:1003A0002844A042D3D3094C584604992268904768
:1003B000064622682946384690470BB03044BDE8CF
:1003C000F08FCDF810A0EEE7680200206C0200204C
:1003D0002DE9F74F8AB05FEA0209804664D0D8F869
:1003E000245040462A46002101F0B8FF8346287871
:1003F00000285AD007A9404602F0C8FCBDF82000EA
:10040000BDF81C100024401A401C00B2049026467F
:100410002146404603F03EFD03900021404603F094
:1004200063FD06900021404603F046FD02900398CC
:10043000A2465746B0F90800059098F84800C10652
:1004400000D50127800601D547F00207002140466C
:1004500003F092FDA0F51C51D13905D1B8F8220066
:10046000000501D447F004074B4A28460B9912684F
:1004700090478046A85DA8B3DDE9051008440990BF
:100480000020CDE90007DDE902212819049BEBF7E4
:1004900035FC0644B04526D3A85D18B30998344608
:1004A00050440FFA80FAEBE7FEE70020A9F80200BB
:1004B0005946BBF1010F07D002290AD0BBF1030F47
:1004C00004D1404602F0AAFCA9F800000DB0BDE836
:1004D000F08F404602F0A2FC00EBD0704110A9F86A
:1004E0000010F3E7FFE7B8F1000F12D005EB0800AA
:1004F00010F8010C0A2801D00D280AD115F80800BF
:1005000038B9DDE90501014401EB0A000FFA80FA70
:1005100044462819CDE90070DDE90103A8EB040188
:10052000039A08F079FC05460B98A04202D0029885
:10053000284405B2BBF1020F03D0BBF1030F16D064
:1005400025E00097DDE90103311B039A08F064FC04
:10055000BDF82010BDF81C2000EBD070891A491C92
:1005600009B201EBD1714910A1EB60000DE00097D9
:10057000DDE90103311B039A08F04EFCBDF82010A1
:10058000BDF81C20891A491C081A284405B2A9F88C
:100590000050A9F802A099E76002002090F84800F6
:1005A000C0F300107047406A7047006C7047C06B22
:1005B000704700002DE9F04117000D46044627D092
:1005C00094F84800000725D4204604F099F8606AA2
:1005D000E7F73FFE06463846E7F73BFE8119491C20
:1005E000606A00F059FF606298B1A5F57F41FF395C
:1005F00003D109490968884705463A462946606A91
:10060000EBF7FCFB2046BDE8F041002100F0B6BB53
:10061000FEE7FEE7BDE8F081700200202DE9F04F13
:1006200095B05FEA010A80465FD010A9404602F00B
:10063000ADFBBDF84400BDF840100024401A401C3A
:1006400000B2D8F824700A9025462146404603F0AF
:1006500021FC03900021404603F046FC009000215D
:10066000404603F029FC029003980021B0F90800ED
:100670000B904046D8F8242001F070FE834698F88D
:100680004800A1464E46C10600D50126800601D588
:1006900046F002060021404603F06EFCA0F51C5215
:1006A000D13A05D1B8F82210090501D446F0040664
:1006B0000B99009801EB0008385DB8B10020CDE936
:1006C0000006DDE9022138190A9BEBF717FB0B99AD
:1006D0000544BAF9022009EB0100824206DD08EB6D
:1006E00009000FFA80F92C46E6E7FEE74FF0000814
:1006F000C146BBF1020F03D0BBF1030F16D025E0BA
:10070000DDE90232291B3819009608F085FBBDF897
:100710004410BDF8402000EBD070891A491C09B282
:1007200001EBD1714910A1EB60000DE0DDE902326F
:10073000291B3819009608F06FFBBDF84410BDF86E
:100740004020891A491C081A0FFA80F800208DF8F9
:100750004800089004940C90FDB16D1E0498A842C6
:100760001BD804AB0CAA08A93846EBF7AFFAF00780
:1007700006D00498395C12A8EBF76AFB0028EDD18B
:10078000C1460C9A08990398FDF7F2FE4044BAF965
:10079000001000B2814216DA04940C9A089903986A
:1007A000FDF7E6FE0299029B0144BAF90000A9EBAD
:1007B0000302491C90420CDB4944884209DC0120B9
:1007C00015B0BDE8F08F0299049C08440FFA80F838
:1007D000C4E70020F4E700002DE9F04F0446406A2A
:1007E00097B000287ED04FF0FF3903A92046C4F807
:1007F000309002F0CBFABDF81000BDF80C10401A92
:10080000401C0FFA80F80021204603F043FB054608
:100810000021204603F068FB07460021204603F034
:100820004BFB824694F848000026C10600D50126FD
:10083000800601D546F002060021204603F09CFB0D
:10084000A0F51C51D13904D1608C000501D446F0CB
:1008500004060097CDE9018653462A4616A8616A28
:1008600008F07CFA204604F00FFC94F848004FF69C
:10087000FF7B00F007004FF00008022804D0032897
:100880007ED001287DD0F6E10021204603F018F843
:100890000604360C08D1204602F0E0FAFAF74EFCC6
:1008A000032190FBF1F086B205A8F7F7BFFB4FF4E8
:1008B0009670059412901490BDF81000BDF80C10BD
:1008C000BDF95820401A401C002700B2ADF854B0C2
:1008D000904233DA0021801ACDE90E10E9480D91DB
:1008E000014600E0CAE106902046F7F787FB0021A9
:1008F0000A4620B1016B90F84200C0F34002109804
:1009000088420FDD9DF85600119120F001008DF80E
:1009100056003AB140F002008DF856000F990D983C
:100920000D910F9030460F9A0D99F7F7E6FB109056
:10093000139005A8F7F7EEFB012705E0D149204603
:10094000F7F72CFBA4F84480BDF81200BDF80E1098
:10095000BDF95A20401A401C00B290427EDA002FA6
:100960007CD1821AB5F908000021101ACDE90E10C9
:10097000C5480D91014606902046F7F73FFB01E080
:1009800023E0C5E000210A4620B1016B90F8420047
:10099000C0F34002109888420FDD9DF85600119177
:1009A00020F001008DF856003AB140F002008DF8B9
:1009B00056000F990D980D910F9030460F9A0D9992
:1009C000F7F79BFB109013909EE0204600216422D5
:1009D00003F0D0F906460021204602F071FF07041B
:1009E0003F0C08D1204602F039FAFAF7A7FB0321A1
:1009F00090FBF1F087B205A8F7F718FBBDF81000DF
:100A0000BDF80C100594401A401CBDF9581000B2F6
:100A1000ADF854B04FF00009884234DA2022114674
:100A20002846FDF7A5FDBDF9581000EB400008442D
:100A30004142CDE90E9193480A460690CDF8349094
:100A400049463846F7F759FB10908E492046F7F78C
:100A5000D5FA00B1006B36B1306B00E027E01190A1
:100A6000F06B149009E01099814206DD11909DF819
:100A7000560020F001008DF8560005A8F7F74AFB54
:100A80004FF0010905E07F492046F7F787FAA4F8FF
:100A90004480BDF81200BDF80E10401A401CBDF98C
:100AA0005A1000B2884202DAB9F1000F06D0764936
:100AB0002046F7F773FAA4F84680DCE0B5F9082081
:100AC0000020114449420D90CDE90E016E480A46BE
:100AD000069038460D99F7F710FB10906A492046AA
:100AE000F7F78CFA00B1006B26B1306B1190F06B08
:100AF000149009E01099814206DD11909DF856008E
:100B000020F001008DF8560005A8F7F703FBB2E0CE
:100B1000BDF81200BDF80E10401A401C01B2BDF91C
:100B20005A00814209DAB5F90810884205DD5749B3
:100B3000606A09688847032802D8C4F82C909AE0B4
:100B4000BDF81000BDF80C102E22461A114628469A
:100B5000761CFDF70DFD5044A0EB80003044ADF84D
:100B60000000BDF81200BDF80E10401A401C00B283
:100B7000ADF80200B5F90820D11990FBF1F301FBA3
:100B800013018A42A0EB010004DCADF802002989C0
:100B9000084400E0C01BADF8020069462046FFF79C
:100BA00019FB8146606AE7F754FB394A0746494614
:100BB0001268606A9047374D019005E02A6801A9E4
:100BC000606A9047A9F101090198C01CB842F5D8A4
:100BD0000025DFF8C4B0019EAA46606A0199084466
:100BE000DBF8001088472D4A2844C5B2126801A9D5
:100BF000606A9047032D07D80198B84204D80AF1DB
:100C0000010ABAF1030FE8D9616A204601EB060A2E
:100C10000746FFF748FA042D12D9681C00F062FB62
:100C2000B86240B32A46514600F05EFCB96A01F84A
:100C3000058097F8480040F0400087F848000BE036
:100C400097F848002A4620F0400087F848005146AF
:100C500007F1280000F048FC00202E213318626ABA
:100C6000401C0328D154F9D3616AF61C09F1030032
:100C700001F80680E062204603F042FD17B0BDE8AF
:100C8000F08F00001BB2020823B20208700200209D
:100C90006002002068020020580200205C02002050
:100CA0002DE9F0410446054690F8480000F00700A1
:100CB000012823D1E96A481C20D0114A686AC91E5C
:100CC00012689047024694F848100020490601D562
:100CD000A16A06E004F1280103E00F5C401CF75410
:100CE000C0B26E6A1318F75C002FF6D1095C10448D
:100CF00031542046FFF7D7F9781EE862BDE8F0814D
:100D00006002002070B50D4604461A49F7F746F90F
:100D100019492046F7F742F90020A4F84400A4F846
:100D20004600022D0FD0032D0DD0042D0BD094F8CA
:100D3000480020F0200100BF01F0070084F84810AF
:100D4000012805D00AE094F8480040F02001F3E7BC
:100D5000E06A401C02D02046FFF7A2FF94F848004A
:100D600065F3020084F848002046BDE87040FFF7B4
:100D700033BD00001BB2020823B2020870B50D4655
:100D8000044603F0BDFC05B9656A606AA8420CD14F
:100D900094F84810090708D4E7F75BFA411C606A29
:100DA00000F07AFB6062D0B9FEE738B194F84810E1
:100DB000090703D400F022FB002161622846E7F70F
:100DC00048FA401C00F08EFA606268B12946E7F7E5
:100DD00055FA94F8480020F0080184F8481020469D
:100DE000BDE87040FFF7F8BCFEE70FB470B50446ED
:100DF0000598F8B1204603F083FC0598D8B1606AE5
:100E0000002530B194F84810090702D400F0F6FA32
:100E1000656206A90598EBF736F8606294F8480019
:100E200020F00801204684F84810FFF7D5FC70BC7C
:100E30005DF814FBFEE72046F7E7016403F060BCB1
:100E4000C16303F05DBC70B5044690F848000D46E0
:100E5000000705D4606A18B100F0D0FA0021616281
:100E600035B194F8480040F0080184F848106562F4
:100E70002046BDE87040FFF7AFBC10B5FAF758F94F
:100E8000BDE81040FAF782B92DE9F0410A4C074657
:100E90000A4D60680E46401CC1006060286800F082
:100EA000FBFA286038B1616800EBC10040E90276C6
:100EB0000846BDE8F081FEE79800002014020020FB
:100EC00038B508460C4607F0E9FB0090BDF8000075
:100ED000A084FF2084F8260038BD000070B5A2B0C1
:100EE0000D460846FDF7EEF90646152807D0162EE2
:100EF00005D02946864801F0FDFE01287ED128460E
:100F0000FDF71EFA0446152E78D16846FBF774FCEF
:100F10006A460021204603F09CFA0198F9F7C8FAC6
:100F20000646F9F7A5FA0146324654F8240FF9F7B8
:100F3000D9FC2090BDF88000ADF80400BDF8060093
:100F4000ADF880002098F9F7B3FA0646F9F790FA61
:100F5000014632462068F9F7C5FC2090BDF88000B4
:100F6000ADF80600BDF80A00ADF880002098F9F74A
:100F70009FFA0646F9F77CFA014632462068F9F7EF
:100F8000B1FC2090BDF88000ADF80A000B98F9F78D
:100F90008FFA0646F9F76CFA014632462068F9F7EF
:100FA000A1FC2090BDF88000ADF82C00BDF81E001B
:100FB000ADF880002098F9F77BFA0646F9F758FA61
:100FC000014632462068F9F78DFC2090BDF880007C
:100FD000ADF81E000998F9F76BFA0646F9F748FADA
:100FE000014632462068F9F77DFC2090BDF880006C
:100FF000ADF82400F9F73CFAA27800E086E001465B
:101000000198F9F76FFC2090BDF88000ADF804005E
:10101000F9F72EFAA278BDF80610ADF88010014657
:101020002098F9F75FFC2090BDF88000ADF806002D
:10103000F9F71EFA0146A278BDF80A00ADF8800063
:101040002098F9F74FFC2090BDF88000ADF80A0019
:10105000F9F70EFA0146A278BDF81E00ADF880003F
:101060002098F9F73FFC2090BDF88000ADF81E00F5
:10107000F9F7FEF90146A2780B98F9F733FC2090B6
:10108000BDF88000ADF82C00F9F7F2F90146A2781E
:101090000998F9F727FC2090BDF88000ADF82400EE
:1010A00014F8020FBDF92E1050384843AF2190FBC1
:1010B000F1F0ADF82E0014F82609BDF934205038AF
:1010C000504390FBF1F0ADF834002846FDF700F9ED
:1010D000054601460EA801F061FC0D480F9004F191
:1010E00014060020CDE910061B90CDF848D00EAABA
:1010F0001A212046FDF728F9324669462846FBF7B3
:1011000067FB0EAA1B212046FDF71EF922B070BD19
:1011100090EC0208084600210185416280F82A10FF
:10112000022101F0E3B900002DE9F04F87B00D4630
:101130005C4801F0DFFD012849D12846FDF7C2F8DF
:1011400006462846FDF7FCF80446132E33D04FF030
:1011500002082C2E3ED0152E39D107462846FDF721
:10116000B7F88346388D3C46002830D0786A00288E
:101170002DD005A9384601F06BFE204602F03BF861
:10118000BDF81410081A06B2204602F03BF8BDF86C
:101190001610081A05B2204601F093FE82466846F2
:1011A000FAF7EBFD6A460021204603F0F5F800242B
:1011B0004FF0060967E0002102F03EFC0446284695
:1011C000FDF7BCF8B0F90010A14200DA048007B0C6
:1011D000BDE8F08F208D0028F9D0606A0028F6D095
:1011E0002846FDF7ABF8002507462E462846228DF7
:1011F000C4460DE0636A33F92010A94200DD0D46B4
:101200000CEB8001595EB14200DD0E46401C80B2FD
:101210008242EFD80021204602F00EFC291830440B
:1012200039807880D3E7786A30F824103144ADF8FB
:101230000C10042101EB8401415A3144ADF8101027
:1012400097F82A10C90708EB840121D0415AAAEB6C
:1012500001002844ADF80E00796A09EB8400095AB0
:10126000AAEB01002844ADF8120004AB03AA6946BA
:101270005846FAF775FD9DF80900641C20F004003B
:101280008DF80900A4B2388D401EA042CBDC9EE749
:10129000405A2844ADF80E00796A09EB8400085AD8
:1012A000E0E7000024AA040810B58A42029C01DB92
:1012B000904207DA8A4201DB884209DD8A4203DC78
:1012C000904201DC204610BD8A4203DC884201DBEB
:1012D000184610BD521AE41A401A604390FBF2F00F
:1012E000184410BD70B5040010D0094D014668685F
:1012F00007F0C3FB010007D0A8682044A860EA6893
:10130000904200D81046E860084670BD004870BDA5
:101310002C02002070B50024084E254656F83400F3
:1013200038B100F06BF806EBC40046F83450857114
:101330008580641CE4B2102CF0D370BD102C00200A
:101340002DE9F04105000BD00022224C4FF0FF3078
:10135000012600BF04EBC2018B79DB0703D014E048
:101360000020BDE8F0818988A9420ED305D104EBA5
:10137000C200867154F83200F3E7002804DB04EB66
:10138000C0039B88994200D250B2521CD2B2102A9C
:10139000E0D3002805DB04EBC0018E7154F8300067
:1013A000DFE7002704EBC7008079C00704D07F1C6B
:1013B000FFB2102FF6D3FEE754F83700294600F0AD
:1013C0006BF830B104EBC7018E718D8044F83700A3
:1013D000C7E7FEE7102C0020074A002152F8313001
:1013E000834204D102EBC101002088717047491C7F
:1013F000C9B21029F2D37047102C0020094910B54A
:1014000088420DD000280BD0064C0146606807F0DA
:1014100005FBA168814201D9081A00E00020A06004
:1014200010BD00002C02002010B54FF440410348CD
:1014300007F0E6FA0249486010BD0000802D002048
:101440002C02002070B504461C22002100F0ECF8AC
:101450000F4D686807F00EFB22460E4907F092FB1D
:101460004FF440412160A06864224243B2FBF1F195
:10147000C1F16401217638B1E16864225143B1FBC6
:10148000F0F0C0B2C0F164006076E868606170BDE1
:101490002C020020C914020810B539B1094A904243
:1014A00008D1BDE810400846FFF71CBFFFF7A6FFB4
:1014B000044810BD0A46014602484068BDE8104095
:1014C00007F0EEBA2C0200201AB11869401C18610E
:1014D00070475868401C5860986808449860D868FD
:1014E0008842F5D2D960704730B500F0030401F0AE
:1014F00003050346A54243D14EE00C781C704C789E
:101500005C708C789C70CC78DC700C791C714C7998
:101510005C718C799C71CC79DC710C7A1C724C7A80
:101520005C728C7A9C72CC7ADC720C7B1C734C7B68
:101530005C738C7B9C73CC7BDC730C7C1C744C7C50
:101540005C748C7C9C74CC7CDC740C7D1C754C7D38
:101550005C758C7D9C75CC7DDC750C7E1C764C7E20
:101560005C768C7E9C76CC7EDC760C7F1C774C7F08
:101570005C778C7F9C77CC7FDC772031203A2033DE
:10158000202ABAD805E000BF11F8014B03F8014B3F
:10159000521E002AF8D130BD4CB3C4F1040405E05A
:1015A00011F8015B521E03F8015B641EFCB1002AB6
:1015B000F6D11CE010C9203A10C310C910C351F86D
:1015C000084B43F8084B51F8044C43F8044C51F8CD
:1015D000104B43F8104B51F80C4C43F80C4C51F89D
:1015E000084C43F8084C51F8044C43F8044C202AAA
:1015F000E0D802E010C9121F10C3042AFAD804E090
:1016000011F8014B03F8014B521E002AF8D130BDEE
:1016100010B5034605E000BF11F8014B03F8014B7C
:10162000521E002AF8D110BD10F0030309D0C3F1F7
:10163000040303E0521E00F8011B5B1E0BB1002ADD
:10164000F8D101EB012303EB014303EB01630EE04F
:1016500008C0203A08C040F8083B40F8043C40F875
:10166000103B40F80C3C40F8083C40F8043C202A71
:10167000EED801E008C0121F042AFBD803E000BF27
:1016800000F8011B521E002AFAD1704710F0030324
:101690004FF0000219D0C3F1040303E0491E00F823
:1016A000012B5B1E8BB10029F8D1704704C0203993
:1016B00004C040F8082B40F8042C40F8102B40F8E8
:1016C0000C2C40F8082C40F8042C2029EED801E01E
:1016D00004C0091F0429FBD803E000BF00F8012B58
:1016E000491E0029FAD1704710F003024FF0FF03A2
:1016F0000AD0C2F1040203E0491E00F8013B521E69
:1017000012B10029F8D170474FF0FF320EE004C04B
:10171000203904C040F8082B40F8042C40F8102B66
:1017200040F80C2C40F8082C40F8042C2029EED866
:1017300001E004C0091F0429FBD802E000F8013BC6
:10174000491E0029FAD17047826C8A4206D0426B4A
:101750008A4205D190F86100012801D80120704724
:10176000002070472DE9F0410446FCF7ABFD072847
:101770003FD12046FCF7E4FD05462046FCF7E2FD9C
:101780000446406BA84202D0A06CA84231D194F824
:10179000600084F8610029462046FFF7D5FF002845
:1017A00027D104F154063046E9F761FF07460146A8
:1017B0003046E9F76EFF05001BD039463046E9F7A1
:1017C000F1FF3846FFF71AFE14F8600F2946401E55
:1017D00020703046E9F7E6FF2078401E04F86009E3
:1017E0002046296800F030F92846BDE8F041FFF7AF
:1017F00005BEBDE8F08110B504465430E9F721FF7D
:10180000002084F8600010BD2DE9F04149480C46E5
:101810000188204603F094FF0021204603F05EFF7C
:1018200094F86200002520F00E0084F86050C0B2E9
:1018300084F8615020F0010084F86200042104F172
:101840005400E9F731FF204600F0E0FE012160621C
:1018500000F066FAE5636564A564E56421463648F0
:10186000256400F095FD064600F006FE42F264078E
:101870003946304603F04EFF0121304603F03EFF6B
:101880000121304603F02AFF4FF48048414630469C
:1018900000F046FA0221304600F028FE2648314684
:1018A0001C30A66200F074FD064600F0E5FD42F231
:1018B000D1723946304604F00FF80021304603F06B
:1018C0000DFF02231A460021304603F0EBFE0221F1
:1018D000304600F00BFE4146304600F021FA30461B
:1018E0002663F7F7CDFB064623460722134900F08F
:1018F000CBF94146304600F013FA0021304603F0A0
:10190000EDFE30466663FDF74FFA0DA1FEF758F87D
:10191000206BFEF7ADFB0646012100F001FAE562FF
:101920002346A6632565BDE8F0411C2205491846FB
:1019300000F0AAB9C8000020A8ED02086517020847
:10194000EF819300231B020810B50C4600212046AE
:1019500003F0C4FE02231A460021204603F0A2FE33
:101960002046BDE81040022100F0C0BD01F1540046
:10197000E9F767BE10B50C46084601F0E3FA416A84
:10198000204603F0FCFE0121204603F0A7FE0223BF
:101990001A460021204603F085FE2046BDE810408F
:1019A0004FF4804100F0BCB910B5486A0C460028DD
:1019B00003D0FFF723FD0020606210BD10B5044680
:1019C000006B002833D0E16A002930D094F862100F
:1019D000C1F3410111B3012902D0022908D11CE051
:1019E000002102F0F3FF0021D4F82C0003F086FE62
:1019F000206B03F0C7F9E06A03F0C4F9206B04F030
:101A000071F9206B01F0F0F90028206B4FF0010113
:101A100009D0BDE8104000F069BD012102F0D6FFF9
:101A20000121E06AE2E7BDE8104000F079B910BD9D
:101A300010B50C460121204603F050FE2046BDE8BB
:101A40001040022100F052BD70B50446C06A0D4638
:101A5000A84265D010B1616A03F091FE85B104F12E
:101A60005400E9F729FE50B1056094F86000401C6D
:101A700084F860002846A16A03F081FE03E0FEE7D7
:101A80002046FFF7B8FEE562206D48B1216C0029C1
:101A90004FF0010102D000F087F901E000F060FD95
:101AA000206CD0B194F86200C10711D00007A06C7F
:101AB0004FF0010106D500F019FD0221A06C00F0E5
:101AC0002FF905E000F02CF90221A06C00F00EFDCA
:101AD00094F86000022808D210E094F86000022810
:101AE00003D294F86200000708D50121606B00F072
:101AF000FDFC0221606B00F013F907E00121606B2F
:101B000000F00EF90221606B00F0F0FC00221C21B5
:101B10002046FCF719FC2046BDE87040FFF74EBF99
:101B200070BD10B5FCF70EFC0446C06A78B1A26B1C
:101B30006AB1416A39B11046FFF720F90121A06B63
:101B400000F0D4FC03E00121104600F0E9F8206C1D
:101B5000002813D0E26C002A10D0416A41B110462F
:101B6000FFF70CF9E06CBDE81040012100F0BEBCAD
:101B7000BDE810400121104600F0D2B810BD10B5EC
:101B80000C46242104F12400E9F78EFD04F1300015
:101B9000BDE810401C21E9F787BD10B50C4601F1E6
:101BA0003000E9F74EFD04F12400BDE81040E9F7EC
:101BB00048BD00002DE9F04397B00D46314801F0D3
:101BC00099F801285BD12846FCF77CFB064628469D
:101BD000FCF7B6FB0446152E51D12846FCF778FBDE
:101BE00081466946204601F0D1F86A4649462046BA
:101BF000ECF710FE6A4649462046F2F7FBFD6A46BE
:101C000049462046F0F75AFDBDF80400BDF8001023
:101C1000401A401C00B200EBD07040100E18BDF806
:101C200002100D1804A8FAF7E7FD4FF4003804AAD3
:101C30004146204602F00DFC20460122414602F0BA
:101C400099F800B200EBD0704710204604224146BC
:101C500002F090F800B200EBD070F11B4010ADF82C
:101C60005410291AADF85610F119ADF8581028443F
:101C7000ADF85A0015AA04A94846FAF7A9FD17B00D
:101C8000BDE8F083FCED02082DE9F0411D46164643
:101C90000F46044600F060FAA0684FF08062817E33
:101CA00002EBB1114FEAB1618176A06801F03F010A
:101CB00001EB41018900C068FFF7EEFBA168C86035
:101CC000A16860B3897E6FF0030301F03F0101EB6F
:101CD00041026FF00B0101EB82028750A068C268DD
:101CE000807E00F03F0000EB400003EB80000B1D06
:101CF0001654A068C268807E00F03F0000EB4000F0
:101D000003EB80001550A068C268807E00F03F00A1
:101D100000EB400001EB80001044BDE8F081FEE7DD
:101D20002DE9FF410C46074602F042FD0646E0075A
:101D300002D0384602F0E4FCF8692043F861E0077D
:101D400011D00221384602F031FA60B1384601F074
:101D5000B3F8050007D0FCF703FF2846FCF738FF6F
:101D600008B102F0CDFC384602F022FDB04202D1AB
:101D700014F0C07F07D0384601F0E4F802F051FDBE
:101D8000384602F04EFDE0060CD502AA69463846F8
:101D900001F03FFA6946384602F0D5FC02A9384600
:101DA00002F0D1FCBDE8FF81028C11438A4201D0D0
:101DB00003F09EBD704700002DE9F04717468846A6
:101DC0004FF6FF79044600234A4639460BF006FFDA
:101DD000618C00250426C1F30512E06809E000BF0C
:101DE00006EBC503C3585FEA831C01D4DB0102D5AF
:101DF0006D1CAA42F4D84FF0806202EBB1214FEA89
:101E0000B1516184C1F30511C900FFF745FBE060E2
:101E1000608C6FF00702C0F3051009E0E16802EB87
:101E2000C00C01EBC0036144D1E900C1C3E900C1AA
:101E3000401EA842F2D8E068082100EBC500FFF779
:101E400025FCE16841F83580E06806EBC5014258A1
:101E500067F3170242504A4639462046BDE8F0472C
:101E600003F02AB970B516461D460446002203F059
:101E700017FE2A4631462046BDE8704003F0EABC12
:101E80002DE9FF4F81B093468846019803F02AFF61
:101E9000B8F1000F03D1019801F054F880460024F6
:101EA0002546019801F04EF88146002101F06AFDB7
:101EB00006460021484601F073FE30440FFA80FACE
:101EC0000021484601F008FF304400B20090002194
:101ED000404601F057FD06460021404601F060FEF5
:101EE000304407B20021404601F0F6FE304406B20D
:101EF000BBF1000F0FD0BBF1160F34D2DFE80BF0AF
:101F0000D51123343F4454676913828797A1A6B53E
:101F1000BFC5CBD1FDFC0021404601F0E8FC012803
:101F200022D03C461EE0404600F078FF0246019871
:101F300002F0E7F8014602EBD270401001EBD171DC
:101F4000A0EB61004DE0404600F068FF02460198BA
:101F500002F0D7F802EBD271491000EBD070A1EB80
:101F6000600009E03546A0E0404600F057FF024619
:101F7000019802F0C6F8101A384404B2F2E73C4661
:101F80001CE0304405B290E0404600F047FF0246B6
:101F9000019802F0B6F8014602EBD270401001EB56
:101FA000D171A0EB610007E0404600F037FF024628
:101FB000019802F0A6F8101A384404B2404600F026
:101FC00013FF0246019800F07CFF101AD9E73C4647
:101FD00009E0404600F022FF0246019802F091F825
:101FE000101A384404B2404600F0FEFE0246019842
:101FF00000F067FF02EBD271491000EBD070A1EB4B
:102000006000BEE7019800F05CFF4042BAE740463E
:1020100002F077F80246019802F073F8014602EBED
:10202000D270401001EBD171A0EB610007E0404697
:1020300002F067F80246019802F063F8101A04B241
:10204000E0E7404600F03DFF05462EE0404602F046
:1020500058F80246019802F054F802EBD271491088
:1020600000EBD070A1EB600007E0404602F049F8B9
:102070000246019802F045F8101A04B2E1E701980F
:1020800002F03FF8404204B20FE0019802F039F844
:10209000404204B241E0019802F033F8404204B2F9
:1020A0004EE0404602F02DF804460021484601F07B
:1020B0001EFC012848464CD000F0CAFFB8F8142096
:1020C00004990A44B9F81410511A0144A1EB0A000A
:1020D000204404B2484601F087F8B8F816200E995B
:1020E0000A44B9F81610511A014400980022081A3F
:1020F000284405B2012101E01EE00AE0019803F046
:10210000CFFC019805B02A462146BDE8F04F03F008
:10211000A1BB404601F0F5FF0446404600F0D1FE69
:102120000246019800F0CDFE02EBD271491000EB9F
:10213000D070A1EB600025E7404601F0E2FF0446C5
:10214000404600F0BEFE0246019800F0BAFE101AAA
:1021500018E700F0DDFFB1E710B5044680680028FD
:1021600013D10B484168491C41601C20FFF7BAF8A5
:10217000A06058B11C21FFF789FAA1680F204876AA
:10218000A068017E41F00301017610BDFEE700006A
:10219000900000202DE9FC410E460546012101F08A
:1021A000F9FFE0BB284600F0D1FE044600F056FEE1
:1021B0000746F9F705F8A0420ED03846F9F708F8B7
:1021C000A04209D03846F8F7E9FFA04204D03846CB
:1021D000F8F7DCFFA04237D14FF40024214628460F
:1021E00001F0DFFF28BB2846E9F71EFB074605F193
:1021F00014016846F6F79CFCBDF80000C01BADF862
:102200000000BDF80200C01BADF80200BDF80400DC
:102210003844ADF80400BDF80600384400E013E08F
:10222000ADF8060031466A460846E8F763FD002827
:102230000BD0002301223146284601F0AFFE1CE0FE
:10224000012101F0A7FF10B10020BDE8FC8121466B
:10225000284601F0A6FF80B9D5E90501CDE90001C6
:10226000002301226946284601F098FE31466A465D
:102270000846E8F73FFD0028E7D0284600F062FE58
:10228000051EDDD10120E0E72DE9F0410E460746AD
:10229000002501F0E3FD040035D03146384601F059
:1022A000D1FD02282FD904EBD470012101EB600489
:1022B0003146384601F0CCFD20440FFA80F8314613
:1022C000384601F0A7FD04463146384601F0AEFD20
:1022D000002C01DD214600E06142002801DD0246BC
:1022E00000E04242914205DD002C01DD204604E081
:1022F000604202E0002800DC4042404400B2002876
:1023000000DA284605463146384601F0E3FB040072
:102310000ED03146384601F0D1FB022808D93146AB
:10232000384601F0D1FB2044A84200DB05462DB21F
:1023300038463146692201F01DFD04B23846314667
:102340006A2201F017FD00B2844200DC0446002C32
:1023500001DD281905B22846BDE8F08170B50D46AB
:1023600006465B2201F006FDC4B23046294616221D
:1023700001F000FD04B90124204670BD002803D0FF
:102380000068884201D1012070470020704700009A
:102390002DE9F0410D4607460026364900E0006869
:1023A000B8B182690A42FAD08069C0F30F10804642
:1023B000FEF798FF041E31D04146FFF767F9C4E9E4
:1023C00000754FF001086FF0030725B1A86878B3D6
:1023D00032E03046EBE7F8F7ABFE05001AD0EA68CA
:1023E000F2B1686A401C810068621046FFF754F839
:1023F000E860696A07EB81014450A682E68200200A
:10240000F8F7AEFE401E20830020F8F7EFFE401ED6
:10241000608323E02046FEF7F1FF0020BDE8F08155
:102420000420FEF75FFFE8600460C5F82480E4E75D
:10243000FFE72846FFF790FEA868016881B1416870
:10244000491C4160A86889000068FFF725F8A96861
:102450000860A968496807EB810144502046DDE720
:102460000420FEF73FFFA96808600460A968C1F86E
:102470000480F3E7F0FF0F0070B5054602F0D1F9D4
:10248000002000F093FA284606F090F8284600F065
:102490006FF8012000F08AFA4FF6FF724FF47021B6
:1024A000284602F009FE284602F0EEFDFCF784FB08
:1024B000030007D0284602F06DF918B129461846E6
:1024C000FCF714FB284600F03DFD04000DD02A4621
:1024D0002221FBF739FF2A4623212046FBF734FF50
:1024E0002846BDE8704002F00BB970BD7FB50C46C0
:1024F000064602F05DF90546E0060CD502AA6946DB
:10250000304600F086FE6946304602F01CF902A90A
:10251000304602F018F9F069A043F061E0070ED0F0
:10252000304602F0EDF8304602F042F938B130465C
:1025300000F008FD02F075F9304602F072F93046FD
:1025400002F036F9A84202D114F0C07F07D030461D
:1025500000F0F8FC04B0BDE8704002F062B97FBD45
:10256000028C22EA01018A4201D003F0C1B970470E
:1025700070B504680546206818B128602846FFF742
:10258000F7FF2C6062682046002A03D02946BDE888
:102590007040104770BD00002DE9F0414D680C46B9
:1025A000EDB1284600F054FD0646284600F01CFE1A
:1025B000074628460021102201F0DCFBE98A12229E
:1025C0000844C01BE082401E60832846002101F0C1
:1025D000D1FBA98A0844801BA082401E208341F2BF
:1025E0000200E061002D06D043F20200C4F81C0096
:1025F00043F20230E06140F0740040F40060E061BA
:1026000002D040F40040E061BDE8F08110B5014621
:102610000348FFF7BDFE0446FFF72EFF204610BD1E
:10262000F4E6020870B5054602F06AF8284600F0A4
:1026300089FC0400284610D007F0B4FA204603F0C5
:1026400005F8002222212046FBF77EFE2046BDE849
:10265000704000222421FBF777BE00F0FFFB04004E
:1026600007D02069A842284604D107F09BFA002031
:10267000206170BDBDE8704007F094BA70B50C469B
:102680000846E8F75BFE002000F090F92046144A67
:10269000002102F0E8FD012000F088F90021204629
:1026A000F5F77CFC204600F007FC10B12046FCF753
:1026B000ABFAA068002811D00068002518B1FEF719
:1026C0009DFEA0680560A068C06818B1FEF796FE80
:1026D000A068C560A068FEF791FEA56070BD00000F
:1026E000FFFF0F002DE9F047A2B08046FBF7EAFD9F
:1026F00006464046FBF724FE012700240546122E1D
:1027000072D0DFF89492152E6CD0182E7AD14046F4
:10271000FBF7DEFD824601462846F0F731FD002139
:10272000284601F053F950B105F59070FAF728F8F2
:10273000060004D0F9F708FD3046FEF74DFE0021F3
:10274000284601F017F900285CD002A8FAF754F8DF
:102750008DF80B408DF822408DF832408DF83E40C8
:1027600002AA0021284601F074FE0021284601F04B
:10277000DFFB80460021284601F0CEFB064605F12E
:1027800014016846F6F7CBF9BDF80010A1EB08007C
:10279000BDF80410ADF8000001EB0800ADF804002E
:1027A000BDF802005146801BADF80200BDF80600DE
:1027B0003044ADF8060010A800F0F0F802A814901C
:1027C00068461D94CDE91270CDF8449010AA1A21E4
:1027D0002846FBF7B9FD6A4602A95046F9F7F8FF0B
:1027E000D4E001E055E00DE04046FBF7A7FD0646CA
:1027F0000078022806D00021284601F0E7F820B131
:102800000220307022B0BDE8F0870021284601F098
:10281000FBFA82460021284601F08AFB814600210E
:10282000284601F079FB804605F114016846F6F769
:1028300076F9BDF800105246A1EB0900BDF804106E
:10284000ADF8000001EB0900BDF80210ADF804007E
:10285000A1EB0800BDF80610ADF8020001EB08007E
:10286000ADF8060069467068E8F76CFA68B10021B7
:10287000284601F073F8FD2807D32846002160227E
:1028800001F078FAC0B2FD2801D23770BAE734708F
:10289000B8E74046FBF71CFD804602A8F9F7ACFFFD
:1028A0000021284601F066F828B19DF82B0040F081
:1028B00001008DF82B0002AA0021284601F0C9FD75
:1028C0000021284601F034FB06460021284601F08D
:1028D00023FB074605F114018A466846F6F71FF9FF
:1028E000BDF800004146801BADF80000BDF80400B3
:1028F0003044ADF80400BDF80200C01BADF8020082
:10290000BDF806003844ADF8060010A800F046F8FF
:1029100002A814906846CDE91240CDF8449010AA60
:102920001A2128461D94FBF70FFD0021284601F0CF
:102930004DF830B1BDF8080018B1069E0127069485
:1029400001E0069E00276A4602A94046F9F740FFCB
:10295000E7B11820FEF7F4FC0746BDF90820002374
:102960005146F9F779FE05F590713846F9F728FADE
:1029700066B18DF80B408DF82A408DF832408DF805
:102980003E406A4602A94046069627E710AA1B2148
:102990002846FBF7D9FC35E7F4E6020870B50D468A
:1029A00004464821FEF772FE256070BD014908709B
:1029B00070470000A00000202DE9FF41884608462E
:1029C000FBF780FC04464046FBF780FC0546012CE3
:1029D00023D0082C23D0032C3ED02A2C3ED00D2C03
:1029E0004CD00E2C7DD0092C7CD00A2C7BD00F2C07
:1029F0007AD0292C79D0222C78D0242C77D0132C83
:102A000076D0152C03D0182C01D0122C34D104B060
:102A10004046BDE8F041FFF765BE2021FAE02021E5
:102A2000FFF79EFD4046FBF764FCFDF7B8F8002871
:102A300022D10821284601F0ADFB00281CD095F8D2
:102A400020004FF00101C007284602D0FFF788FDA3
:102A500030E0FFF7A9F92DE02021F8E000F072F94D
:102A60000646002406E0A868006850F8240001F03B
:102A7000D8FE641CB442F6D3BDE8FF81082101F002
:102A800089FBF8B14046FBF759FC0478132C06D0BB
:102A9000112C04D0142C07D0122C05D008E00121F1
:102AA0002846FFF781F903E001212846FFF758FD8A
:102AB0000A2CE1D004B02846BDE8F04100221C21D8
:102AC000FBF742BC4FF40161284601F063FB00288C
:102AD000D2D0284601F051FE0028CDD1002728464B
:102AE00007E06DE095E09AE0B0E0B5E0D1E0F2E01B
:102AF000F6E000F0ADFA0646284600F009FB044671
:102B00004046FBF71BFC007812281BD011280CD084
:102B100013282BD01428AFD1284600F071FA800773
:102B200003D0002E38DC002C36DC284600F0C9F932
:102B30000446284600F066FBE11704EB9171A0EB18
:102B4000A1000BE0284600F0BCF90446284600F03E
:102B500059FBE11704EB917100EBA10001B204B045
:102B60003A462846BDE8F04102F05ABD284600F03A
:102B700047FA8007E6D0002E01DC002CE2DD284673
:102B800001F0BFFA0446284600F035FBE11704EBDC
:102B9000917100EBA1000BE0284601F0B2FA044667
:102BA000284600F028FBE11704EB9171A0EBA1008F
:102BB00001B204B03A462846BDE8F04102F01ABD21
:102BC0004FF4806101F0E6FA18B10121284602F0C5
:102BD000F4FC284600F070F9FBF7F4FF06460224E7
:102BE000FCF7A8FF10B94046FBF783FBFCF7E3FFB7
:102BF000022801D0042800D106241EB144F00801A7
:102C0000284607E021462846FFF7CEF80821284647
:102C10001DE0402104B0BDE8F041FFF7C5B84021F8
:102C2000FFF79EFC284600F018FE02287FF424AF30
:102C300002AA6946284600F0ECFA6946284601F0E7
:102C400082FD02A9284601F07EFD15E70E2104B0A1
:102C5000BDE8F041FFF784BC002100F025FE0446EA
:102C60000021284600F0DCFE204302D0284601F077
:102C7000D8FD284600F066F80646002406E0A8685D
:102C8000006850F8240001F0CCFD641CB442F6D377
:102C9000F2E60021012201F06DF806B2284600217B
:102CA000042201F067F804B20021284600F0FCFD80
:102CB00007460021284600F0B3FE384305D142F212
:102CC000D170864201D08442BFD104B02846BDE80D
:102CD000F04101F0A6BD688C40F002006884F4E782
:102CE0000021FFF7D1FA014604B04046BDE8F041AB
:102CF000FBF74ABB10B50C4600B96068006868B1C4
:102D000001690029FAD00021E1600269214690475B
:102D1000217E0120C90700D0002010BD012010BD78
:102D20008068002809D0002902DA4268511803D4CB
:102D300043680A468B4201D800207047006850F86B
:102D4000220070478068002800D04068704770B546
:102D50000C46054600F114012046F5F7E9FEA86887
:102D6000002812D02188808A081A2080A968A088AB
:102D7000898A0844A080A9686088898A401A60808E
:102D8000A968E088898A0844E08070BD70B50C4667
:102D90000546002100F0F6FD06462146284600F0D3
:102DA00057F8704202B211462046F5F762FF002143
:102DB000284600F0F5FE218808442080002128469E
:102DC00000F036FFA188081AA0800021284600F0F4
:102DD00083FF6188084460800021284600F080FE5F
:102DE000E188081AE08070BD70B50446002100F04B
:102DF00073FF05460021204600F072FE06460021C2
:102E0000204600F0BFFD0246204600F05AF8401B65
:102E1000801B514200EB410000B270BD70B504460A
:102E2000002100F0BDFE05460021204600F000FF15
:102E300006460021204600F0A5FD0246204601F08E
:102E400060F9401B801B514200EB410000B270BD95
:102E50000A4600F114011046F5F76ABE10B5416844
:102E600009B100F073F804460A48E8F700FC0EE0E8
:102E70000021426A05E0C36853F82130A34208D01C
:102E8000491C8A42F7D801460248E8F702FC0028AC
:102E9000EED110BD902B00208068002805D0827EE6
:102EA00002F03F028A4201D800207047C06801EB5F
:102EB000410100EB810070478068002800D08068E5
:102EC0007047418BC08A081A401C00B2704770B529
:102ED000064600F037F8050001D000240AE0002083
:102EE00070BD21462846FFF71BFFB04201D12046A6
:102EF00070BD641C2846FFF725FFA042F1D84FF0B3
:102F0000FF3070BDF0B4468C00240425C6F30516CE
:102F100013E000BFC76805EBC40C57F80C705FEAFC
:102F2000C71C09D527F07F479F4205D1C06850F8DC
:102F30003400F0BC04F07EB8641CA642EAD8F0BCB1
:102F400000207047002800D04068704700B5014657
:102F5000FFF7F8FF0028FAD1084600BD2DE9F04739
:102F6000DFF8948006464446FFF7ECFE074600254E
:102F7000DFF888A00EE0B0685146006850F82500E0
:102F8000814601F00EF920B9B9F91A00A04200DB20
:102F900004466D1CBD42EED30021304600F0A2FE77
:102FA00081460021304600F0A1FD07460021304651
:102FB00000F0EEFC0546444504D0708BC01B401B5E
:102FC000201A04B2304600F051FC80463046FFF72C
:102FD00078FFA0EB0900C01B694200EB4101A8EBA0
:102FE0000101304600F00EF9081A00B2844200DDFB
:102FF0002046BDE8F087000001E0FFFF010004006B
:10300000806818B1407E00F00F0070470F207047B5
:1030100070B50C4605460C49F4F7F0FF10B1806A14
:10302000404202E0284600F0E6F8208007492846A2
:10303000F4F7E4FF10B1806A404202E0284600F055
:10304000E1F8608070BD0000F1B0020809B102082B
:103050002DE9F84F0646002100F04FFC012807D06B
:10306000B068002802D0008A404200B2BDE8F88F64
:103070000021304600F0E2FD00900021304600F0D3
:1030800095FD81460021304600F082FC804641F6E5
:10309000FF7A54463046FFF755FE074600250EE0FE
:1030A000B0681949006850F82500834601F079F8A6
:1030B00020B9BBF91400A04200DC04466D1CBD42DF
:1030C000EED3544506D0B28A09EB08001044001B29
:1030D00004B200E00D4C304600F0D6FB0546304609
:1030E00001F00FF80099411AA1EB0901C8F10000A5
:1030F00001EB4000291A304600F07DF8084400B288
:103100008442B3DD2046B1E70100040001E0FFFF87
:103110002DE9F0470646002100F0EFFB01280AD018
:10312000DFF8A08030464446FFF70CFE0746002536
:10313000DFF894A015E0B068002801D0B0F91000C5
:10314000BDE8F087B0685146006850F82500814618
:1031500001F027F820B9B9F91800A04200DB0446B5
:103160006D1CBD42EED30021304600F067FD0746DE
:103170000021304600F01AFD81460021304600F063
:1031800007FC0546444504D0308BC01B401B201A69
:1031900004B2304600F078FB8046304600F0B1FFC4
:1031A000C11BA1EB0900694200EB4101A8EB010141
:1031B000304600F020F8081A00B28442C0DD2046F4
:1031C000BEE7000001E0FFFF010004008068002866
:1031D00002D0007EC0F3810070478068002802D0D2
:1031E000007EC0F3011070478068002802D0408A3A
:1031F000404200B270478068002802D0008A4042F6
:1032000000B270478068002802D0408A404200B275
:1032100070472DE9F04F91B016460C464FF0FF373E
:10322000054600223B46114620460097F5F73BFD38
:1032300000223B46114630460097F5F734FD102139
:10324000284600F0A7FF002816D0284600F005FB0E
:10325000070011D00020FCF773FC8046022F08D035
:1032600010E0FCF79CFCA84209D04046FCF768FC43
:103270008046B8F1000FF4D111B0BDE8F08FB8F17D
:10328000000FF9D02846FFF7AFFF05902846FFF75B
:1032900065FE0C902846FFF7DBFE0A902846FFF7F4
:1032A00037FF08902846FFF7ABFE8146002019F053
:1032B0000C0F009014D0012F10D0032F02D0022F3A
:1032C00007D00DE00598002808DC0C98002805DCE4
:1032D00006E04046FCF754FC0C2801D10120009088
:1032E000002009905FEA897014D0012F10D0032FBD
:1032F00002D0022F07D00DE00A98002808DC0898B9
:10330000002805DC06E04046FCF73AFC032801D122
:1033100001200990009909980843ADD04FF48037F7
:103320003946284600F0E9FA012800D000200E9026
:103330003946284600F0D6FC06903946284600F06B
:10334000D5FB0F903946284600F030FC80463946C0
:10335000284600F073FC814628460122394600F0D9
:1033600009FD0FFA80FB2846FFF7ABFD04902846C5
:1033700000F0C7FE0390009800B1584682460998B5
:1033800000B15846109028463946212200F0F2FC40
:10339000C0B2022808D228463946312200F0EAFCA1
:1033A000C0B20228FFF468AFDDE9040101440C98C3
:1033B000A027084400B20B900098002870D00B980A
:1033C0000028FBD0E88A7080688BF0800E9840B1AE
:1033D000A98A01EB08003080ABF101010844B080FC
:1033E00007E0298BA1EB0900B080A0EB0B00401C8B
:1033F000308006990498411A0F98091A1098081AF3
:103400000499009048430B9990FBF1F000B20590AD
:103410000020F7F793FE00EB8001502000EB410005
:10342000B0F5A07F0ADB0020F7F788FE00EB8001F3
:10343000502000EB410090FBF7F000E001200599DF
:10344000884201DA084616E00020F7F777FE00EB25
:103450008001502000EB4100B0F5A07F0ADB002086
:10346000F7F76CFE00EB8001502000EB410090FB71
:10347000F7F000E001200099049B0B9A00B2091AB2
:10348000D21A12B209B2002A0BDCE98A0698084463
:103490007080698B0F98091A1098081A401EF080E6
:1034A0008FE00C9B401E4B4393FBF2F2891A069A65
:1034B000EB8A1144194409B271800844F080B5F9CF
:1034C000162006981044814238DA70800020F7F701
:1034D00035FE00EB8001502000EB4100B0F5A07FED
:1034E0000ADB0020F7F72AFE00EB8001502000EBFA
:1034F000410090FBF7F000E00120B6F9021008440B
:10350000B6F90610884219DD0020F7F717FE00EB28
:103510008001502000EB4100B0F5A07F0ADB0020C5
:10352000F7F70CFE00EB8001502000EB410090FB10
:10353000F7F000E0012071880844F080B5F91A2006
:103540001098B6F90610121A0F98101A814238DD39
:10355000F0800020F7F7F2FD00EB8001502000EB37
:103560004100B0F5A07F0ADB0020F7F7E7FD00EB94
:103570008001502000EB410090FBF7F000E00120BB
:10358000B6F90610081AB6F90210884219DA0020B6
:10359000F7F7D4FD00EB8001502000EB4100B0F5BF
:1035A000A07F0ADB0020F7F7C9FD00EB8001502067
:1035B00000EB410090FBF7F000E00120F188081AD1
:1035C00070800A99039801440898084400B2049056
:1035D000099800283FF450AE04980028FAD0698B6F
:1035E0000F98081AE080A0EB0B00401C6080A88AAE
:1035F0002080288BA0800399A1EB0801A1EB090191
:10360000A1EB0A00039900904843049990FBF1F064
:1036100000B202900020F7F791FD00EB80005026E9
:1036200006EB40004FF4A07B584509DB0020F7F77C
:1036300085FD00EB800006EB400090FBF7F000E01A
:1036400001200299884201DA084613E00020F7F7CA
:1036500075FD00EB800006EB4000584509DB0020BB
:10366000F7F76CFD00EB800006EB400090FBF7F0F5
:1036700000E00120DDE90332009900B2091AD21AF4
:1036800012B209B2002A16DCA98A0E9840B1414450
:10369000AAF1010008442080298BA1EB090008E071
:1036A00001EB08002080298BA1EB0901A1EB0A00A6
:1036B000401EA080E0E5089B4B4393FBF2F2891A81
:1036C0000E9A09B2EAB3AA8A401E531808EB0A02FE
:1036D000991809B221800844A080B5F9140010445B
:1036E000884233DD20800020F7F728FD00EB8000C2
:1036F00006EB4000584509DB0020F7F71FFD00EB03
:10370000800006EB400090FBF7F000E00120B4F9E8
:1037100000100844B4F90410884217DD0020F7F7C0
:103720000DFD00EB800006EB400058450ADB002051
:10373000F7F704FD00EB800006EB400090FBF7F08C
:1037400001E039E0012021880844A080B4F9041088
:10375000B5F9182077E0A0800020F7F7EFFC00EB28
:10376000800006EB40005D46A84272DB0020F7F7C0
:10377000E5FC00EB800006EB400090FBF7F0B4F9AD
:103780000410081AB4F90010884293DA0020F7F701
:10379000D5FC00EB800006EB4000A8425BDB00207C
:1037A000F7F7CCFC00EB800006EB400090FBF7F055
:1037B000A188081A20805FE5AB8A4144194409B208
:1037C000401E21800844A080B5F9142002EB0800B7
:1037D000814232DA20800020F7F7B0FC00EB800055
:1037E00006EB4000584509DB0020F7F7A7FC00EB8B
:1037F000800006EB400090FBF7F000E00120B4F9F8
:1038000000100844B4F90410884216DD0020F7F7D0
:1038100095FC00EB800006EB4000584509DB0020DA
:10382000F7F78CFC00EB800006EB400090FBF7F014
:1038300000E0012021880844A080B5F91820B4F9DF
:103840000410A2EB0A02A2EB0900814283DC13E51B
:10385000FFE7012093E70120AAE7806818B1007E06
:1038600000F00300704703207047000008B50549C9
:103870006A46496800912C21FAF766FDBDF90200FD
:1038800008BD000010E7020808B505496A46096846
:1038900000912C21FAF758FDBDF9000008BD000089
:1038A00010E70208008C704710B5092200F062FA98
:1038B000C0B210BD10B5092200F05CFAC0B210BD54
:1038C000662200F057BA10B5512200F053FA0028D2
:1038D00000D0012010BD10B5502200F04BFA00B20C
:1038E00010BD10B5502200F045FA00B210BD10B561
:1038F000162200F03FFAC0B210BD10B5162200F03B
:1039000039FAC0B210BD10B5162200F033FAC0B2B9
:1039100010BD10B5162200F02DFAC0B210BD10B5C2
:10392000162200F027FAC0B210BD10B5162200F022
:1039300021FAC0B210BD10B5162200F01BFAC0B2B9
:1039400010BD70B50C460546202200F013FA024661
:1039500021462846BDE87040E7F796BF10B5212202
:1039600000F008FAC0B210BD10B5682200F002FAEB
:10397000C0B210BD10B5342200F0FCF9002800D010
:10398000012010BD10B5322200F0F4F900B210BDD4
:1039900010B5322200F0EEF900B210BD10B532229F
:1039A00000F0E8F900B210BD10B5322200F0E2F9E3
:1039B00000B210BD10B5322200F0DCF900B210BD2B
:1039C00010B5322200F0D6F900B210BD10B51722A2
:1039D00000F0D0F9002800D0012010BD034A10B536
:1039E000528900F0C7F9C0B210BD0000C800002025
:1039F00010B5042200F0BEF900B210BD10B50422CB
:103A000000F0B8F900B210BD10B5042200F0B2F910
:103A100000B210BD10B5042200F0ACF900B210BD28
:103A200010B50A2200F0A6F980B210BD10B50A2226
:103A300000F0A0F980B210BD10B5492200F09AF94B
:103A400000B210BD10B5062200F094F900B210BD0E
:103A500010B5052200F08EF900B210BD10B560223D
:103A600000F088F9C0B210BD70B50E460546FFF7EC
:103A7000F5FF02281AD9FF24FD2802D2C0EB00204E
:103A8000040A0EB1002603E02846FFF75BFA05465C
:103A900055B131462846FFF7E1FF022806D9FD2837
:103AA000F2D24443240AEFE7022C01D8002070BD73
:103AB000FD2C01D3FF2070BD204670BD10B537220C
:103AC00000F058F9C0B210BD10B5382200F052F91C
:103AD00000B210BD10B5352200F04CF900B210BD97
:103AE00010B5112200F046F900B210BD10B5112238
:103AF00000F040F900B210BD10B5112200F03AF903
:103B000000B210BD10B5112200F034F900B210BDA2
:103B100010B5112200F02EF900B210BD10B511221F
:103B200000F028F900B210BD10B5112200F022F902
:103B300000B210BD10B5112200F01CF900B210BD8A
:103B400010B5112200F016F900B210BD10B5112207
:103B500000F010F900B210BD10B5112200F00AF902
:103B600000B210BD10B5152200F004F900B210BD6E
:103B700010B5152200F0FEF800B210BD10B51522E8
:103B800000F0F8F800B210BD10B5152200F0F2F800
:103B900000B210BD10B5152200F0ECF800B210BD57
:103BA00010B5122200F0E6F800B210BD10B51222D6
:103BB00000F0E0F800B210BD10B5122200F0DAF803
:103BC00000B210BD10B5122200F0D4F800B210BD42
:103BD00010B5122200F0CEF800B210BD10B51222BE
:103BE00000F0C8F800B210BD10B5122200F0C2F803
:103BF00000B210BD10B5122200F0BCF800B210BD2A
:103C000010B5122200F0B6F800B210BD10B51222A5
:103C100000F0B0F800B210BD10B5122200F0AAF802
:103C200000B210BD10B5122200F0A4F800B210BD11
:103C300010B5132200F09EF800B210BD10B513228B
:103C400000F098F800B210BD10B5132200F092F801
:103C500000B210BD10B5132200F08CF800B210BDF8
:103C600010B5132200F086F800B210BD10B5132273
:103C700000F080F800B210BD10B5132200F07AF801
:103C800000B210BD10B5132200F074F800B210BDE0
:103C900010B5132200F06EF800B210BD10B513225B
:103CA00000F068F800B210BD10B5132200F062F801
:103CB00000B210BD10B5142200F05CF800B210BDC7
:103CC00010B5142200F056F800B210BD10B5142241
:103CD00000F050F800B210BD10B5102200F04AF804
:103CE00000B210BD10B5102200F044F800B210BDB3
:103CF00010B5102200F03EF800B210BD10B5102231
:103D000000F038F800B210BD10B5102200F032F803
:103D100000B210BD10B5102200F02CF800B210BD9A
:103D200010B5102200F026F800B210BD10B5102218
:103D300000F020F800B210BD10B5102200F01AF803
:103D400000B210BD10B5102200F014F800B210BD82
:103D500010B5102200F00EF800B210BD10B5102200
:103D600000F008F800B210BD10B5102200F002F803
:103D700000B210BD2DE9F8438846064614460121DD
:103D8000104603F06DFA0746002515E06B46224603
:103D900041463046F2F7E0FD0546012827D07FB1C5
:103DA000022D05D0B8F1000F02D04FF0000803E05B
:103DB0003046FFF7C7F80646002EE7D1012D16D092
:103DC000B8F1000F03D1012C05D0042C03D02046FC
:103DD00003F0DEF90AE031680FE0012C0AD0C88A4E
:103DE00050B161B1012C0CD0B1F9160000900098CF
:103DF000BDE8F883888AF3E709680029EDD100203F
:103E0000F4E7B1F91400F1E710B50B22FFF7B2FFA8
:103E100000B210BD10B54122FFF7ACFF00B210BDDB
:103E200010B54122FFF7A6FF00B210BD10B5422227
:103E3000FFF7A0FF00B210BD10B54222FFF79AFFB6
:103E400000B210BD10B54522FFF794FFC0B210BDFF
:103E500010B54322FFF78EFF00B210BD10B540220F
:103E6000FFF788FF00B210BD70B50C46054655221D
:103E7000FFF780FF024621462846BDE87040E7F77D
:103E800003BD5722FFF776BF5722FFF773BF5722B4
:103E9000FFF770BF5722FFF76DBF5722FFF76ABFCA
:103EA0005722FFF767BF5722FFF764BF10B55822AC
:103EB000FFF760FF00B210BD10B55822FFF75AFFA0
:103EC00000B210BD10B55822FFF754FF00B210BD6C
:103ED00010B55922FFF74EFF00B210BD10B55922A0
:103EE000FFF748FF00B210BD10B55922FFF742FF9F
:103EF00000B210BD10B55922FFF73CFF00B210BD53
:103F000010B55922FFF736FF00B210BD10B5592287
:103F1000FFF730FF00B210BD10B56A22FFF72AFF8D
:103F200000B210BD10B56A22FFF724FF00B210BD29
:103F300010B56922FFF71EFF00B210BD10B569224F
:103F4000FFF718FF00B210BD10B50122FFF712FFF6
:103F500000B210BD10B50122FFF70CFF00B210BD7A
:103F600010B50122FFF706FF00B210BD10B5012207
:103F7000FFF700FF00B210BD10B50122FFF7FAFEF7
:103F800000B210BD10B50722FFF7F4FE00B210BD5D
:103F900010B50822FFF7EEFE00B210BD2DE9FF417B
:103FA00007460888ADF800004888ADF80200088888
:103FB000ADF80400C888ADF806008888ADF80800A0
:103FC00048880C46ADF80A00A088ADF80C00E088DF
:103FD000ADF80E001D4616466946384601F052FE01
:103FE0002B463246384601A901F04CFE2B4632469C
:103FF000384602A901F046FE2B463246384603A950
:1040000001F040FEBDF90030BDF90400834201DA41
:104010001D4600E00546BDF90810BDF90C2091428F
:1040200001DA0E4600E01646B54205DA834201DAAF
:104030001A4604E0024602E0914200DA0A46228073
:10404000BDF90030BDF904108B4201DD1D4600E0D2
:104050000D46BDF90800BDF90C20904201DD064671
:1040600000E01646B54205DD8B4201DD1A4604E04C
:104070000A4602E0904200DD0246A280BDF902300D
:10408000BDF90620934201DA1D4600E01546BDF950
:104090000A10BDF90E00814201DA0E4600E0064624
:1040A000B54205DA934201DA184604E0104602E010
:1040B000814200DA08466080BDF90230BDF9061081
:1040C0008B4201DD1D4600E00D46BDF90A00BDF939
:1040D0000E20904201DD064600E01646B54205DDA1
:1040E0008B4201DD184604E0084602E0904200DC05
:1040F0001046E080052211462046F4F7BAFDBDE8DF
:10410000FF81018B808A081A401C00B2704770B58D
:104110000546FEF717FF040012D0A88AA18A451AA7
:104120002046FFF768F8054400212046FFF738FDD8
:104130002D1A00212046FFF725FC281A00B270BD79
:10414000B5F9140070BD70B50546FEF7FBFE04001E
:1041500012D0E88AE18A451A2046FFF753F8054451
:1041600000212046FFF7B8FD2D1A00212046FFF759
:1041700009FC281A00B270BDB5F9160070BD10B563
:104180000446FFF7E0FF02462046FEF79AFE104481
:1041900000B210BDC069814301D0002070470120EA
:1041A0007047C069084000D001207047008C08406B
:1041B00000D001207047F8B514460D46064650223F
:1041C000FFF7D8FD00B26080002810D030462946A5
:1041D0005322FFF7CFFDC0B22073022807D929462A
:1041E0003046FFF741FC022802D800202073F8BDBA
:1041F000FD2803D2217B4143080A2073207B02283B
:10420000F5D9522229463046FFF7B4FD0246294629
:104210003046E7F739FB0090BDF8000020803046BB
:1042200029465422FFF7A6FDA060304629465122B8
:10423000FFF7A0FD00B10120617B002D60F382013A
:104240006173D4D029463046FFF78EFB617B60F363
:1042500001016173F8BDF8B514460E4605464622C5
:10426000FFF788FDC0B2E072022807D93146284620
:10427000FFF7FAFB0021022801D8E172F8BDFD2802
:1042800003D2E27A4243100AE072E07A0228F5D9BA
:1042900021804FF480706080288BA98A4822401AC0
:1042A000401C00B200EBD0704010A080688BE98AFF
:1042B000401A401C00B200EBD0704010E08028464D
:1042C0003146FFF757FD10F0FF00A0720DD04722D6
:1042D00031462846FFF74EFD024631462846E7F7AD
:1042E000D3FA0090BDF800002081002EC6D03146E0
:1042F0002846FFF739FB2073F8BDF8B514460D4684
:1043000006465622FFF736FDC0B2A076022807D92E
:1043100029463046FFF7A8FB022802D80020A076E5
:10432000F8BDFD2803D2A17E4143080AA076A07EF5
:104330000228F5D929463046FFF796FD0090BDF8D2
:104340000000A081304629465822FFF713FDA082C5
:10435000304629465922FFF70DFD60823046294636
:104360005A22FFF707FDA17F60F30201A1773DB15B
:1043700029463046FFF7F8FAA17F60F3C501A1771F
:1043800029463046FFF77DFD2060304629465B22F6
:10439000FFF7F0FC2077F8BDF8B514460D46064649
:1043A0004E22FFF7E7FCC0B22072022807D9294647
:1043B0003046FFF759FB022802D800202072F8BDD2
:1043C000FD2803D2217A4143080A2072207A02286C
:1043D000F5D9304629464922FFF7CCFC00B260806F
:1043E0000028ECD04D2229463046FFF7C3FC024698
:1043F00029463046E7F748FA0090BDF800002080D3
:10440000304629464A22FFF7B5FC00B2A08028B109
:10441000304629464B22FFF7ADFCE0803046294666
:104420004C22FFF7A7FC08B1012100E00021607ACF
:1044300061F38200810861F3C3006072002DBED079
:1044400029463046FFF790FA617A60F30101617204
:10445000F8BDF8B514460D460646FFF705FB0746BE
:1044600085B1022F09D80020E070A07684F82200E0
:1044700084F82A0084F83600F8BD29463046FFF754
:1044800073FAA070304629460B22FFF773FC208098
:10449000E078002855D0304629462122FFF76AFCF3
:1044A000C0B2E07002284CD929463046FFF749FADD
:1044B0000090BDF80000A080304629462622FFF774
:1044C00059FC010007D0487A400704D00A22A01DF9
:1044D000FDF70AF835E0304629462322FFF74AFC6B
:1044E000E17B60F30201E173480721D029463046A1
:1044F000FFF727FA0090BDF80000E080222229464D
:104500003046FFF737FC024629463046E7F7BCF94C
:104510000090BDF800006081304629462422FFF754
:1045200029FC2072304629462522FFF723FC207300
:10453000304629462722FFF71DFCE17B60F3C501C9
:10454000E173304629463222FFF714FC00B2208482
:1045500028B394F8220010B3304629463122FFF7E1
:1045600009FCC0B284F82200022818D93046294636
:104570003322FFF7FFFB94F82310302260F345014C
:1045800084F8231029463046FFF7F4FB02462946FB
:104590003046E7F779F90090BDF80000E08329463E
:1045A0003046FFF797FAE084E8B194F82A00D0B1DA
:1045B00029463046FFF782FA84F82A00022812D9E9
:1045C00029463046FFF780FA2085362229463046B4
:1045D000FFF7D0FB024629463046E7F755F9009031
:1045E000BDF80000A084A07E80B330462946282272
:1045F000FFF7C0FB206148B3304629462922FFF768
:10460000B9FBC0B2A076022820D92069FBF780FA56
:10461000022867D02A2229463046FFF7ABFB024624
:1046200029463046E7F730F90090BDF800002083B6
:10463000304629462B22FFF79DFBE076304629467F
:104640002C22FFF797FB00B10120207794F8360069
:1046500070B329463046FFF701FCE08540B394F87B
:104660003600022824D929463046FFF7EBFB84F8B0
:10467000360002281CD929463046FFF7CBFB20869E
:1046800029463046FFF7D2FB608629463046FFF7C1
:10469000DFFBA086442229463046FFF76BFB02462B
:1046A00029463046E7F7F0F80090BDF80000A085F5
:1046B000FD2FBFF4E1AE14F8030F7843000A04F8AD
:1046C000140BE0787843000AE070E07A7843000A3F
:1046D000E072E07C7843000AE074E07F7843000AEF
:1046E000E077F8BD29463046FFF7CBFB60612946ED
:1046F0003046FFF7B9FB0090BDF800002083A5E726
:104700007CB50546E7F790F8044605F114016846C4
:10471000F4F70EFABDF800006946001BADF8000082
:10472000BDF80200001BADF80200BDF804002044F3
:10473000ADF80400BDF806002044ADF80600284698
:1047400000F001F87CBD7CB50C460546FEF786FB03
:10475000F6F762FD00280FD021466846F4F7E8F925
:1047600069462846FDF716FD002805D02846FEF7C5
:1047700075FB6946E6F700FF7CBD0068002808D09D
:10478000017E8907F9D0007E00F00300012800D0E7
:10479000002070470068002809D0017E11F00C0F3E
:1047A000F8D0007EC0F38100012800D000207047BF
:1047B00010B504460849FFF7F4FC08B1002010BD0D
:1047C0002046FEF7BFFB0028F9D00021FFF72EF9A5
:1047D0000028F4D0012010BD010006007CB505467C
:1047E000E7F722F8044605F114016846F4F7A0F94A
:1047F000BDF800006946001BADF80000BDF80200DE
:10480000001BADF80200BDF804002044ADF8040020
:10481000BDF806002044ADF806002846FDF7BAFCB6
:104820007CBD10B5418C41F001014184FEF78EFB47
:10483000418C41F004014184FEF710FB40680028E0
:1048400003D0BDE8104004F08BB810BD2DE9F0474F
:104850009946174688468246FEF774FA06460025B2
:1048600023E000BFDAF80800B9F1000F006850F843
:10487000254005D04FF480212046FFF78BFC98B9E6
:10488000A18A002301EB0800A082E08A3A4638445E
:10489000E082218B01EB08002083608B4146384485
:1048A00060832046FFF7D2FF6D1CB542DAD3BDE826
:1048B000F0872DE9FF47456816460F4604469DB32D
:1048C00000212846FFF76CF9804600212846FFF7B3
:1048D00003FA81464FF480212046FFF75BFC48B184
:1048E000A98A07EB0800084407B2E98A06EB090029
:1048F000084410E02846FEF77EFCAA8A02EB080175
:10490000081A384407B22846FEF77CFCEA8A02EB14
:104910000901081A304406B200212846FFF732F890
:10492000391830440FB206B2A08A381A07B2E08AAA
:10493000301A06B20FB9002E40D02046FFF7E0FE35
:1049400002A92046FEF784FA4FF0000875B16946C7
:104950002846FEF71BFA0022694602A8E6F7F2F99C
:104960005FEA000802D1284600F070FEA08A3246B5
:104970003844A082E08A39463044E082208B00230C
:1049800038442083608B304460832046FFF75EFF0D
:104990008DB1224622212846F9F7D6FC2046FFF7A2
:1049A000AFFE0022694604F11400E6F7CBF9B8F136
:1049B000000F07D104E02046FFF7A2FEBDE8FF8705
:1049C0000028FBD0284600F041FEF7E770B50C0048
:1049D000064604D5FEF7B6FAFEF7B4F904443046AD
:1049E000FEF775FA02463046FEF7ACFA0546002C93
:1049F0002DDBFEF7A7F9A04229DD944227D015DA76
:104A00006FF00301A24214DDA86801EB8203006885
:104A1000C35840F82230521EF4E7A86801EB820325
:104A20000068C35840F82230521C00E00421A24222
:104A3000F3DBA86800222221006840F824602846A1
:104A4000F9F782FC2846BDE87040FFF759BE70BDFB
:104A50002DE9F0410D460646FEF7BFFBA0B93046F2
:104A6000FEF7C2FB04463046FEF778FA00280BDA60
:104A7000002C09DD4042844200DB044622B22B4672
:104A80000021304600F08AFC3046FEF79FFB0028EC
:104A900025D13046FEF7DCFA04463046FEF738FBF7
:104AA000074600213046FEF728FF01280BD0002FD3
:104AB00015DA002C13DD7842844200DB044621B273
:104AC0002B46002206E0002C09DA002F07DD2B46DA
:104AD000002221463046BDE8F04100F05FBCBDE851
:104AE000F0812DE9F047894686B00446866802A920
:104AF0004846FEF7ADF94846E6F796FE01460246FF
:104B000002A8F4F7B6F802AA314604A8E6F7F2F8CC
:104B10004FF400250DF1100A20B929464846FFF749
:104B200039FB98B14FF00108224614214846C4F8D9
:104B300008A0F9F709FC224615214846F9F704FCBC
:104B4000224616214846F9F7FFFB01E04FF0000826
:104B500029464846FFF71EFB20B130680090706878
:104B6000019006E009F1140231466846E6F7C2F802
:104B700090B1C4F808D04846FEF7E4F8074600258F
:104B800008E0D9F80800006850F82510204605F024
:104B9000A3FC6D1CBD42F4D3B8F1000F10D0224627
:104BA00017214846C4F808A0F9F7CEFB2246182181
:104BB0004846F9F7C9FB224619214846F9F7C4FBD4
:104BC000A66006B0BDE8F0872DE9F14F82B00298EB
:104BD000FFF7EEFD00287CD10298FEF7B3F90090B4
:104BE00000210298FFF7CEF9824600210298FFF7D4
:104BF000CFF90746009868B1FEF710F98146009892
:104C0000FEF7F2F80546CAF341304FF0640B012875
:104C100003D012E03A46514692E02AF4C040B0F583
:104C2000FA6F0ADCB0F57A7F01DDC0F57A7000FB1F
:104C300009F090FBFBF00FFA80FAC7F3413001282E
:104C40000DD127F4C040B0F5FA6F08DCB0F57A7FDB
:104C500001DDC0F57A70684390FBFBF007B20021DC
:104C60006B220298FFF786F806B200216C220298A8
:104C7000FFF780F802B20298FFF743FA80460298E5
:104C8000FEF71FF90446C6F3413001280ED126F481
:104C9000C040B0F5FA6F09DCB0F57A7F01DDC0F5F0
:104CA0007A7000FB08F090FBFBF006B2C2F34130D3
:104CB00001280DD122F4C040B0F5FA6F08DCB0F540
:104CC0007A7F01DDC0F57A70604390FBFBF002B2A1
:104CD00000E055E00AEB060006B2B81807B2002162
:104CE0000298FEF7E7FD50B1012827D0801E082862
:104CF00024D2DFE800F00B13202B3318383B0021BF
:104D00000098FEF7F4FD012808D017E009EBD971EF
:104D1000491008EBD870A1EB600001E0A9EB080096
:104D2000304406B20AE005EBD570401004EBD471B4
:104D3000A0EB610000E0281B384407B23A46314638
:104D4000029803B0BDE8F04FFFF7B3BD09EBD9718E
:104D5000491008EBD870A1EB600001E0A9EB080056
:104D6000304406B2E7E7A9EB080006E009EBD97189
:104D7000491008EBD870A1EB6000304406B2D2E7CE
:104D8000BDE8FE8F2DE9F04F0446408C87B0010549
:104D900001D540057ED42046FEF7D4F85FEA00082E
:104DA00078D02046FEF754F90190608C002600056B
:104DB0004FF4FA6B42F2D17A03D52046FFF7A1F9FE
:104DC0005DE000212046FFF7BFF80546504501D1C0
:104DD000012600E00026C5F34130012805D125F465
:104DE000C040584501DC012000E0002081464046DB
:104DF000FEF714F8074626B12046E8F795FC05466D
:104E00002BE0B9F1000F28D0B8F82200000518D423
:104E100000214046FFF798F8504512D10021204666
:104E2000FEF7B0FD054600212046FEF7B9FE00EB77
:104E3000050900212046FEF7FBFE411901EB0900A0
:104E40000AE025F4C040B0F57A7F01DDC0F57A7044
:104E50007843642190FBF1F005B220460021022244
:104E6000FEF788FF0FFA80F9204600210322FEF7A3
:104E700081FF02B23B4649462846F5F7A6FA0746A7
:104E80002046FEF7B1F90090608C4FF00009400514
:104E900005D500E06BE02046FEF713F853E0002153
:104EA0002046FEF7A5FDA0F51C510546D13906D0D8
:104EB00000208146C5F34130012802D007E00120DF
:104EC000F7E725F4C040584501DC012000E0002050
:104ED00083464046FDF788FF8246B9F1000F04D0B3
:104EE0002046E8F7AFFB05461BE0BBF1000F18D0EA
:104EF000B8F82200400507D400214046FEF778FDAF
:104F0000A0F51C51D13936D025F4C040B0F57A7FD8
:104F100001DDC0F57A7000FB0AF0642190FBF1F02E
:104F200005B2204600210522FEF724FF0FFA80FB80
:104F3000204600210622FEF71DFF02B253465946C5
:104F40002846F5F70DFA054656EA090605D0DDE9CB
:104F500000210023204600F022FB2046FFF7D1F875
:104F6000B8421BD12046FDF7ACFFA84216D1002065
:104F700007B0BDE8F08F00212046FEF703FD05468F
:104F800000212046FEF7A8FE00EB050B002120467D
:104F9000FEF7A6FD411901EB0B00C1E72046FFF724
:104FA000AFFB02A92046FDF753FF04A94046FDF7D9
:104FB000EDFE002204A902A8E5F7C4FE060002D116
:104FC000404600F043FBE08A6D1E284460830021C8
:104FD0002046FEF78CFC01281CD0A08A7F1E384496
:104FE000208302AA29212046F9F7AEF92246222180
:104FF0004046F9F7A9F92046FFF782FB608C0022B2
:1050000040F00200608404A904F11400E5F79AFE60
:1050100036B904E0208BC01B401CA082E1E710B130
:10502000404600F013FB204600F002F801209FE705
:1050300038B50446E6F7F8FB05460020ADF8000059
:105040006A4613212046F9F77FF9BDF90000A8420E
:1050500002D02046FFF754FBA06818B1BDF800103D
:10506000C18209E0BDF8000030B12046FDF774F8B8
:10507000A168BDF80000C882BDF90000A84202D0B6
:105080002046FFF73DFB38BD70B505460021FEF711
:105090005BFF044600212846FEF7AAFC42F2D171CC
:1050A0008C4203D0884201D0002070BD2846FFF713
:1050B000B8FB012070BD00002DE9F84F04465148AF
:1050C00090460D460078002870D02046FFF718FB68
:1050D00005F47F050421404602F0C2F8064602218D
:1050E000404602F0BDF881460121404602F0B8F882
:1050F00000901021404602F0B3F807464FF6FF7BC0
:10510000EEB1B5F5702F12D08DB1204600210422EA
:10511000FEF730FE00B242F2D17A504507D0204669
:1051200000210122FEF726FE00B250454DD100229B
:105130002A212046F9F708F92046FFF772FB4FF4C1
:10514000702A554500D085BBD84500D02EB12046E9
:10515000FDF7F8FE08B1FFF764FB554500D025BB0D
:105160001FB3204600216E22FEF704FE00B240B9B4
:10517000204600216D22FEF7FDFD00B2B0F5807FD4
:1051800001D0022714E0204600216122FEF7F2FD43
:10519000C0B2FF2807D1204600216822FEF7EAFDB1
:1051A00010F0FF0F03D0012702E00EE028E00027F7
:1051B000A06820B1817E67F38711817605E027B171
:1051C0002046FCF7C9FFA068F4E75F46B84502D067
:1051D000B9F1000F02D02046FFF72AFF2046FFF763
:1051E0008FFAB84504D0009949EA0600084207D072
:1051F000B5F5803F04D02046BDE8F84F05F034BC3B
:10520000BDE8F88FA00000202DE9F04104460E46CD
:10521000408C002115460423C0F305100BE000BFAD
:10522000E26803EBC107D259D70103D522F07F42D0
:10523000AA4202D0491C8842F2D8884202D10020FA
:10524000BDE8F081E06850F83100314602F042F8E4
:1052500028B1324629462046FFF72EFF01E00028FC
:10526000EED00120ECE72DE9F05F4FF6FF7A0F005A
:1052700005461FFA82F802F47F09564602D0F879F3
:1052800000B900260024214659E0EA68042000EB1A
:10529000C40B964652F80B00C0F307424FEA024C8B
:1052A000524683B2904501D0434509D1B9F5702FDC
:1052B00001D0CC4504D12FB15EF83430BB4201D0CF
:1052C000641C3CE0800104D500234946284608F0D0
:1052D00085FCE86850F80B10CA0101D489010CD58F
:1052E00050F8340002F055F8E86850F83400FCF744
:1052F00085F8E968002041F83400204608220AE0D9
:10530000E96802EBC00C01EBC0036144401CD1E929
:1053100000C1C3E900C1698CC1F30511491E814276
:10532000EED8688C0109491E61F309106884C0F346
:105330000510C100E868FCF7AFF80121E860688C4F
:10534000C0F30510A042A0D8002908D0002E06D036
:10535000324649462846BDE8F05FFFF7ADBEBDE8DE
:10536000F09F000070B506460B480078002812D068
:1053700000200CE0002506E0E06850F825103046DB
:1053800005F04FFC6D1C606AA842F5D82046F5F781
:105390000DFF0400EED170BDA00000202DE9F0410A
:1053A0001646074692B00D4651EA06007AD0012B08
:1053B0001DD03E493846F2F7F1FD3D493846F2F737
:1053C000EDFD002209213846F8F7BEFF012869D11A
:1053D000324629463846E6F733FA012862D112B040
:1053E0003846BDE8F04100220A21F8F7ADBF384643
:1053F000FDF734FD80466846F2F718FE2D484FF45D
:10540000C874009703902DB34046F5F7A9FE4010ED
:105410002A460021F2F771FEC82801D2C82002E016
:10542000A04200D920460B903846FDF7E4FE4142E9
:10543000281A0891CDE909101D4801901E480790CF
:105440006A4609213846F8F77FFF01282AD16846C5
:10545000F2F760FE002E25D04046F5F7C7FE40105B
:1054600032460021F2F749FEC82801D2C82002E0E6
:10547000A04200D920460B903846FDF7C3FE4142BA
:10548000301A0891CDE90910084801900A480790A0
:105490006A4609213846F8F757FF012802D16846C5
:1054A000F2F738FE12B0BDE8F081000009B1020841
:1054B000F1B00208DBAD0208938001082DE9F04746
:1054C0001546824699460C4651EA050065D050467D
:1054D00000F008FC5046FDF78EFE40420FFA80F8BF
:1054E00008EB040004B200215046FEF706FA01283A
:1054F00013D0002C13DC25DA5046FDF7A9FD064633
:105500005046FDF705FE304400B2002800DA0020C6
:105510004042844216DA04B214E0002C02DA4FF062
:1055200000040FE00EDD5046FDF792FD06465046A2
:10553000FDF7EEFD304400B2002800DA002084427E
:1055400000DD04465046FDF75DFE404206B270198C
:1055500005B2002D02DD4FF0000510E00FDA5046D5
:10556000FDF742FE07465046FDF7F8FC384400B20E
:10557000002800DA00204042854200DA05B2A4EBA0
:10558000080001B2A81B02B251EA020005D04B4646
:105590005046BDE8F047FFF701BFBDE8F08770B5A2
:1055A00016461D4604461A4600F024F82A4631469F
:1055B0002046BDE8704000F033B8F8B50E4604460A
:1055C00000F090FB002000902046FDF7BBFC054654
:1055D00004F114070AE033466A462146384605F0CE
:1055E00009FC2C462046FDF7ADFC0546002DF2D106
:1055F000F8BD000070B50D46144606460749F2F79F
:10560000CDFC3046FDF7F7FD401B01B22346304686
:10561000BDE870400022FFF751BF0000F1B0020862
:1056200070B50D46144606460749F2F7B7FC3046FA
:10563000FDF7E8FD401B02B223463046BDE870404E
:105640000021FFF73BBF000009B102081FB5044667
:1056500002AA6946FDF7DDFD6846F3F7DEFA20B9D8
:1056600002A8F3F7DAFA002810D06846F3F7D5FA63
:1056700018B169462046FFF766F802A8F3F7CDFA9D
:10568000002803D002A92046FFF75DF81FBD0022C5
:1056900000F006BA70B50D460446FCF75DFDA06843
:1056A000858270BD70B516461D460446002200F086
:1056B0002FFA00223146204600F012FA0022294635
:1056C000204600F02DFA0448002201882046BDE85B
:1056D000704000F043BA0000C800002010B5044636
:1056E000002200F005FA0448002201882046BDE8A7
:1056F000104000F033BA0000C800002010B5044686
:10570000002200F0FDF92046FDF71CFCBDE810402A
:10571000FFF787B838B50C46054600236A460421D2
:10572000FDF7F0FB012807D0002804D10022214614
:10573000284600F0FDF938BD0098A042F6D138BDEA
:1057400010B5044689B2002200F008FA2046BDE8F0
:105750001040FFF766B82DE9F0410C4615461F468C
:1057600006461946F0F7A2FF2A46214601F000FF3F
:10577000224639463046BDE8F041FFF79DBC70B582
:10578000064640680C46002863D0002C61D03046A5
:10579000FEF7B6FF2046FCF7DFFC30467568FDF7E4
:1057A00096FB0146042207E0A86802EB810300682B
:1057B000C35840F82130491C2846FDF7C3FA801E23
:1057C0008842F1DAA9684868401E4860A96805D097
:1057D000820008681146FBF75FFE03E00868FBF7EC
:1057E0000DFE0020A9680860A1684868401C486058
:1057F000A26881001068FBF74FFEA1680860204690
:10580000FDF7A0FA6FF0030101EB8000A1680968C1
:105810000E5028467460FFF719FF324622212846B1
:10582000F8F792FD002224212846F8F78DFD324634
:1058300022212046F8F788FD002223212046F8F790
:1058400083FD3046FEF7EDFF3046BDE87040FEF7C1
:1058500057BF70BD70B51546044600F0E2F9294601
:105860002046BDE8704000F0F2B970B50C46054620
:10587000FCF772FCA868417E01F00F01A14200D044
:10588000447670BD70B50C460546FCF765FCA8680B
:10589000017E64F38301017670BD70B50C46054648
:1058A000FCF75AFCA868017E64F30511017670BD0F
:1058B00070B50C460546FCF74FFCA868017E01F068
:1058C0000302A24207D064F3010101762846BDE835
:1058D0007040FEF715BF70BD70B51546044600F068
:1058E0008AF929462046BDE87040FFF713BF000043
:1058F0002DE9F34F8FB08146008C109988427DD0FE
:105900000490A9F820104846109A0499E6F77CF80C
:105910005FEA000872D04FF420742046FBF710FDB8
:1059200021460390FBF7B2FE0024204672E000BF40
:10593000D9F80C00042200EBCA0102EBCA050A9157
:10594000405920F07F4000F09BF90590D9F80C00F9
:10595000405920F07F4000F090F90690109905988A
:10596000884355D10A984068800151D40A980BAAFF
:105970006721006801F060FB012849D100270B9DD9
:1059800040E000261EE000BF039806EB860100EB16
:1059900081010E91D1F804B0584600F071F90890D9
:1059A000584600F06AF9296831F817200E990989DC
:1059B0008A4206D10699884203D1059908988842FF
:1059C00002D2761CA642DFD3A6421AD1039A04EB78
:1059D0008400A98922F82010039A298A02EB80000A
:1059E0004180A968C160296831F817100181696890
:1059F00001610A99496821F07F4100E04DE0641C93
:105A000041607F1C286830F8170008B1202CB8D3FB
:105A10000AF101008246B9F82200C0F30511514590
:105A200001D9202C84D3002510E000BF039805EB9A
:105A3000850100EB8106706800F01FF901460096B1
:105A40004846109B049AE5F73FFF6D1CA542EDD335
:105A50000398FBF7C1FCB8F1010F0ED0B8F1030FAA
:105A600011D0B8F1020F18D14846FEF749FE11B027
:105A70004846BDE8F04FFFF7DBBA11B04846BDE835
:105A8000F04FFEF73DBE11B04846BDE8F04F4FF66F
:105A9000FF724FF47021FFF70FBB11B0BDE8F08F1C
:105AA00013460A460921FFF756BE13460A46162139
:105AB000FFF751BE07B481B01346BDF80810ADF82A
:105AC0000010009A202104B0FFF745BE13460A4695
:105AD0002821FFF740BE13460A462121FFF73BBEAF
:105AE00013460A460149C988FFF735BEC8000020A1
:105AF00013460A4601494988FFF72DBEC800002019
:105B000013460A4601494989FFF725BEC80000200F
:105B100013460A4601498988FFF71DBEC8000020C8
:105B200013460A4601490989FFF715BEC80000203F
:105B300013460A460421FFF70EBE07B481B0134690
:105B4000BDF80810ADF80010009A472104B0FFF727
:105B500002BE13460A464821FFF7FDBD13460A461A
:105B60000A21FFF7F8BD13460A460221FFF7F3BDED
:105B700013460A466021FFF7EEBD13460A4611217F
:105B8000FFF7E9BD13460A461221FFF7E4BD1346AD
:105B90000A461321FFF7DFBD13460A461021FFF71F
:105BA000DABD13460A465B21FFF7D5BD07B481B0C5
:105BB0001346BDF80810ADF80010009A552104B046
:105BC000FFF7C9BD13460A465721FFF7C4BD134668
:105BD0000A465621FFF7BFBD13460A460121FFF7CB
:105BE000BABD13460A460721FFF7B5BD13460A465C
:105BF0000821FFF7B0BD38B50C46054600236A46BC
:105C00000121FDF77FF9012807D0002804D10022E7
:105C100021462846FFF7E0FF38BD0098A042F6D1A4
:105C200038BD38B50C46054600236A460721FDF706
:105C300069F9012807D0002804D10022214628460E
:105C4000FFF7CFFF38BD0098A042F6D138BD38B578
:105C50000C46054600236A460821FDF753F9012842
:105C600007D0002804D1002221462846FFF7BEFFB6
:105C700038BD0098A042F6D138BD00F47F007047CF
:105C800080B270472DE9F0411E4615468846070050
:105C900025D0E5F7CFFD022813D000249EB13DB1F9
:105CA0003846FDF74FF933462A464146FFF7EAFFEB
:105CB000002C14D0324641463846BDE8F04107F08A
:105CC000E1BF0124EAE724B132464146384607F0F5
:105CD000D9FF002D03D03846FDF734F9D7E7BDE8EA
:105CE000F081000070B50B4D2978002911D10121F8
:105CF0002970FDF72BF9044606E000BF20F00400F0
:105D000060842046F1F738FF608C4107F6D400200C
:105D1000287070BD9800002008B5132802D209B180
:105D2000042905D9F4F7BAFB0090BDF8000008BDBE
:105D3000044A491EC9B202EBC00000EB41000088D2
:105D400008BD000060A7040808B5132802D209B1F5
:105D5000052905D9F4F7A2FB0090BDF8000008BDA5
:105D6000054A491E00EB8000C9B202EB400000EB7F
:105D70004100008808BD0000A2A6040808B5132849
:105D800005D3F4F78BFB0090BDF8000008BD024975
:105D900001EB4000008808BD7CA60408002801DA59
:105DA000C0F57A7040F4005000B270472DE9FE4F04
:105DB00017460C0005461E4602D1B7F5807F73D00A
:105DC00028883188401A01B2298068887288801A30
:105DD00000B26880002C69D0DFF80CB1DBF800005D
:105DE000A04244D02046B4F5616F01DDA4F56160A6
:105DF000002801DA00F561600A2190FBF1F8C8F192
:105E0000000101EB810100EB410908F1010A0FFAE1
:105E100088F002F0DFFE02900FFA8AF002F0DAFE5C
:105E200008F15A01019008B202F0D4FE0AF15A01B9
:105E3000009008B202F0CEFE03460298C9F10A08AB
:105E400008FB00F10198009A00FB09110A2091FB60
:105E5000F0FC08FB02F103FB09120A2192FBF1F1AD
:105E60004FEA6C124911CBE90121CBF80040B5F99A
:105E70000010B5F90200B7F5807F21D0DBF80820CB
:105E8000DBF8043002FB01F403FB1044B6F800C059
:105E90007C434B430CEBA4442C8002FB0030718804
:105EA000784301EBA0406880BDE8FE8F32887943DB
:105EB00002EB212129805988784301EB2020F2E769
:105EC000DBF80830DBF8042003FB01F402FB10448C
:105ED00037884A4307EBA4242C8003FB00207188F9
:105EE00001EBA020DFE700000802002010B5B0F9A8
:105EF0000420B0F900300C88D21A02EBD27242F3BF
:105F00004F024088134410444988E31A1BB2081A10
:105F100000B25B4300FB00305243904201D80120A5
:105F200010BD002010BD000010B5E4F799F80D4930
:105F30004FF496530022A1F11C00F4F7F3FF0A4836
:105F4000F5F700F808484FF4F07101804FF4A071A4
:105F500041800649416103491C39C160BDE81040D8
:105F6000F5F71AB850040020D02900208BE700086C
:105F700070B50C460123002110E0D50706D01D4660
:105F8000A5FB003601FB006105FB0411A0FB0056D8
:105F900004FB006600FB046452102846002AECD182
:105FA000184670BD2DE9FC410E46002507462A46DD
:105FB0001431E4F7C7FE002826D001213046FEF751
:105FC000E9F800BB3046E5F735FCE0B900208DF874
:105FD00000006A46122130460197F8F7B5F99DF89E
:105FE000000002280FD03046FCF7ACFE401E040033
:105FF0000ED4B068006850F824103846FFF7D2FF7E
:10600000050009D102E00020BDE8FC81641EF0D546
:106010009DF8000000B935462846F5E72DE9FC411A
:106020000025DFF8B4804FE0294491F83011E9BB36
:10603000002441E0011991F83011C1BBA5423AD0CA
:1060400000EBC40100EBC50030303031E4F7CEFE88
:1060500068B37068B04600EBC40200EBC501684647
:1060600030313032E4F7C1FF6846F2F7D6FD06461C
:10607000D8F8040000EBC5003030F2F7CEFD07463B
:10608000D8F8040000EBC4003030F2F7C6FD384405
:10609000864210D2D8F80400464600EBC500694697
:1060A0003030F2F74EFD0120716801E00BE002E0B4
:1060B000214481F83001641CD8F804004646B0F849
:1060C0005011A142B6D86D1CD8F80410B1F8502177
:1060D000AA42A9D8BDE8FC81A400002010B591F81F
:1060E0002A000C4620F0010081F82A000020888454
:1060F000C884088510212046FCF7F8F94FF4007198
:106100002046FCF7F3F921460548FCF741F9FCF776
:10611000B3F92046BDE81040002202A100F00AB900
:106120005CAA04084F7074696F6E20310A4F707456
:10613000696F6E20320A4F7074696F6E20330A4F98
:106140007074696F6E20340A4F7074696F6E2035F9
:1061500000000000F8B50E465648FCF7CBFD0128BC
:106160002ED13046F8F7AEF805463046F8F7E8F895
:1061700004462C2D1CD02A2D23D0292D2DD0012DC5
:106180002DD0022D37D0082D50D0032D4ED00E2DFE
:1061900050D00F2D5DD00D2D66D0132D7CD0152D38
:1061A00001D0182D0CD13046BDE8F840EBF7BFBE4A
:1061B0003046F8F7C3F805462046F0F74DFD288035
:1061C000F8BDF0F76FFA18B100222A21F8F7BCF8F1
:1061D0002046FEF759FF002141E0002140E0A06A7F
:1061E00020F400312046A162F0F75CFABDE8F840E7
:1061F0003149F1F7D3BEF9F79DFC6946F9F7E0FCA8
:10620000BDF802000028DBD02046F0F74BFA054627
:10621000FDF799FFBDF80210084401B22846FFF7C8
:1062200016FDA06A40F40030A062F8BDBDE8F84059
:1062300004F03ABCFCF740FEF8F7C4FC0546F9F759
:1062400079FCF9F7B8FC042800D115B1E08C208561
:10625000F8BDE18C208D8142FAD0E08401212046F6
:10626000BDE8F84004F086BA3046F8F767F80078E1
:10627000132812D0122810D0142801D01128E7D1E9
:10628000E08C0028E4D0258D401E81B201222046FA
:1062900000F0BBF82585F8BD06E0E08CA18C401C21
:1062A0008842F8D2258DF0E7F0F7FCF9BDE8F84018
:1062B000FEF7BEBE40AA040837B2020870B50E460B
:1062C0000846F7F7FFFF0446152805D03146184861
:1062D000FCF710FD012823D13046F8F731F80546C8
:1062E000132C08D0292C1CD0152C19D13046BDE810
:1062F0007040EAF7C3BC3046F8F720F80446284659
:10630000FCF720FEF0F7A8FC06462846FDF7F9FE4C
:106310000246B4F90000B11A884200DC0846208029
:1063200070BDFCF70FFEBDE87040002104F022BAFA
:106330005CAA04082DE9F84F15465FEA01090446F6
:106340000DD02046F0F7AEF94FF0000B0090A4F806
:1063500026B0A4F828B0A4F824B0584606E0FEE71A
:106360000A2902D1A18C491CA184401C19F80010F3
:106370000029F5D1A08C401CA08494F82A00DDB33C
:1063800040F0010184F82A104846E1F762FF471CFB
:10639000C7EBC7008246FAF7D3FF06460025A0F1F7
:1063A000010800BF07FB05604946E1F767FF6D1C68
:1063B00007FB05F10A20EDB201F80800072DF1D323
:1063C0000AEB060101F801BC31460098FAF7D6FC49
:1063D0003046FBF701F8A08C00EB4001E184C0EBF4
:1063E000C000A0842046F0F73EFEE08C2085009897
:1063F000BDE8F84FFEF71CBE20F0010084F82A002B
:1064000049460098FAF7BAFCEFE7F0B490F82A3062
:10641000DC07838C1ED00724B3FBF4F4C58CA142A7
:10642000B5FBF4F716D207FB1455AEB20FFA86FC93
:10643000ACEB0105002D01DCA1EB0C05B5EB540F15
:1064400005D90D468E4201D9291900E0291B04FB0C
:10645000071189B28B4200D8591EC1840185F0BC56
:10646000114604F087B910B5F4F762FEBDE810409C
:10647000F4F7A6BE2DE9F047A6B099461546884622
:106480000646DDF8B8A0FCF7E9FC0446FFF7EBFF91
:106490000746B04275D0A069B04272D0B8B10021B1
:1064A000F1F77CFD00221146A069FFF7D3F9002225
:1064B0006021A069FEF7A8FE94F82800800702D5A5
:1064C0003846FCF7AFF8A069074604F05CFCA6610B
:1064D000606938B194F82810890703D5FCF7A2F851
:1064E000002060614046B8F10A0F55D00B2853D008
:1064F0000C2851D00D284FD0B8F10E0F4CD00021F0
:1065000094F8280061F300006AF3410084F8280041
:1065100000213046F1F742FDFFF7A5FF0021F1F71A
:106520003DFD002211463046FFF794F9FFF79BFF2F
:1065300000221146FFF78EF9002260213046FEF757
:1065400063FEFFF790FF00226021FEF75DFE55EA33
:10655000090023D014A8F1F769FD56481690564853
:1065600014961790C9F10006CDE91F5603A8F1F75C
:106570005DFD2069CDE90E560390B8F10F0F26D2CC
:1065800000E014E0DFE808F0161A242A3037475BF1
:106590006C7D8240516476000121B1E7304604F001
:1065A000F2FBBAF1000F02D03846FCF73BF826B0F8
:1065B000BDE8F08741481590002004E03F48159061
:1065C0002046F4F7CDFD00211C90CDE91D0164E0CB
:1065D0003A4815902046F4F7C3FD0AE03848159074
:1065E0002046F4F703FEEEE7354815902046F4F711
:1065F000FDFD4042E7E7314815902046F4F7B0FD35
:1066000000211C90CDE91D012C4804900025204656
:10661000F4F7A6FD22E0294815902046F4F7A0FDE6
:10662000404200211C90CDE91D0124480490002522
:106630002046F4F795FDCDE90C500B952DE0204850
:1066400015902046F4F7D2FD00211C90CDE91D01E4
:106650001B48049000252046F4F7C8FD4042EAE7B5
:10666000174815902046F4F7C1FD404200211C90C8
:10667000CDE91D011248049000252046F4F7B6FD2F
:10668000D9E7104815900020FF219DE70D480490A0
:10669000FF2000210B90CDE90C0100222521384676
:1066A000F7F752FE14A8F1F735FD03A8F1F732FD14
:1066B0007DE7000063AD02080DAD02082BB20208B1
:1066C00031B20208CB9C020870B50020086791F82F
:1066D00074000C4620F0030081F874004FF4407100
:1066E0002046FBF703FF10212046FBF7FFFE0020AA
:1066F000F4F724FD502505EBC000B0F5A07F08DBC2
:106700000020F4F71BFD05EBC000A02190FBF1F089
:1067100000E0012001B22046BDE87040FEF7BABF9C
:106720002DE9F34F83B0FE480499FCF7E3FA012802
:1067300052D10498F7F7C6FD05460498F7F700FE16
:10674000044600F064FA0646112D17D0012D46D0FC
:10675000022D78D0082D77D0032DFCD00E2D74D0CB
:10676000292D73D0132D72D00D2D71D0152D33D14D
:10677000049805B0BDE8F04FEAF7BEB90498F7F702
:10678000DDFD0546A06810B1B0F9147000E00027E7
:1067900004F168016846F2F71CFA3A461146684669
:1067A000F2F767FA002268462968E4F78BFB287144
:1067B000002811D1022E0FD104F160016846F2F7D2
:1067C00008FA3A4611466846F2F753FA002268463C
:1067D0002968E4F777FB287105B0BDE8F08F204603
:1067E000FDF78EFF94F8740040F0010184F87410F6
:1067F0009EB1012E11D0022EEED1F9F79BF9694618
:10680000F9F7AEF92046FDF77CFC05462046FCF77B
:1068100058FB854204DB012503E004F1240042E03B
:10682000002500212046FDF780F8DDB30128BDF9E1
:1068300000000ED0B4F96C108842EEDCB4F96010A0
:1068400088423EDB0DE069E0F2E024E131E136E12F
:10685000A6E1B4F968108842DFDBB4F9641088421D
:106860002FDCB4F96400B4F96010401A00EBD0706A
:1068700001EB6002BDF90010501A002800DC881AF4
:1068800003B2B4F96C20B4F96800121A02EBD272A8
:1068900000EB6202501A002800DC881A00B298420D
:1068A0002CDB33E003E0206796E7207194E7BDF925
:1068B0000200B4F96A309842AFDBB4F96620904226
:1068C00002DD04F13000EEE7B4F96210521A02EB77
:1068D000D27201EB6202111A002900DC811A0AB29D
:1068E000B4F96E10C91A01EBD17103EB6103191AE7
:1068F000002900DCC11A08B2904207DA04F1240032
:1069000044F8700F207920F00200CEE704F1300047
:1069100044F8700F207940F00200C6E7206F00288D
:10692000C2D0F9F707F90546F9F745F90128BBD1B7
:1069300069462846F9F714F9D4E90A010F1A2046E6
:10694000F0F752FE00284FF00001204634D0FDF74A
:1069500057F9804600212046FDF79AF90646204661
:10696000FDF7CFFBA0EB0800801B05B200212046FD
:10697000FCF7DBFF012818D0B4F91420BDF9001092
:1069800002EB0800081A784305EBD57100EB6100B3
:1069900090FBF5F0A16A236F0844D4E90A2104F1C1
:1069A0003005AB4224D1616A23E0B4F91800BDF987
:1069B0000010801B401AE6E7FDF7C4F906460021E7
:1069C0002046FDF7BDF805462046FCF77AFA401B45
:1069D000B4F91A10801BBDF902202944511A00B2E3
:1069E000794300EBD072C1EB620191FBF0F0D1E78B
:1069F000226B884201DA064600E00E46964201DA32
:106A0000114602E0884200DA01461868884287D0C1
:106A1000AB424FF00102204602D1F2F777FA01E0D3
:106A2000F2F799FA00221C212046F7F78DFCD3E6F5
:106A300094F8740020F0010184F8741000212046BD
:106A40002167FDF75DFE2046FCF736FA0546F8F7AC
:106A5000B9F80646F9F76EF8F9F7ADF80428E6D16B
:106A6000002EE4D0204600F0D2F802280CD194F891
:106A70007400810704D440F0020084F87400ABE68F
:106A800020F0020084F8740005B02846BDE8F04FFD
:106A90000021F8F705B9F9F74DF8F9F78CF8042853
:106AA00001D00228C3D114F8740F20F00200207026
:106AB00092E605B02046BDE8F04FFEF7B9BA4FF4B4
:106AC000403739462046FDF79BF881463946204637
:106AD000FDF7DEF8804639462046FDF733F90646D5
:106AE00039462046FDF72CF805466D2239462046EA
:106AF000FDF740F900B2009039462046FDF71EFA36
:106B0000834639462046FDF70DFA82462046FDF7BA
:106B1000F8FA00EB4B072046FCF7D3F902E000003F
:106B200078AA040800EB4A008742204604DAFDF701
:106B3000E8FA00EB4B0003E0FCF7C3F900EB4A0076
:106B4000009940F34F00484340F30F204946424626
:106B5000C14500DC1146B54201DD2A4600E032465F
:106B6000914207DD49464246C14501DD0D4604E03C
:106B7000154602E0B54200DC354605444FF440318D
:106B80002046AD1CFBF780FB284404B20498F7F7BD
:106B9000D5FBB0F90010A14200DD0C4604801BE6D5
:106BA0000498F7F7CBFB0078132812D0112810D0E7
:106BB000142801D01228F2D194F8740080072046DE
:106BC00016D4F2F795F90122411E2046F2F7C3F9D7
:106BD00015E094F874008007204604D4F2F788F991
:106BE000411C0122F1E7F2F774F90122411C03E094
:106BF000F2F76FF9411E01222046F2F787F905B03E
:106C00002046BDE8F04F00221C21F7F79DBB10B5D0
:106C1000F2F75AF9012802D0022800D0002010BD56
:106C20000FB40A4608B505A9009101460348049B24
:106C3000E5F72CFC01B05DF814FB000035C100083D
:106C400010B500204866B1F874000C4620F0FF0033
:106C5000401DA1F87400012008670C488866404276
:106C6000C866B1F87400012120F4E06000F580608E
:106C7000A4F87400204601F0FBFB0121204601F03E
:106C80007EFB2046BDE8104000F00AB99F86010057
:106C9000026F416E8B1AC26E934209DB002B03D543
:106CA000002901DD4A424266426E016F521A06E037
:106CB000B0F87430DB0502D5914200D1826E426695
:106CC00000F0EEB870B50E465548FCF713F80128F1
:106CD0007ED13046F7F7F6FA05463046F7F730FB37
:106CE0000446082D17D00D2D72D1F8F723FFF8F7C1
:106CF00062FF05463046F7F721FB0068132868D08D
:106D0000142867D011287ED0122879D12046BDE8FA
:106D10007040FFF7BDBFF8F70DFFF8F74CFF0428F0
:106D200020460CD001F022FB0546E1F792FA616C97
:106D30006A5C2E2A31D0814233D1411E36E0FCF705
:106D4000BBF8F7F73FFF00285AD0B4F8740000F002
:106D50000F02012A54D9C0F3412002280DD00A2085
:106D60000021521EFFF704F9226FD317101A8B412E
:106D700051DB0A212046216703E0206F012804DD52
:106D80002046BDE8704000F067B80A200021921E3E
:106D9000FFF7EEF8206720463EE0204601F09FF91D
:106DA00007E031B9E06E002803DA0121204601F046
:106DB000EDFAB4F87410626C01F00F03C1F303151F
:106DC0005B1E90B2AA4209D911F0F00F06D003E081
:106DD00016E016E01CE016E0401E80B2191AE06EC4
:106DE000002800DA491C01202067002006E0226FFD
:106DF00002EB82025200401C80B222678842F6D326
:106E000070BD042DBCD12046BDE8704000F00AB82A
:106E1000042D3FF47BAF2046BDE8704000F028B859
:106E20006CEE0208026F416E8B18826E934209DC91
:106E3000002B03DD002901DA4A424266426E016FEF
:106E40000A4406E0B0F87430DB0502D5914200D167
:106E5000C26E426600F024B8016F0A2291FBF2F183
:106E6000002901DD016701E00122026700F018B886
:106E7000D0E91A21002901DA4B4200E00B469A4280
:106E800001DD114602E0002900DA4942026F02EBFF
:106E9000820252008A4200DC026700F001B8000062
:106EA0002DE9F0418EB00546122108A8FAF7EEFB55
:106EB000E86E002708AC002809DA686E002801DBBC
:106EC0002B2000E02D208DF82000641C00E001271D
:106ED0006B6E002B00DC5B4236A20E2102A8FFF78E
:106EE0009FFE02A8E1F7B5F995F874100DF10808B6
:106EF00001F00F010E1A002E12DD4046E1F7A9F94C
:106F000081B2424601EB060C535C02F80C30491E7C
:106F1000F8D50020302101E01154401CB042FBDBC9
:106F2000B5F8740010F0F00F04D0C0F30316002081
:106F3000414606E000F00F06F9E700BF04F8012B18
:106F4000401CB04202DA0A5C002AF7D195F874209E
:106F500012F0F00F10D02E2204F8012B03E000BF36
:106F600004F8012B401C95F8742002F00F028242B5
:106F700002DD0A5C002AF3D108A9284601F0B2FA22
:106F800095F874000A2200F00F00296F04E000BF9A
:106F900091FBF2F1401EC0B20A29F9DAB04201DDDC
:106FA000401CC0B2C01BC1B2284601F0EFF90EB0C0
:106FB000BDE8F0812564000030B50C4691B0022197
:106FC0002046FBF793FA6846F1F730F81548CDE90B
:106FD00000404FF6FF70ADF84000134801680B9178
:106FE0004268089202F5B470CDE909206846F1F7CD
:106FF00091F80E48079000204FF4B4750890CDE941
:1070000009050B4801906846F1F784F82A460021EB
:107010002046F1F783FC4FF487712046F1F72FFDEE
:1070200011B030BD65CD0008B001002061800108BD
:107030006BCD000800F052B870B514468288C37951
:10704000A2F57F45FF3D07D07BB3012B35D90668FC
:10705000002206EB83052DE0002213E0056805EB16
:10706000C2052E8826F440468E420AD128880104A3
:1070700029D4400401D5304614E06868206001201E
:1070800070BD521C9342E9D825E000BF35F81200CC
:1070900020F4404088420CD135F812100B0412D471
:1070A000490403D500F074F8E8E714E006EB820029
:1070B0000FE0521C9342E9D80DE022F440438B428A
:1070C00009D1110401D5022070BD510401D5184623
:1070D000E8E70068D2E7002070BD000070B51446F4
:1070E0008288C379A2F57F45FF3D07D07BB3012B92
:1070F00035D90668002206EB83052DE0002213E057
:10710000056805EBC2052E8826F440468E420AD15A
:107110002888010429D4400401D5304614E0686869
:107120002060012070BD521C9342E9D825E000BFC9
:1071300035F8120020F4404088420CD135F8121086
:107140000B0412D4490403D500F022F8E8E714E058
:1071500006EB82000FE0521C9342E9D80DE022F4C6
:1071600040438B4209D1110401D5022070BD510466
:1071700001D51846E8E70068D2E7002070BD082175
:10718000FAF784BAC07908B100207047012070472F
:107190001CB50022FF21452855D01EDC302844D0E4
:1071A0000EDC222841D006DC032853D0062851D01B
:1071B000202830D135E0252845D029282BD142E0A0
:1071C000362832D004DC31283DD0332823D13CE0AE
:1071D000372838D044281ED127E0552825D00EDC8A
:1071E0004E2830D006DC46282DD047281DD04D280B
:1071F00011D11AE0522818D053280CD123E060286E
:1072000021D004DC56281ED0572804D120E0612864
:1072100019D06D2802D0009200981CBD4FF48070E8
:1072200014E0FF221146104602E0002211461046EB
:10723000F3F7B4FA0190BDF804000190BDF8040022
:10724000ADF80000E8E70091E6E70F200090E3E7E3
:107250000248FBE741F6FF70F8E700003C24030812
:1072600010B50C46E4F7E4FC204000D0012010BD2E
:107270002DE9F041154D0646154C286818B9002136
:1072800061607021218021884A1C12F4404F02D095
:107290000020BDE8F08162686F398A420AD21F314E
:1072A00031F01F0710D03946FAF7F6F80028F0D071
:1072B000286067602088401C80B22080296821B146
:1072C000014401F8716CE4E7FEE7FEE728020020C4
:1072D0003C0200202DE9F0410F4681880446A1F5CB
:1072E0007F40FF3853D0E07900284BD0012804D0EC
:1072F0002668002106EB800547E021F44040B842B3
:1073000045D10020A080E0713BE000BF35F811209E
:1073100022F44042BA4237D1022811D0401E00EB7D
:1073200040004000F9F7DEFF010030D02160E07935
:10733000401EC0B2E07101EB80030020024619E05C
:107340000120E07121B12888A0803068206015E01C
:107350006888A0807068F9E735F810C0BC4508D08F
:1073600056F820E041F822E035F810C023F812C0AA
:10737000521C401C94F807C08445EDD23046FAF701
:107380003DF80120BDE8F081491C8842BED80020AC
:10739000F8E710B504468088A0F57F41FF390BD08F
:1073A000E079012802D92068FAF728F82046BDE8DC
:1073B00010400821FAF76AB910BD0A46652100F0AD
:1073C000D7B803B482B0BDF80C10ADF80010009A25
:1073D000522104B000F0CCB80A46512100F0C8B8E0
:1073E0000A46502100F0C4B803B482B0BDF80C10B6
:1073F000ADF80010009A202104B000F0B9B803B431
:1074000082B0BDF80C10ADF80010009A222104B033
:1074100000F0AEB80A46282100F0AAB80A46212199
:1074200000F0A6B803B482B0BDF80C10ADF800109F
:10743000009A302104B000F09BB80A46312100F0D8
:1074400097B80A46342100F093B80A46332100F079
:107450008FB80A46322100F08BB80A46172100F097
:1074600087B80A46622100F083B80A46632100F01B
:107470007FB80A46042100F07BB803B482B0BDF89F
:107480000C10ADF80010009A4D2104B000F070B857
:107490000A46492100F06CB80A46062100F068B897
:1074A0000A46032100F064B803B482B0BDF80C10A2
:1074B000ADF80010009A362104B000F059B80A4621
:1074C000372100F055B80A46382100F051B80A4675
:1074D000352100F04DB870B50C46054600F02CF88B
:1074E0002146284600F02CF82146284600F030F8C6
:1074F00021462846BDE87040AFF300800A461121BE
:1075000000F036B80A46152100F032B870B50C46C6
:10751000054600F019F821462846BDE87040FFF7FF
:10752000F1BF70B50C46054600F006F82146284626
:10753000BDE8704000F004B80A46122100F018B807
:107540000A46132100F014B80A46142100F010B8BE
:107550000A46102100F00CB870B50C460546FFF73E
:10756000F7FF21462846BDE87040FFF7C7BF00007F
:10757000014B00F007B800007D750208108019600B
:10758000704700002DE9F047044680888946A0F541
:107590007F411D46FF3969D0E17929F440461746FD
:1075A0004FF00108012937D92268084602EB810310
:1075B0000CE000BF33F810C02CF4404CB44505D1AA
:1075C00002EB800103EB40020B462CE0401EF1D59C
:1075D000491C01EB410041001046F9F75DFF010035
:1075E00044D02160E07901EB800205E002EB400C21
:1075F00032F81030ACF80430401EF7D5E079401C6A
:10760000C0B201EB800303EB4002191FE0710B468F
:1076100039464846921E20E02AD120F44040B0422C
:1076200007D12346221D39464846AC46BDE8F047FF
:1076300060470C20F9F756FE002817D0216820601B
:10764000E279521CD2B2E27100EB8202A38822F8E6
:10765000023B031D016039464846A8473046E4F71F
:10766000E1FAA17908FA00F21143A171BDE8F087AF
:1076700084F807802346221DEDE70A460B21FFF719
:1076800077BF03B482B0BDF80C10ADF80010009ABB
:10769000442104B0FFF76CBF0A464221FFF768BFE0
:1076A0000A464521FFF764BF0A464321FFF760BF42
:1076B0000A464021FFF75CBF70B50C46054600F056
:1076C00029F821462846BDE87040FFF7D2BE0A4699
:1076D0005B21FFF74DBF03B482B0BDF80C10ADF8CD
:1076E0000010009A552104B0FFF742BF0A46572107
:1076F000FFF73EBF0A465921FFF73ABF0A466A2103
:10770000FFF736BF0A466921FFF732BF0A466721F5
:10771000FFF72EBF0A460121FFF72ABF2DE9F047E8
:107720000F46DDE908891E46154604461421F9F77F
:10773000ADFF276005B9044DC4F80490083484E80F
:107740006001BDE8F0870000C78001084162FCF7D6
:10775000D7BF00684FF0FF314162FCF7D1BF10B5D1
:107760004FF0FF300C46486210212046FAF7BEFE6B
:1077700008212046FAF7D4FA2046BDE810404FF41D
:107780008061FAF7CDBA08460021F0F707BC000087
:107790002DE9F04789463548FBF7ACFA01285CD162
:1077A0004846F6F78FFD04464846F6F7C9FD804681
:1077B000132C08D01C2C52D0152C4ED14846BDE8B5
:1077C000F047EAF77DBC4FF440352946FCF71EFA36
:1077D000074629464046FCF761FA064629464046D8
:1077E000FCF7B6FA044629464046FCF7AFF9B74223
:1077F00001DD394600E03146A04201DD024600E0ED
:107800002246914205DDB74201DD384604E03046AC
:1078100002E0A04200DC2046841C29464046FAF7DC
:1078200033FD204405B24846F6F788FD0446B0F91A
:107830000000A84200DD054625804FF400352946AA
:107840004046FAF721FD0146B4F90000814203DB0E
:1078500029464046FAF718FD2080BDE8F08700F081
:1078600007F84046BDE8F047FCF74ABF94AA040871
:10787000F0B591B0064600216522FCF77BFA0700BF
:107880002DD03046FCF70EF8746A00F00100611C40
:107890004FF4807501D038B905E008B1002403E049
:1078A0002C46002503E00025601B002801DD601B3D
:1078B00000E0281B7843070A00213046F0F76EFBF2
:1078C0006846F0F7B3FB07480894CDE90060064826
:1078D000039009A9684681E8B000F0F71BFC11B0DD
:1078E000F0BD00004D7702085377020810B5012063
:1078F0008884C8840C460220F9F7F4FC2063E08CED
:107900004000F9F7EFFCE062216B82200880E16A19
:107910000880E08CA18C48438100A06AF9F7BCFD87
:107920000021A062016010BD70B500250C462E46F6
:1079300015E000BF50F8250078B1406828B1F9F78C
:107940005DFDA06A50F825004660A06A50F8250049
:10795000F9F754FDA06A40F825606D1CADB2A08C0B
:10796000E18C4843A842A06AE4DC08B1F9F746FD7F
:10797000E06A08B1F9F742FD206B002803D0BDE8AA
:107980007040F9F73BBD70BD2DE9FC410F466E48D4
:10799000FBF7B0F9012843D13846F6F793FC0546CA
:1079A0003846F6F7CDFC04462A2D14D02C2D17D0DE
:1079B000012D37D0022D35D04FF6FF76082D49D056
:1079C0000E2D66D00D2D68D0152D29D13846BDE875
:1079D000FC41EAF725BCBDE8FC41002102F054BFA0
:1079E0003846F6F7ABFC034600200146A28C05E0C2
:1079F000256B35F81150491C284400B28A42F7D84B
:107A000000210A46E58C05E0E66A36F81260521C51
:107A1000314409B29542F7D8401E1880491E59805A
:107A2000BDE8FC8101AA6946EEF726FF0128F7D1DF
:107A3000A18EBDF80400814204D1E18EBDF8002082
:107A40009142EDD0A086BDF800102046E186FCF7FB
:107A500057FEE5E7FCF754FEF8F76CF8F8F79FF8E7
:107A6000A18EB1420AD0E18EB14207D030B90022D6
:107A70001C212046F6F768FC0128D1D1F8F75AF806
:107A8000F8F799F8012801D00328C9D1A686E6861F
:107A9000C6E7BDE8FC41FCF733BE3846F6F74EFCBE
:107AA000A18E0568E08E0F468446B14201D0B042F7
:107AB00007D10020A086E086204603F0DFFA2046AA
:107AC000E7E7A38C8B4200DC0021E28C824200DCE1
:107AD0000020142D0ED0132D0ED0112D0ED0122DEE
:107AE0009ED1401C8B420DDC511E814208DD0021DD
:107AF000401C0EE0491EF5E7491CF3E7401EF1E784
:107B0000591E06E0002904DA10B1591E401E00E09B
:107B10000021824201DC501E02E0002800DA002031
:107B20008F4201D1844594D0A186E0862046FCF79F
:107B3000E7FD204603F0A2FA02B02046BDE8F0417E
:107B400000221C21F6F700BCB0AA04082DE9F04180
:107B50004A4E0C46307881F82C00012849D0022882
:107B600049D0042802D0082806D101E0012100E014
:107B700009212046FDF7B2FD42F2640529462A4656
:107B80002046FDF7A9FE2046F1F7CCFA074620462D
:107B9000FAF73CFD804601213846F1F7DBFE042070
:107BA000F9F7A0FB36A1606201603846616AF1F71F
:107BB000FFFD00231C2233493846FAF765F84FF4DD
:107BC00080413846FAF7ACF800231A462E49404661
:107BD000FAF75AF800214046FDF76AFE94F82C00A7
:107BE000012815D0022813D0042806D008281DD15A
:107BF00003E00021BDE70821BBE7B6F902202946D2
:107C00003846FDF769FE29464046FDF7F4FF09E0D6
:107C10002A46B6F902103846FDF75EFE2946404670
:107C2000FDF778FD01214046FDF768FDF6F7C4FF3A
:107C300010B13946F6F75AFF94F82C0010F00C0FEB
:107C400008D000214046FDF749FD03214046FDF7DD
:107C500019FE07E001214046FDF740FD03214046A3
:107C6000FDF71BFE80214046FAF75AF84046BDE872
:107C7000F0414FF48061FAF739BC0000B8010020F0
:107C800000000000B9D300089FE2000870B591F829
:107C90002C000C4610F00C0F4FF000060DD0002504
:107CA00008E0606A50F82500F9F7A8FB606A40F820
:107CB00025606D1C208DA842F3D894F82C00800715
:107CC0000DD0002508E0606A50F83500F9F796FB02
:107CD000606A40F835606D1C208DA842F3D8606A58
:107CE000F9F78CFB666270BD70B50C460A48FBF76D
:107CF00001F801280ED12046F6F7E4FA05462046A1
:107D0000F6F71EFB292D05D1418DBDE870400022FC
:107D100000F00AB870BD0000A4EE02080121FAF7D5
:107D2000FFBF0021FAF7FCBF2DE9F0470646408C63
:107D300091460C46C00447D4308DA04200D8441E62
:107D40003046FDF7CFFF3046FFF7E8FF05003BD098
:107D500096F82C004FF0000110F00C0F28461CD0B4
:107D60001522FCF707F807B22846FBF757F88046BC
:107D700000213046FBF7D3FD012804D007EB0800B3
:107D8000604301B204E0604207EB0801414309B2DD
:107D90004A462846FDF72EFC0DE01422FBF7EAFFC9
:107DA00007462846FBF720F83844604301B24A46AC
:107DB0002846FDF735FC3046FFF7B3FFA1B24FF47C
:107DC0008072F1F79BFC7485BDE8F0872DE9F343E1
:107DD000044690F8600083B00107049803D50A2890
:107DE00030D00D282ED00027CDE90007E9464946BE
:107DF0002046EFF77BF9012824D1DFF8CC80002161
:107E000004A8D8F8002090470646A16B20462546D6
:107E100039B100F0ABFA2D4909688847A96B88424F
:107E200010D2686B88B1007878B10297474604E0B9
:107E30003A6802A99047B04207D0686B0299415C4A
:107E40000029F5D105B0BDE8F08394F86000400743
:107E500002D5204601F0F0FFA06A38B1606AF8F759
:107E6000A2FB007810B92046FCF74AFC4A46616C38
:107E7000606AF8F79FFB204600F098F894F86000DD
:107E8000400714D5E06AE0F7E4F905464846E0F714
:107E9000E0F92918491CE06AF9F7FEFAE06288B1B6
:107EA0004A46616CE3F7AAFF2046E5F7D3F8616C18
:107EB0002046491C00F06AFA00221C212046F6F7F1
:107EC00043FABFE7FEE700005C02002070020020DA
:107ED000F8B50D00044609D094F86000400702D5BB
:107EE000204601F0A9FF606B18B900E0FEE7A06B27
:107EF00098B100202A4E2B4F009009E03268694665
:107F0000284690473968884701462046FFF75EFFBC
:107F10000098285C0028F1D1F8BD29462046EFF7EB
:107F2000E5F80128F8D1A06A38B1606AF8F73BFBA0
:107F3000007810B92046FCF7E3FB2A46616C606AC2
:107F4000F8F738FB204600F031F894F8600040075D
:107F500014D5E06AE0F77DF906462846E0F779F99E
:107F60003118491CE06AF9F797FAE062B0B12A4685
:107F7000616CE3F743FF2046E5F76CF80A492846B1
:107F8000666C096888473118204600F0FFF92046E2
:107F9000BDE8F84000221C21F6F7D6B9FEE7000044
:107FA0005C020020640200207002002070B50446CC
:107FB000406AF8F7FCFA4FF6FF75A84204D1606AF0
:107FC000F8F7F3FAA84209D02946606AF8F738FFB3
:107FD0002946606ABDE87040F8F72FBF70BD000009
:107FE00010B591F860000C4620F0040081F86000A4
:107FF0000020C862086340F2DC51A1876063A0637F
:1080000094F8541041F0010184F854100121616486
:1080100094F8541041F0020184F85410A4F8400080
:1080200094F8601021F00A0184F860106062A06288
:108030002046F8F71DF860626420FDF7AFFE0146A8
:10804000606AFDF7D8FD0CA1606AF8F797FE00237F
:108050001A460A49606AF9F717FE4FF48061204614
:10806000F9F75EFE0021204600F090F92046BDE8B9
:10807000104003F063BA0000000000003B7A0108E2
:1080800038B50446416C406A6A46F8F7A1F9002108
:108090002046FBF73BFF054600212046FBF703FF88
:1080A0000089BDF802106D1C08442844ADF8020098
:1080B000B4F84000ADF80000606AFAF702FFBDF9BD
:1080C000021088420ADD6946606AF8F783F80146C3
:1080D000204634F8405F00F059F9258038BD416CE6
:1080E000002902D0491E00F051B97047416C491C6B
:1080F00000F04CB938B50446416C406A6A46F8F75E
:1081000067F900212046FBF701FF054600212046C4
:10811000FBF7C9FE0189BDF802002944401A401C42
:10812000ADF80200B4F84000ADF800006946606A9E
:10813000F8F750F80146B4F84050204600F026F910
:10814000A4F8405038BD000038B50446406C002803
:108150003FD021A06946006800902046EEF7C6FF98
:10816000012836D1606AF8F71EFA616C05460122D3
:10817000491EE3F78BFD2946606AF8F7FFFD2046AC
:10818000FFF714FFA06A38B1606AF8F70CFA0078BC
:1081900010B92046FCF7B4FA94F8600040070ED5F9
:1081A000616C0122491EE06AE3F770FDE06AE0F7C6
:1081B00050F8411CE06AF9F76FF9E06250B1616C68
:1081C0002046491E00F0E2F800221C212046F6F766
:1081D000BBF838BDFEE700007F00000070B5456CBD
:1081E0000446691C00F0D2F8606CA84204D0204616
:1081F000BDE87040FFF7A8BF70BD70B5C86A0C46F7
:10820000002510B1F9F7FAF8E562206B10B1F9F723
:10821000F5F82563A06A002802D0F9F7EFF8A56207
:1082200070BD000070B50E463F48FAF763FD0128A7
:1082300078D13046F6F746F804463046F6F780F82F
:1082400005460E2C12D00D2C14D0012C60D0022C1F
:108250005ED0032C5CD0082C5AD0152C5DD0182C85
:1082600060D13046BDE87040E7F724BCBDE87040FF
:1082700003F064B93046F6F761F80168132910D0AD
:10828000142913D0112916D0122919D008291CD06D
:108290007F291FD0022922D0032922D00A2927D0E2
:1082A00031E02846BDE87040FFF720BF2846BDE812
:1082B0007040FFF714BF2846BDE87040FFF71ABFB3
:1082C0002846BDE87040FFF7DBBE2846BDE8704099
:1082D000FFF73ABF2846BDE87040FFF77FBF002197
:1082E00001E047F6FF712846BDE8704000F04EB847
:1082F000284600F01DF830B12846BDE87040002245
:108300001F21F6F721B82846BDE87040FFF75EBD93
:108310003046BDE8704006F01FB83046BDE87040FA
:10832000EAF78CBB70BD0000CCAA0408406C704713
:1083300090F86000C0F3C000704700001FB5016BEB
:1083400011B1084604B010BD0021FBF7ACFD0023BD
:1083500042F222026946F6F764F808B101A0F1E79B
:1083600001A0EFE7E280A2002A00000090F8601070
:10837000490702D4406AF8F716B9C06A704710F886
:10838000542F61F34102027070470000F8B50546B2
:10839000406C0C46A04267D0686AF8F704F933498C
:1083A00009688847002C00DA0444844203DCA4F501
:1083B000FE41FF3900D1044628466C64FDF792FC6B
:1083C00000212846FBF76FFD06466A462146686A8B
:1083D000F7F7FEFFB6F908402846FAF705FFBDF9A2
:1083E0000210884203DD01222846FDF719F92846CC
:1083F000FAF7FAFC06462846FAF7F6FEBDF902102F
:108400000A19101AB04206DD881B204401B201226D
:108410002846FDF705F92846FAF71AFEBDF90010BF
:10842000884203DD01222846FDF7E4F82846FAF7E2
:10843000F5FC06462846FAF70BFEBDF900100A19AE
:10844000101AB04206DD881B204401B201222846E2
:10845000FDF7D0F8BDF800102846A5F8401003F04D
:108460006DF8284601F09CFEF8BD00007002002067
:108470002DE9F041044690F860000D46C0F3C001BC
:10848000A9422DD065F3C30084F8600042F2D17890
:108490002DB147466420FDF781FC064604E06420C8
:1084A000FDF77CFC074600263946606AFDF7A3FB12
:1084B00000223146606AFDF756FB25B14146204651
:1084C000FDF728F904E0002204212046FCF79CFE79
:1084D0002046BDE8F04100231A461946FDF75FB873
:1084E000BDE8F081F8B50D00044606D0FFF75EFD4B
:1084F000606B47F6FF7618B900E0FEE7A06B10B39B
:1085000027A1606AF8F73AFC31462046FFF73EFFA4
:1085100094F8600041074FF0000001D5E16A08704F
:10852000204E214F009009E0326869462846904766
:108530003968884701462046FFF748FC0098285CC8
:108540000028F1D107E02946606AF8F717FC3146A8
:108550002046FFF71BFFA06A38B1606AF8F723F8DE
:10856000007810B92046FCF7CBF894F8600040077B
:108570000ED52846DFF76DFE411CE06AF8F78CFF48
:10858000E06260B12946DFF779FE2046E4F762FD3C
:108590002046BDE8F84000221C21F5F7D5BEFEE7D5
:1085A000000000005C0200206402002070B5044658
:1085B00000F081F805000AD02046054A0021FCF7AA
:1085C00052FE21462846BDE87040E4F7BBBB70BDB3
:1085D000FFFF0F0000B500F059F8002800D0014857
:1085E00000BD0000602B00202DE9FF47994607469B
:1085F0000C9E00F04BF8214D40B9002028704FF43C
:108600001270F8F76FFE1E490860E860F2F790FDFF
:10861000F2F7A6FD4FF00108B0F5A07F01DC0320C2
:1086200007E0F2F785FDF2F79BFDB0F5347F02DA43
:108630000220687001E085F80180124CA4F1280046
:10864000E760BDF804100187BDF808104187666136
:108650000D48A6612060C4E9076902F09FFF27B1B9
:108660003846F2F7BDFDA04202D10020FCF77AFEA9
:1086700085F8008004B00348BDE8F087EC000020D6
:108680001C020020602B002039CB02080248006841
:10869000002800D0012070471C02002008B500F01F
:1086A0000AF808B1006902E01120FDF767FB0090AD
:1086B000BDF8000008BD10B510B1FAF7CFFB01E01E
:1086C000F2F736FDBDE81040F2F78ABD10B504465A
:1086D00000F002F8001B10BD0349012248680A702F
:1086E0000B78002BFBD07047F401002003490022D7
:1086F0000A704A681044486070470000F401002086
:1087000010B50C4642F264010A462046FDF7E4F833
:1087100000231A4608492046F9F7B6FA8021204678
:10872000F9F7FEFA03212046FDF7ACF82046BDE834
:1087300010400321FDF7B1B8C9D802082DE9F04176
:108740000D460846FAF7FEFB064642F264010A4669
:108750002846FDF7C1F82846FDF7C4FA3046FAF777
:1087600043FB0E4C2189484307B23046FAF756FBCB
:10877000A1883A46484301B22846FDF76BF82178B4
:1087800085F82410D4E90102104304D13046BDE835
:10879000F041FDF76AB8BDE8F0810000BC0100209F
:1087A0002DE9F041074615460E460B48E2F784FFD7
:1087B000040010D0A7604FF0FF3026602061002039
:1087C0006061FFF789FFE56004496060012008717E
:1087D0002046BDE8F081FEE7842B00204402002003
:1087E00010B5044601460548E2F7DCFF04490120C4
:1087F000C8702046BDE81040F8F700BE842B00206A
:1088000044020020014840787047000044020020E4
:108810002DE9F047494CA07810B10120BDE8F08760
:108820000120A0702078002628B1FFF755FF5FEAED
:10883000000902D007E0A670EFE72069401C206124
:10884000642800D926613E4D4FEA060884F803806B
:1088500084F804803B48E2F70AFF286037E0394893
:10886000E2F717FF2E680746307DC0072ED18246FB
:10887000304600F078F888B93069B0F1000A01DDBF
:10888000401E3061FFF728FF7060B16821B1BAF176
:10889000000F01D0304688474FF0010AE07820B938
:1088A000306910B93046FFF79BFFBAF1000F0DD0C9
:1088B0002079E178084309D028680028C6D100BF94
:1088C0004FF0FF351F48E2F7D2FE11E02F60296814
:1088D0000029C4D1F4E7307DC00705D1304600F04F
:1088E00042F8A84200D2054631461648E2F7D1FECA
:1088F0000600F0D14846FFF7E9FEE1680844E06071
:10890000A068FFF7E3FEB0F5FA7F13D3E1686422B5
:108910005143B1FBF0F0C0B26070642801D900206F
:1089200001E0C0F1640060702646C4F80C80FFF7D7
:10893000D3FEB06084F8028028466FE7440200202E
:1089400018020020842B002001214161704710B5DE
:108950000446FFF7C1FE2168401A401E606010BD4A
:1089600000214161704710B504464068FFF7AEFE34
:108970002168814201D8002010BD081A10BD70B5D1
:108980000346083A0C4602F00300111AA00705D16D
:10899000A1F10C004FF6F572904201D3002070BD9A
:1089A0002078251F00F00300084320F0020040F06B
:1089B0000101216029461846E4F78DFB2846E4F7BB
:1089C000BFFB017902214160204670BD70B581076F
:1089D00001D0002070BD00238060C0E90303194668
:1089E00000EB810200EBC1145361002204EB82060C
:1089F000521CF063202AF9DB491C0A29F0DB70BD08
:108A000070B50C460546FFF7E1FF0646A4F23C525E
:108A100005F23C51FFF7B3FF304670BD2DE9F04140
:108A2000002611B3083905464E680C46F00700D001
:108A3000FEE70846E4F7DAFB2179284689070CD5DA
:108A40002768AFB13979C90713D03946E4F736FC46
:108A500021463846E4F724FB044621462846E4F73D
:108A6000DFFB01462846E4F736FB3046BDE8F081DF
:108A7000FEE7FEE700F23C50704770B50A46054637
:108A800004211046E3F72CFF044601462846E4F78C
:108A90005DFB014622462846BDE87040E4F7E6BB90
:108AA0002DE9F05F90460C0081464FF0000522D082
:108AB000B8F1000F1BD0A4F108052846E4F7CBFB62
:108AC00082466868042120F00307DAF8040020F0E9
:108AD0000300384400F1040B4046E3F701FF06466B
:108AE000B84500D966B12879C0070CD0FEE74846E2
:108AF000FFF794FF44E01146FFF7BFFF05463FE054
:108B00000020BDE8F09FBE4216D99AF80400C007C5
:108B100001D05E4510D941464846FFF7AEFF05003B
:108B20002ED04046474500D307463A4621462846C0
:108B3000F8F7DAFC2146DAE7BE4206D9294648466C
:108B4000E4F76EFB2846E4F75EFB28794F46C00742
:108B500000D0FEE731462846E4F7B3FA78B1314653
:108B60002846E4F7BCFB0146406820F0020048605C
:108B70003846E4F755FB01463846E4F7ACFA25469B
:108B80002846BEE770B5164601B90D49001F0D46CF
:108B90000DE000BF10F0010F0FD0002220F0030104
:108BA00004F108003346A8472046E4F754FB0400CC
:108BB00002D060688108EDD170BD0122EEE70000AF
:108BC00089E700085A3000B200F004B85A3000B209
:108BD000AFF300804FF4B47190FBF1F201FB12008F
:108BE000002802DA00F5B47000B20E495A2802DA01
:108BF00031F910007047A0F15A025A2A03D2C0F18D
:108C0000B40000B2F4E7A0F1B4025A2A01D210B2C3
:108C100002E0C0F5B47000B231F81000404200B27A
:108C200070470000F8A704082DE9FF4F83B05FEA02
:108C30000009119F7BD099F80000002877D0049894
:108C4000002871D01098800702D541F6FF70069079
:108C500000243F4A009401945268A34625462646C4
:108C60004FF0FF3869464846904782460098019089
:108C700050E0374A01A94846526890478346109809
:108C8000761CC00704D051461298E3F7E1F898BB70
:108C90005A4651460498F5F76BFC00B229180DB2FC
:108CA000002802DD0598284405B2B8F1FF3F05D140
:108CB0000598291A0698814200DDA0465046BAF16F
:108CC0000A0F1AD0BAF10D0F17D00146A0F59C403B
:108CD00045F2A512904210D9002005E01DA2125CB9
:108CE0008A420AD0401CC0B21AA2125C002AF5D1F6
:108CF00017B1B8F1FF3F08D008E024B9B8F1FF3F41
:108D000001D107B13D60761E08E03D60DDE900401D
:108D1000DA46009019F804000028AAD1B8F1FF3F04
:108D200006D0139870B1404607B0BDE8F08F0CE054
:108D30002EB1BAF10D0F03D1BBF10A0F00D1009C87
:108D40002046F1E70FB1002038600020ECE700007A
:108D500058020020202C2E3B3A2D5F002DE9FF4FBA
:108D600083B004464FF00000DDF848A0DDF84090E5
:108D7000208093460F00608049D0BBF1000F46D0A1
:108D80005FEA8A7002D541F6FF7011900025A8466F
:108D9000BBF8086025E00020CDE9000A78190290B0
:108DA0005946119B069AE2F7A9FF8044B4F90200E4
:108DB00006EB09010144B1F5004F28D23044484484
:108DC0006080A8EB0501CDF800A05A46069B0298EA
:108DD00000F022F8B4F90010814200DB0846208040
:108DE0004546785D0028D6D15DB1781910F8010CA0
:108DF0000A2801D00D2804D1618806EB0900084437
:108E00006080B4F9020028B1A0EB0900608007B0CF
:108E1000BDE8F08F6680FAE72DE9FF471E46DDF8D2
:108E2000309090460D4607000CD0B8F1000F09D0E5
:108E30003878002807D00020044602908DF80C00F6
:108E4000EDB923E0002004B0BDE8F08702AB01AA31
:108E500069463846E2F73AFF5FEAC97004D003A8D2
:108E60000099E2F7F5FF50B9DDE900124046F5F749
:108E70007FFB00B2002802DD2044304404B2029897
:108E8000A842E3D3002C01DDA01B04B22046DAE7A0
:108E900010B50146802825D3002301F03F0242F09F
:108EA0008002B1F5006F0AD2C0F3841141F0C00115
:108EB00061F3070062F30F2063F3174010E0C1F382
:108EC000851444F08004B1F5803F0CD2C0F3033127
:108ED00041F0E00161F3070064F30F2062F31740F3
:108EE00063F31F6010BDB1F5881F10D2C1F3824338
:108EF00043F0F003C1F3053163F3070041F0800153
:108F000061F30F2064F3174062F31F6010BD00206F
:108F100010BD00002DE9F04100240F46064625460D
:108F2000DFF8248007E0D8F800103019884700B92E
:108F3000012004446D1CBD4202D2305D0028F2D1F4
:108F40002046BDE8F081000058020020F8B5074631
:108F500000200D460446064E009004E07268694603
:108F600038469047641C0098A842F7D32046F8BDC5
:108F700058020020F8B500240546074E009404E08E
:108F80007268694628469047641C0098285C00284F
:108F9000F6D12046F8BD00005802002078B5002523
:108FA0000446009501B969460A68A05C030601D42D
:108FB000054634E006260223B6EB501F06D1C00654
:108FC000400D24E004F03F031D1828E00E26B6EB08
:108FD000101F02D10007000C0FE01E26B6EBD00FC9
:108FE0001DD1521C0A604007A55CC00AB3EB951F57
:108FF00013D105F03F0500EB0530521C0A60A55C5B
:10900000B3EB951F09D105F03F0500EB8510521C0D
:109010000A60A45CB3EB941FD4D0002078BD521C2E
:1090200028460A6078BD0000F8B5074608680025A4
:10903000401E0C460D4E086001E0042D13D220683E
:1090400031683844884718B9216861B1491E2160E8
:109050006D1CEDB20028F0D020680090726869465F
:1090600038469047F8BD0020F8BD000058020020A7
:109070000078010601D4012070470621B1EB501F92
:1090800001D1022070470E21B1EB101F01D1032046
:1090900070471E21B1EBD00F01D104207047002092
:1090A0007047000008B5009313460A46014602487F
:1090B000E3F7ECF908BD000035C1000870B50D46B6
:1090C0000846F9F73FFF0646F9F7FBFE044630462F
:1090D000FBF717F8014622462846FCF7FDFB012165
:1090E0002846FCF7FBFA2846F9F790FA04461048A0
:1090F00042F264063146B0F900202046FCF7ECFB52
:1091000000212046FCF7EAFA02231A4600212046F5
:10911000FCF7C8FA2846F9F779FA04460121FCF76A
:10912000EDFA31462046BDE87040FCF764BD000012
:10913000C801002008B5DFF719FEE1F768FB002041
:1091400080F31088E1F7C0F8E1F776F9E1F7BCF9B0
:10915000E1F796F9E1F728F9E1F794F85F48E0F7CD
:10916000ADFDDFF7F7F85EA0E1F7ACFC6648E1F78C
:10917000A9FC0C2165A0E1F7A5FC6348E1F7A2FC7E
:10918000EEF712F8F6F7A2FDFCF7CEFE05F02CF88C
:10919000634C4FF4FA7500BFEDF768FB01280AD164
:1091A000EEF722F85FA0E1F78DFC4FF47A70DFF75D
:1091B00009FCDFF76BFEDFF7CBFDA168401A05283D
:1091C00004D9DFF7C5FDA060FFF722FBDFF7C0FD84
:1091D0006168401AA84226D9DFF7BAFD6060002214
:1091E0004F495448E0F7DFF94D48817800914378C2
:1091F000027851A15348E1F775FC494900220C312E
:109200004C48E0F7A9F946480C3081780091437842
:10921000C2784C484CA10F30E1F764FC494901F198
:109220000F0005F009F8DFF7B3F83D48103004F0FF
:1092300095FF10B9206905F02FF83948143004F073
:10924000C5FF10B9606905F069F83548183004F0B9
:1092500093FF10B9A06905F02DF831481C3004F0D7
:109260006FFF10B9E06904F0F9FF2D48203004F0D9
:109270009FFF10B9206A05F037F82948243004F020
:1092800051FF80B9606A0022010C8DF80310010AB9
:109290008DF801108DF8020069462648E0F754FA6F
:1092A00008B172B6FEE71E48283004F073FF0028AC
:1092B0007FF472AFA06A0022010E8DF80010010C3D
:1092C0008DF80110000A8DF8020069461948E0F790
:1092D0009DFA00283FF460AF72B6FEE774030020E9
:1092E000202020202020202020202020202020207E
:1092F000202020204361722041505020207561724F
:1093000074310D0A000000001C5C0508666C617376
:1093100068206366672073697A653A25640D0A00E0
:109320000000002052657374617274696E672E2E9E
:109330002E0D0A00080300202532753A2532753AB1
:1093400025327500C002002032302532752D2532BD
:10935000752D2532750000002DE9F0414FF4807421
:109360000E4607462246F0F7BDF905462146384627
:10937000EFF7B6FE002D06D0224631463846BDE84E
:10938000F041F0F7BBB9BDE8F08100002DE9FF4FD7
:109390001D468A880B888BB0D21A521C17B2CA8815
:1093A00049880446511A491C1C98DDF868A00FFA38
:1093B00081F9012805D0022805D003284DD14F4856
:1093C00002E04F4800E04F4880465FEA0A002088EC
:1093D000ADF804002888ADF8080005D09AF8000020
:1093E000FD283DD319983EE0DDE901104346199A66
:1093F0009847009000202DE0002621E0BDF80800ED
:1094000035F81610884205D1BDF8040034F816105E
:1094100088420FD004EB460043460088ADF80400B4
:1094200005EB4600199A0088ADF80800DDE9011047
:109430009847009004EB4600BDF800100180761CB0
:10944000BE42DBDB0D9804EB4004189805EB4005A9
:109450000AF1010082464845CEDB0FB0BDE8F08F2F
:1094600019994843000A02460090DDE9011043467D
:109470009847099000203DE000262FE01AF80600EA
:1094800058B3FD2801D3199802E019994843000AFE
:10949000BDF8081035F81620914208D1BDF8041027
:1094A00034F81620914202D10099814210D004EB89
:1094B000460102460988ADF8041005EB4601434613
:1094C0000988ADF808100090DDE90110984709906F
:1094D00004EB4600BDF824100180761CBE42CDDBB3
:1094E0000D9804EB4004189805EB40051B98824446
:1094F0000BF1010083464845BEDBAEE79BE1000867
:1095000013E1000817E200082DE9FF4F06468A889C
:1095100008888BB0101A401C07B2CA884888DDE959
:1095200019BA101A401C0FFA80F85FEA0A001D46AB
:10953000584605D0FD287CD9A7F1040B002027E16F
:10954000FD2813D300247F000BE03A46294630461D
:10955000F7F7CAFF0D98641C06EB4006189805EB58
:1095600040054445F1DB0FB0BDE8F08F002021E05D
:10957000002415E006EB440A5A46BAF80000ADF89C
:10958000180005EB44000088ADF81400DDE9050182
:10959000F1F736F90590BDF81410AAF80010641C14
:1095A000BC42E7DB0D9806EB4006189805EB40053A
:1095B00009F1010081464045DADBD4E7D1460024B9
:1095C0001CE000BF99F80020AAB1FF2A06EB440076
:1095D0001AD009900088ADF8200005EB44000088FF
:1095E000ADF81C00DDE90701F1F70AF90690BDF8B6
:1095F00018100998018009F10109641CBC427CDA49
:109600005FEA8970DED178E005EB44010988F1E773
:10961000D9F80000F0B3401C74D099F80020BAB11A
:10962000FF2A06EB44007AD009900088ADF82000AC
:1096300000E0B6E005EB44000088ADF81C00DDE971
:109640000701F1F7DDF80690BDF8181009980180C0
:1096500009F10100059099F80120AAB1FF2A06EB53
:10966000440060D009904088ADF8200005EB44002C
:109670004088ADF81C00DDE90701F1F7C1F806905C
:10968000BDF81810099841800598401C0590027893
:10969000BAB100E02EE0FF2A06EB440047D0099063
:1096A0008088ADF8200005EB44008088ADF81C00F0
:1096B000DDE90701F1F7A4F80690BDF81810099844
:1096C000818005984278AAB1FF2A06EB440032D087
:1096D0000590C088ADF8200005EB4400C088ADF8C7
:1096E0001C00DDE90701F1F78BF80690BDF81810B2
:1096F0000598C18009F10409241D5C4588DB3BE025
:1097000000E00CE005EB440006EB440102880A800F
:1097100042884A8082888A80C088C880EAE705EB50
:109720004401098893E705EB44014988ABE705EB61
:1097300044018988C4E705EB4401C988D9E700BF23
:1097400099F80020AAB1FF2A06EB440025D0099021
:109750000088ADF8200005EB44000088ADF81C003F
:10976000DDE90701F1F74CF80690BDF818100998EB
:10977000018009F10109641CBC42E1DB0D981B99D1
:1097800006EB400618988A4405EB40050198401CFA
:1097900001904045FFF612AFE5E605EB440109886C
:1097A000E6E700202DE000241FE000BF1AF80400C7
:1097B000D0B1FD2801D35A4602E000FB0BF0020AAB
:1097C00006EB440003900088ADF8180005EB440058
:1097D0000088ADF81400DDE90501F1F711F80590F6
:1097E0000398BDF814100180641CBC42DEDB0D98A8
:1097F0001B9906EB400618988A4405EB400509F1D1
:10980000010081464045CEDBADE600002DE9FF4F6B
:1098100085B09A460C46DDF850B0E2F7EDF90390BA
:10982000A0882188401A401C06B2E0886188401A4E
:10983000401C0FFA80F8BBF1000F01D000204BE074
:1098400000271DE0002515E0139802900AEB450063
:10985000079A0088ADF804006088384400B2009090
:1098600020880599284403B203980068D0F81CC0EA
:10987000E0476D1CB542E7DB12997F1C0AEB410AF9
:109880004745DFDB09B0BDE8F08F00251BE000BFD6
:109890001BF80500B0B113994843000A02900AEB87
:1098A0004500079A0088ADF80400618801EB0900C3
:1098B00000B2009020880599284403B203980068FC
:1098C000C769B8476D1CB542E2DB159909F1010083
:1098D0008B4412990AEB410A81464045D5DBD1E71A
:1098E00070B515460E460446802805D2E1170020C3
:1098F00004EB9171891006E004F04AF8411FCC4056
:1099000084F02001801F3060296070BDFD2902D2E3
:10991000022901D800207047484300EBC01101EB39
:10992000C030C0F3C75070472DE9F041F4F708FD8F
:109930000746F9F707FB0646F9F704FB0546F0F77B
:10994000A3F8046800213046F9F7EAF9B84244F375
:10995000074008D1012801D0401E07E00C2060F329
:109960001744601E1FE00C2819D0401C60F31744F8
:1099700044F30747A1B20C463A462846F0F786F86A
:1099800001213046F9F7CCF90849224601EB87015D
:1099900051F8043CBDE8F04105A1F7F726BA0120D3
:1099A00060F31744601C60F30F04E1E72801002016
:1099B000256420257300000070B50546F4F7C0FC4F
:1099C00004462846F4F7BEFC05462046F4F748FA5C
:1099D00004462846F0F758F80088641C62B262F327
:1099E000174081B22846BDE87040F0F74FB800003C
:1099F00070B50D4600212846FAF7E8FF00212846F9
:109A0000FBF76CFE0023022219462846FBF74AFEAC
:109A10002846EFF735FB0646002228A1FCF756F84A
:109A200042F264013046FBF775FE3046FCF75AF906
:109A30003046F9F746FA044601463046FCF7DBF8B3
:109A4000002307221E493046F8F71EF9042130464C
:109A5000F8F74CFD2846F6F70BFB06460321F7F70F
:109A600051F9002202213046FCF79BF801213046D3
:109A7000FBF744FE2846EFF703FB0646002211A140
:109A8000FCF724F8224611463046FBF725FF002359
:109A900007220B493046F8F7F7F804213046F8F76B
:109AA00025FD00231C2208492846F8F7EDF8284632
:109AB000BDE8704000221C21F4F746BCEF81930002
:109AC00029990208EF819400D9E402082DE9F041B8
:109AD0000F460846F9F736FA044600213846FAF7E9
:109AE00075FF00213846FBF7F9FD3846F4F70EF90B
:109AF000164D06466968F4F740FB23461C221449BC
:109B00003046F8F7C1F801213046FBF7F7FD38463B
:109B1000F4F7FCF806462968F4F72FFB23461C22CD
:109B20000C493046F8F7B0F801213046FBF7E6FD66
:109B300000231C2208493846F8F7A6F83846BDE845
:109B4000F04100221C21F4F7FFBB00005801002067
:109B500053E60208B99902081DE5020870B5094DDF
:109B600004466868002808D044B12046ECF7E4FABF
:109B7000A9682044884200D3002070BD02480068D4
:109B800070BD0000B400002024020020002902D093
:109B90000068091D42507047002901D000684250FA
:109BA000704700002DE9F041044600222121F4F71E
:109BB000CBFB00287ED0608C40F48050608401E0B4
:109BC000FFF7F0FF00212046F9F7AAF80028F7D1A7
:109BD0002046F9F771F906460020F5F7B1FF054672
:109BE00000271CE0A86AA04202D0E86AA04203D184
:109BF00021462846F5F7F4FF686BA04200D16F6359
:109C0000686DB04207D1F5F7A5FFA04203D1214608
:109C10002846F5F7E5FF2846F5F792FF0546002DA3
:109C2000E0D12046E1F7F2FD6068042600282046D6
:109C300002D0F9F74CF92AE0F9F710F905460020AF
:109C4000EA68696A05E000BF52F82030A3420AD0F2
:109C5000401C8142F8D806E0E96806EB80028A5889
:109C600041F82020401C696A491E8142F4D8686A84
:109C7000401E81006862E868F7F70EFCE8601DE0AE
:109C8000096806EB80028A5841F82020401C616870
:109C900089684A68521E8242F2D8606880684068CB
:109CA000401E486061688200896808681146F7F7BD
:109CB000F3FB00E007E06168896808602046BDE8C2
:109CC000F041F7F79BBBBDE8F081C9B20022FBF77A
:109CD0004FBFF0B50027DDE905458E1A012B05DCE5
:109CE00003280CD004280AD0052808D0891A09B204
:109CF00006282AD2DFE800F0290A0320140E2F805C
:109D0000208806EBD67100EB61001CE02F802088D4
:109D1000304418E05B1E18B291FBF0F02880F0BDD3
:109D200091FBF3F02988084400B22880218800EBD9
:109D3000D07001EB600006E05B1C18B291FBF0F004
:109D40002880218808442080F0BD2F80F0BD2DE9B7
:109D5000F05F05460C46501E53B12188A1EB62010D
:109D600021800844A080E88A6080688BE08009E058
:109D70006188A1EB620161800844E080A88A2080AC
:109D8000288BA0804FF4403631462846F9F738FF3B
:109D9000814631462846F9F77BFF82463146284600
:109DA000F9F7D0FF804631462846F9F7C9FE8346C9
:109DB00031462846FAF7C2F8074631462846FAF7F0
:109DC000B1F80146208809EB0702801A2080A0889C
:109DD0000AEB07021044A080608808EB0102801A99
:109DE0006080E08859440844E080BDE8F09F70B589
:109DF0000446ECF750FC05001DD0F9F762F8064662
:109E00002046F8F7F1FF864215DD00212846FAF7D3
:109E10003EF8068900212846FAF760F8E18E3044C2
:109E2000414309B20022606AFBF7FAFB606ABDE8B1
:109E30007040FAF765BC70BD2DE9F047064690F812
:109E4000600040072FD5706AF6F7ADFB1749096827
:109E50008847040027D03046FEF770FA8146DEF7C7
:109E6000F8F9074604FB07F0401CF7F769FA80464B
:109E7000002506E005FB07803A464946F7F734FB24
:109E80006D1CA542F6D37D43002108F8051041461C
:109E9000706AF6F773FF4046F7F79EFA3046BDE862
:109EA000F04700F07DB9BDE8F087000070020020A7
:109EB00070470068FFF7C0BF2DE9F04F544E0546CC
:109EC00089B070680168CC6BC968896821600168D5
:109ED00009698A0701D4C90723D0F1F787F9401E21
:109EE00007B27068F1F73CF9401E03B20022114638
:109EF00001A80097EEF7D7FE01A9616070680068BD
:109F0000027CC068920705D5826942F00202826134
:109F1000A16076E08169826961F341028261A56096
:109F20006FE0A9882A88891A491C0FFA81F9E98803
:109F30006A88891A491C0FFA81F8F1F757F9014626
:109F4000B5F90600814203DC7068F1F74FF9401E55
:109F500007B242464946B2467068ECF70FFC8146AC
:109F60000026B5F902000DF10C0B28E02A88ADF8A7
:109F70000C20AA88ADF81020ADF80E00ADF8121034
:109F8000C4F804B0C4F808B0DAF804000168C9687D
:109F900089682160BDF91210B94201DDADF8127077
:109FA000BDF91260B74205D10068C068816941F00F
:109FB00002018161204600F02DF80FFA88F000EBD5
:109FC0000908A8F10101B942D0DDB7421CD02988A7
:109FD000ADF80C10A988ADF81010ADF80E00ADF872
:109FE0001270C4F804B0C4F808B0DAF804000168CC
:109FF000C968896821600068C068816941F0020110
:10A000008161204600F006F809B0BDE8F08F00003D
:10A01000A40000202DE9F041604C074694B0606830
:10A02000F1F79AF8F968054609B13846884760683B
:10A030000068B0F90010B0F902004143E8688142BD
:10A0400001D1012000E00020296859B1696831B1CF
:10A0500028B907E060680068816A01B1884728690B
:10A060000028F7D100256068F1F7AAF87A68014660
:10A070001046FBF797FF06466068416919B178689A
:10A08000FBF790FF054656EA050052D16068F1F7EC
:10A09000ADF8401E0FFA80F86068F1F761F8401ED5
:10A0A00003B20022114611A8CDF80080EEF7FBFDA7
:10A0B000386BB0B103A8F2F79FFB606811AAC16AC0
:10A0C000079190F829108DF82610418DADF81010E9
:10A0D00090F829008DF80F003B6B03A9384698478C
:10A0E00027E06068C16AA1B108466946F5F7A4F99E
:10A0F00001281ED103A8F1F7F5FA606811AA90F8BB
:10A1000029108DF81710C36A03A93846F1F7B6FA7B
:10A110000FE003A8F2F770FB6068418DADF81010F6
:10A1200090F829008DF80F0003A938467A68F2F7F5
:10A130004FFB606890F82810C9070CD006B9066973
:10A140003846314600F0D8FA6068406990B105B9E8
:10A15000054629460BE0406928B105B90546294660
:10A16000384600F0C9FA0EB96068066931463846CB
:10A1700000F0C2FA6068F1F711F80146384600F0C5
:10A18000BBFA6068F1F702F80146384600F0B4FA0D
:10A19000606814B0BDE8F041E5F790BAA400002073
:10A1A0002DE9F04F89B004460021F9F77CFE0590B7
:10A1B00000212046F9F7AAFE0790606C0690606ABD
:10A1C000F6F7F1F9724A8246069912689047DFF86D
:10A1D000C4B106460AEB0600DBF8002081460021E8
:10A1E0009047054605982F46B0F908803846EDF7A8
:10A1F00009FA00B12027002239460598F4F7B8F98A
:10A2000007B202AA606A0699F6F7E2F8606AF6F702
:10A21000CAF902460021606AF8F7A0F8616ABDF940
:10A220000820B1F91430B1F918101A443A448A429E
:10A2300027DD94F86010090723D4032821D00020DB
:10A24000ADF808000798BDF80A2040441044ADF866
:10A250000A005DB150494846096888470644DBF862
:10A2600000200AEB06000021904705462846EDF73E
:10A27000C9F900B12025002229460598F4F778F99C
:10A2800007B24FF4E02B204659462665F9F798FBB4
:10A29000054659462046F9F767FD00EB050A2046BA
:10A2A00011225946F9F766FD00EB0509594620468B
:10A2B000F9F7B8FC4619204613225946F9F75AFD1A
:10A2C000BDF808302844991BBDF80A20ADF80C10E1
:10A2D00018447F1EA2EB0A013844ADF80E10ADF809
:10A2E000100002EB0901A8F101000844ADF81200CA
:10A2F00004F148010D466846EEF774FC606ABDF84B
:10A300000010828A1144ADF80010BDF80210C08A16
:10A310000844ADF80200606ABDF80410808A084461
:10A32000ADF80400606ABDF80610C08A0844ADF8B4
:10A33000060069462046FAF706FA03A92846EEF712
:10A3400051FC29466846EEF74DFC606ABDF80010E6
:10A35000828A1144ADF80010BDF80210C08A08448A
:10A36000ADF80200606ABDF80410808A0844ADF8B8
:10A370000400606ABDF80610C08A0844ADF8060003
:10A3800069462046FAF7DFF909B0BDE8F08F000012
:10A39000600200205C020020580200202DE9F041FC
:10A3A0002B4C002020606068B0F85051002D4DD03B
:10A3B000002703E0411991F83011D1B16D1EF9D594
:10A3C0000068416B01B1884760680168C9688A69A3
:10A3D00022F001028A610168C9688A6922F00202DA
:10A3E0008A6190F82810002641F0040180F82810B6
:10A3F00022E02F46E4E7811991F83011D9B9BE4225
:10A4000005D10168C9688A6942F001028A61016860
:10A41000C9688A6922F002028A6100EBC600303006
:10A42000FFF74AFD606800EBC6003030EEF7F5FB41
:10A43000216808442060761C6068B0F85011B14271
:10A44000D9DC10F8281F21F004010170BDE8F0816B
:10A45000A40000202DE9F0410446ECF7FFFF204660
:10A46000F9F74FFE054600212046F9F734FA281A7D
:10A4700000EBD07040F34F0694F83C0000F003016D
:10A480006420012903D0022904D0A08C0AE094F8AA
:10A49000261001E094F827104FF4B4725143B1FB39
:10A4A000F0F080B200B20746FEF794FB7043C11390
:10A4B00021853846FEF786FB228D05EBD57170436A
:10A4C000C01302EB6102228500EB6100608520462B
:10A4D000BDE8F041ECF7C2BF2DE9F04F0C468246D3
:10A4E0008BB001212046F9F755FE00287ED1204689
:10A4F000E1F7A0F9050027D0204600216122F9F7F5
:10A5000039FC00F0FF09B9F1020F6FD36B462A4600
:10A5100021465046EDF7E1FA012867D101270022D4
:10A5200004F114016846E0F70DFCA8B100208DF895
:10A530002000CDF824D008AA12212046F3F704FF0A
:10A540009DF8200038B107E00BB021465046BDE829
:10A55000F04FFAF7C6BA0027012D01D147F00207E4
:10A560003A4669465046F1F7A7FB05003ED0204623
:10A5700000216F22F9F7FEFB00B260F30F06804660
:10A58000204600217022F9F7F5FB01B2C8F34130F3
:10A59000642261F31F464FF4FA634FF47A7B01287B
:10A5A00017D128F4C040984213DCB4F818C0B4F8AE
:10A5B00014805845ACEB080C0CF1010C0FFA8CFC24
:10A5C00001DDC0F57A700CFB00FC9CFBF2F060F33F
:10A5D0000F06C1F34130012813D121F4C040984245
:10A5E0000FDC618BE38AC91A491C00E07EE009B2E6
:10A5F000584501DDC0F57A70414391FBF2F060F3FC
:10A600001F4602A8F1F76EF88DF81390204600213E
:10A610006E22F9F7AFFB00B2ADF80800B0F5616F3C
:10A6200002DDA0F5616003E0002803DA00F5616057
:10A63000ADF80800204600216D22F9F79BFBADF82C
:10A640000A00204600216822F9F794FB8DF81400D7
:10A65000284840680068007CC0F3C0008DF81C00EA
:10A66000B8070ED5D5E90001C5E902016889698AF4
:10A670000844401E01B2E981B5F90600814200DDBF
:10A68000E881B5F90A00BDF9061088422ADCB8074E
:10A6900005D53B462A4651462046EDF7EBF92146C3
:10A6A0005046FAF71EFAA08A02AA8119DAF80400C5
:10A6B0000088081AADF80C00E08A00EB2641DAF8B1
:10A6C00004004088081AADF80E0029465046F1F7FC
:10A6D000EEFAB80706D5E889401C6881698A084403
:10A6E000401ECDE729465046F1F717FB0BB0BDE8F9
:10A6F000F08F0000A40000202DE9F0470C008146F7
:10A7000005D11B484068F0F75BFD04002AD02146C4
:10A710004846FFF7E1FE1FE00027F8F713FB064667
:10A72000002508E0A068006850F82510E7B1484609
:10A73000FFF7D2FE6D1CB542F4D34A4617212046DE
:10A74000F3F702FE4A4618212046F3F7FDFD4A467C
:10A7500019212046F3F7F8FDA0464046F8F7F2FB32
:10A760000400D9D1BDE8F0874145E3D10127E1E7F5
:10A77000A40000202DE9F04792B088460646EBF78A
:10A7800091FF05006BD0F5F70EFF02460021284629
:10A79000F7F7E4FD012838D0022802D0032819D1A8
:10A7A0000CE03046F8F73AFB04462846F9F7A9FCD6
:10A7B000201A00EBD07040F34F0108E03046F8F764
:10A7C0002DFB04462846F9F79CFC201A01B22846C6
:10A7D000FBF727FA00213046F9F75FFB044600211A
:10A7E0003046F9F787FB8246B4F908703046F8F72F
:10A7F000FBFA8146304600216522F9F7BBFA84B2A4
:10A80000B8F1000F03D014B104E00021DFE73046B7
:10A81000ECF729FCF18C07EB0A00484309EBD971EE
:10A82000491007EBD772A1EB6201081A06B2B8F122
:10A83000000F17D0B4B16846EDF7F8FB0F48CDE92B
:10A8400000502846F9F77FFC0B940890CDE90906E3
:10A850000B4803900B4807906846EDF75BFC12B07D
:10A86000BDE8F08705492846EDF798FB12B0314660
:10A870002846BDE8F047FBF7EAB9000037B2020806
:10A88000E5AD0208938001082DE9F04F0C464FF426
:10A89000A02689B005463146F9F7BEF90790314642
:10A8A0002846F9F701FA834631462846F9F756FA61
:10A8B000824631462846F9F74FF981463146284607
:10A8C000F9F700FB069031462846F9F719FB804658
:10A8D00031462846F9F7E4FA059031462846F9F75B
:10A8E000B7F8074631462846F9F7ACF806461CE0AB
:10A8F000079BCDF808B0CDE90083CDE903A9DDE9D8
:10A900000523A1B22846ECF7E7F8B04201DA014688
:10A9100000E03146B94201DA384602E0B04200DBDD
:10A920003046E96A21F81400641CE88CA042DFD8A4
:10A930002846FAF7A9FB09B02846BDE8F04FF9F719
:10A94000DFBE00002DE9F04F464C8DB06068016815
:10A950000A7CD2077ED0C968496800297FD000F5FB
:10A96000AC70E0F716FF002879D160680168CA680A
:10A9700093680C9311688B4200D151688946F0F7B7
:10A98000EFFB0B90202103A8DDF758FC0025A04623
:10A990003CE0411991F83011B9BB00F5AC70E0F71B
:10A9A00066FE0646A0462EE0D8F80400314644462E
:10A9B00000F5AC70E0F76DFE83466068314600EB51
:10A9C000C50203A83032E0F7F7F80746401C19D05B
:10A9D00000240DF10C0A09E0E0F78CFE0AEBC4013B
:10A9E000641C0A6802604968416064B2D8F80400D7
:10A9F000BC42314600F5AC70EEDBE0F7D3FE3046EA
:10AA0000F6F7FCFC5E46002ECED16D1CD8F8040093
:10AA10004446B0F85011A942BBD8254600F5AC70A9
:10AA2000E0F725FE12E00B98CDF80090CDE9010487
:10AA30006868DDE90B2100682346C06B866BB04770
:10AA40006868214600F5AC70E0F723FE0400EAD107
:10AA5000686800E003E000F5AC70E0F7F2FD0DB0CF
:10AA6000BDE8F08FA40000202DE9F0410746F8F77B
:10AA700069F90546002412E0B868006850F82460BF
:10AA80003046F9F73DFE00222A213046F3F75CFC00
:10AA90003046F9F735FE3046FFF7E6FF641CAC425E
:10AAA000EAD3BDE8F08100002DE9FE4F0446EBF744
:10AAB000F9FD060009D0F5F73DF88046F5F77BF87B
:10AAC000042805D0022803D012E00120BDE8FE8F43
:10AAD000E28C2146228504280AD10846F8F7ECF9D1
:10AAE0000546F4F76FF818B100212846F4F7D8F8B6
:10AAF0004046F5F760F8012804D04046F5F75BF8CA
:10AB0000032863D1A06A800331D4002569464046FA
:10AB1000F5F726F8BDF80200F18A401AADF80200F8
:10AB2000BDF80000B18A401AADF800006946304611
:10AB3000F5F750FB07463046F5F735FD8246002015
:10AB400080460646DFF8949001900DE0D9F8002089
:10AB500001A9504690470A2803D1B84501D06D1C81
:10AB60002DB2DDF80480761CBE42EFD327E0002131
:10AB70002046F9F792F9054600212046F9F7BAF97F
:10AB80002989B4F91A200844B4F9161007B2501AEA
:10AB900000EBD07001EB600005B20C214046F5F7E8
:10ABA00070F8F18A084400B2281A90FBF7F00028E8
:10ABB00000DA0020A18C814200DC481E05B2002D85
:10ABC00004DBA9B201222046FBF71FFCE08C0290B7
:10ABD00002AA1C212046F3F7B7FB77E75C020020AE
:10ABE00070B5D1E90245D5B1D4B1E560AC6000EBF8
:10ABF000C21505EB8305EE6B8E420FD1EC638442E8
:10AC00000CD100EB820501216C6901FA03F39C432E
:10AC10006C6103D1036991408B43036170BDFEE712
:10AC2000FEE72DE9F0410C46498C06460020C1F3B1
:10AC300005110EE026B1E26852F83020B24207D189
:10AC40004FF6FF724FF470212046FAF735FA02E012
:10AC5000401C8142EED82046F8F774F807460025DC
:10AC600007E0A068006850F825103046FFF7D9FFCC
:10AC70006D1CBD42F5D3BDE8F0812DE9FF5F98461C
:10AC8000DDE90E54DDE911A6DDE9149BE0F7B4FF20
:10AC900000683146876B4846F6F726FD00200346DC
:10ACA00030E010990AFB00F2414305EB212104EB4F
:10ACB000222209124FEA222209D4DDF804C061459C
:10ACC00005DA002A03DBDDF808C0624502DB09F87B
:10ACD00000300AE002FB0811DDF800C0139A0CEB0B
:10ACE000410102EB400209881180BBF1060F07D138
:10ACF0001399BAB231F81010914201D109F800301D
:10AD0000401C00B2B042CCDBBDE8FF9F70B50546E9
:10AD10000068F8F7A3F80446006900222721F3F73A
:10AD200013FB002228216069F3F70EFB606928B14C
:10AD300094F82810890701D5F7F774FC00206061AA
:10AD400014F8281F002221F0010104F818196021CD
:10AD5000A0602868FAF758FA2068BDE87040F9F753
:10AD6000CFBC70B504460068F8F778F80546FBF7E5
:10AD70007AFB686123682B61BDE8704000222621C0
:10AD80001846F3F7E1BA70B50546F8F767F804001E
:10AD900022D026695EB1002225213046F3F7D4FA8D
:10ADA000206920B1002226212846F3F7CDFA0020A1
:10ADB0002561A0615DB1002227212846F3F7C4FA7E
:10ADC000206920B1002228213046F3F7BDFA284639
:10ADD000BDE87040F9F794BC70BD002200680A21FC
:10ADE000F3F7B2BA10B50068F8F7ACF8BDE8104058
:10ADF000ECF739B92DE9FF4F85B090460C4608466F
:10AE0000F8F7A0F806461021F9F7C4F900286FD02A
:10AE10003046F8F7F5F8834600253046F8F7DDF9B7
:10AE20001434CDE9024000B9059C00213046F8F702
:10AE3000AFFD824600213046F8F754FF504407B278
:10AE400000213046F8F752FE504400B20190F08ADB
:10AE500061883844421AB8F80210501A0FFA80F983
:10AE6000728B0198101AE288801A081A00B20090BA
:10AE70003046F8F726F8C11B0198081A00B2049072
:10AE8000B9F1000F0CDB0098002814DAB9F10000CA
:10AE900006DD05463046F8F7A7F9401B0AD40AE05C
:10AEA0000098002807DD404205B23046F8F756F812
:10AEB000E84200D500250398012804D0022807D0D5
:10AEC00003280DD115E0F08A61883844294421E037
:10AED000718B0198091AE0882844081A284405B2A1
:10AEE00000243046F8F772F90090A8B1029F14E0F0
:10AEF000BDE00498F18A00EBD07007EB60000844D5
:10AF0000E2886188521A521C12B202EBD27205EB2F
:10AF100062021144401AE1E7059F00213046F8F72C
:10AF200045FE50440FFA80F900213046F8F786FEBE
:10AF30005044B18A0FFA80FA01EB09003988338B4B
:10AF4000421AB8F80010501AA3EB0A02BB8800B2EC
:10AF5000D21A891A09B200280ADB002912DA00285D
:10AF600006DD04463046F8F773F8001B09D409E003
:10AF7000002907DD484204B23046F8F7C9F8E0423C
:10AF800000D500243046F9F7BCF8A0EB0901A1EB8D
:10AF90000A00009900B2012904D0022907D0032930
:10AFA0000DD122E0B18A01EB0900398803E0318B31
:10AFB000A1EB0A00B9882144401A204404B22D496B
:10AFC0003046ECF7EBFF07462B493046ECF7E6FF3F
:10AFD000384306D000220A213046F3F7B5F901289C
:10AFE00045D15FEACB7011D013E000EBD072B18A8B
:10AFF00009EB62000844B9883A88891A491C09B2E9
:10B0000001EBD17104EB61011144D5E7002C00DAAA
:10B0100000245FEA8B7002D4002C00DD00245FEA7C
:10B020004B7002D4002D00DA00255FEA0B7002D4C9
:10B03000002D00DD00250898B8F90010002800D088
:10B0400020460844A8F80000B8F9021002D14FF0D9
:10B05000000000E028460844A8F80200089B09B058
:10B060002A4621463046BDE8F04FFAF797B909B0B5
:10B07000BDE8F08F09B10208F1B002081CB5044622
:10B08000828EC18E6B46EBF760F8BDF90000002898
:10B0900001DA40420CE02046F9F733F8BDF904101C
:10B0A00088420BDA2046F9F72CF8BDF80410401A54
:10B0B00001B2012300222046FAF700FABDF902008E
:10B0C000002801DA40420CE02046F7F7FAFEBDF90D
:10B0D000061088420BDA2046F7F7F3FEBDF806109B
:10B0E000401A02B2012300212046FAF7E7F91CBDFD
:10B0F00010B50346F8F77FF8084401B2BDE81040E8
:10B1000000221846E0F79CBB10B50346F8F77AF822
:10B11000084402B2BDE8104000211846E0F790BB99
:10B12000F8B505460C460846F1F766FB4FF4803645
:10B1300031462846F8F712FCE070022808D9284664
:10B1400031462022F8F716FE0090BDF80000A080DE
:10B15000284631463122F8F70DFEC0B2002784F8A8
:10B160002200022814D9284631463222F8F702FE7E
:10B1700000B22084002809DD284631463022F8F745
:10B18000F9FD0090BDF80000E08301E084F8227032
:10B19000284631464522F8F7EDFDC0B284F8360066
:10B1A00002281AD9284631464022F8F7E3FD00B2BA
:10B1B000E08500280FDD284643223146F8F7DAFD06
:10B1C000A086284644223146F8F7D4FD0090BDF809
:10B1D0000000A08501E084F8367031462846F8F773
:10B1E00043FCFD2809D2E1784143090AE17041435B
:10B1F000080A84F8220084F83600E07830B994F820
:10B20000220018B994F83600002805D031462846A7
:10B21000F8F7FAFD20800120F8BDA0F84410F9F7F6
:10B220006FBAA0F84610F9F76BBA09B2FAF7F9BC91
:10B2300009B2FAF70CBD09B2FAF709BD2DE9F84FCA
:10B2400004464F1091460D464FEA610AC80700D1E7
:10B250007F1E60008346F6F773F806464B460020D3
:10B2600026E000BF03EB4400009030F8021C694365
:10B27000601E15D4002200EB0A0C26F81010A4451D
:10B2800001DA33F81C208A1AC11B012901D519885B
:10B2900003E003EB410131F8021C401E1144E9D5E3
:10B2A0005A4631461846F6F71FF9009B08F101008F
:10B2B0008046A042D6DB4FF47F51B1FBF5F21FFA76
:10B2C00082FC002004FB04F20DE000BF39F81030CE
:10B2D00043B18B4202D129F810C003E093FBF5F390
:10B2E00029F81030401C8242F0D8002039E000BF1D
:10B2F00009EB40039B461A886A43002123E0002A99
:10B3000002DA4FF0000C01E04FEAA21C26F811C04F
:10B31000A1EB0A0CBCF1000F02DCB3F800C003E0A3
:10B320000CFB040839F818C0A2EB0C0CCA19521C0B
:10B33000A24200DB621E02FB040803EB440339F85F
:10B340001820491C6244A142D9DB5A46002105E07D
:10B3500036F81130138002EB4402491CA142F7DB9E
:10B36000401CA042C4DB3046BDE8F84FF6F734B8C5
:10B370002DE9F0470E468AB01F4680460146154625
:10B380009146D41907A8EDF700FC05EBD57007EB43
:10B39000600145F30002891A891EADF820100121D1
:10B3A00001EB6000ADF81E004046EDF750FCBDF823
:10B3B0002010081AADF81C004046EDF71CFCBDF843
:10B3C0001E1000230844ADF822003A4607A901A840
:10B3D000F1F742F94D46B9F1010F01D04FEA690585
:10B3E0002046F5F7ADFF8246B046002734E02146FF
:10B3F0005046F6F779F901A80090DDF804C023B2B1
:10B400003AB200215046E04740B19AF8000080016E
:10B4100090FBF5F1A8F80010012018E0610040460B
:10B42000F6F734F915E000BF0AEB00021AF8001035
:10B4300012F8012C914204D108EB400131F8022CA2
:10B4400002E0890191FBF5F228F81020401CA0428F
:10B45000EADB08EB44087F1CA742C8DB5046F5F73F
:10B46000BBFF01A8F0F770FE012D14D020B23246C8
:10B4700029460746FFF7E2FE09F00100284401B221
:10B48000012926DD4FF47F5090FBF1F2002093B2AA
:10B4900004FB04F517E00020644304E036F81010C4
:10B4A0008A093254401C8442F8DC0AB0BDE8F087B7
:10B4B00036F8102032B1FF2A0ED0920192FBF1F241
:10B4C00026F81020401C8542F2D832463846FFF755
:10B4D000B5FE0020644307E026F81030F2E700BF15
:10B4E00016F810103154401C8442F9DCDDE7F0B549
:10B4F00097B0074614460D4601A8F1F77DF9FF22E3
:10B5000011461046EFF7CDF80090BDF8000000900E
:10B51000BDF80000ADF8080000262A4601A938460B
:10B52000F1F756F90FA8F0F797FB23462A460FA923
:10B5300038460096F0F7F0F817B0F0BD30B591B08E
:10B5400005464FF4E0216522F8F714FC040017D0FB
:10B550006846ECF76BFD0F480B94CDE900500120D5
:10B560000E9400210890CDE909010B4807904FF691
:10B57000FF70ADF840006846ECF7CCFD11B030BD6F
:10B5800004492846ECF70AFD15F8540F40F0010075
:10B590002870F3E711E50008EB8001082DE9FC476E
:10B5A000FE4DFF4C95F82000C00703D0FD48EEF794
:10B5B000E3FF03E004211220FAF7C6FB0090BDF878
:10B5C0000000608095F82000C00704D005211220FB
:10B5D000FAF7BAFB03E004211220FAF79DFB009072
:10B5E000BDF80000A08095F82000C00703D0EE4809
:10B5F000EEF7C2FF01E0EFF7FBF90090BDF80000A5
:10B60000E08095F82000C00703D0E848EEF7B4FFCB
:10B6100003E002211220FAF797FB0090BDF800002A
:10B620002081E068D03001F07DFAE068D83001F088
:10B6300079FA00264620CDE90006D8485023DC4A96
:10B64000DC492838FCF76AF8D44800965023D84AD9
:10B65000D84914380196FCF761F8D049E0682839D8
:10B66000D030FCF753F8CD49E0681439D830FCF7F6
:10B670004DF8E068083001F055FA95F82000C00751
:10B6800004D002211220FAF747FB02E01220FAF759
:10B6900075FB0146E0680830FBF7A6FEE06847F658
:10B6A000FF7A51460830FBF7E8FF0721E868EFF71B
:10B6B00020FC0146E0680830FBF70DFF0521E86833
:10B6C000EFF717FC0146E0680830FCF723F8E06864
:10B6D00066210830FBF7A2FEB049E0681439083053
:10B6E000FCF714F8E068103001F01CFAE068FF2164
:10B6F0001030FBF793FEE06801F014FAFF21E068D8
:10B70000FBF78CFE6088ADF800000099E068FBF75D
:10B710006BFEA088ADF800000099E068FBF7DBFF46
:10B72000607801287ED00228E8687CD05FF00A01AA
:10B73000EFF7DFFB0146E068FBF706FF60780128C2
:10B7400072D00228E86870D05FF00A01EFF7D1FBF1
:10B750000146E068FBF7D6FEE068183001F0E2F938
:10B7600060780128E8687DD05FF00801EFF7C1FB41
:10B770000146E0681830FBF780FFE068FF211830D1
:10B78000FBF74CFEE088ADF80000E0680099183047
:10B79000FBF72AFE2089ADF80000E0680099183018
:10B7A000FBF740FE0221E868EFF7A3FB0146E068E3
:10B7B0001830FBF74EFEE06801211830FBF741FE20
:10B7C000A088ADF80000E06800991830FBF783FF0F
:10B7D000607801287ED00228E8687CD05FF01001F4
:10B7E000EFF787FB0146E0681830FBF774FE6078DE
:10B7F000012871D00228E8686FD00A21EFF779FBA1
:10B800000146E0681830FBF79FFE6078012865D09C
:10B810000228E8687ED00A21EFF76BFB0146E0685A
:10B82000183003E083E085E086E088E0FBF76AFEFD
:10B830001220FAF7A3FA0146E0681830FBF71DFE64
:10B840000121E868EFF755FB0146E0681830FBF787
:10B850001FFEE068A03001F065F9DFF84081A8F133
:10B86000280800E06DE0E0684646D8F83810A030BF
:10B87000FBF71AFE0321E868EFF73BFB0146E0689F
:10B88000A030FBF724FE0321E868EFF732FB014606
:10B89000E068A030FBF717FEE0687F21A030FBF7DF
:10B8A0000EFEE068A83001F03DF9708FADF80000A1
:10B8B000E0680099A830FBF7F7FD0321E868EFF78F
:10B8C00018FB0146E068A830FBF701FEE0687F2125
:10B8D000A83004E037E039E03AE03CE03DE0FBF737
:10B8E000EEFDE068203001F01DF96078012839D0C4
:10B8F0000228E86839D00821EFF7FBFA0146E06832
:10B900002030FBF7BAFEE068FF212030FBF786FD10
:10B91000208900E024E0ADF80000E06800992030C4
:10B92000FBF762FD95F82000C00720D06FE00E21E4
:10B93000E868FDE60C21FBE60E21E86806E70C212D
:10B9400004E70C2112E71821E86849E7142147E7CA
:10B950000E21E86852E70C2150E70E21E8685BE70A
:10B960000C2159E71021E868C6E70C21C4E7122032
:10B97000FAF704FA0146E0682030FBF782FE002067
:10B98000EFF7DCFB00EB40004FF4A079A02650302D
:10B99000484517DB0020EFF7D1FB0DE0602B0020BE
:10B9A000EC0000201A171500302B280037322F002A
:10B9B000C780010858E8020800EB4000503090FBB7
:10B9C000F6F000E0012001B2E0682030FBF770FEE5
:10B9D000E0687F212030FBF763FE0020EFF7AEFB2D
:10B9E000502707EB8000484507DB0020EFF7A6FB58
:10B9F00007EB800090FBF6F000E0012001B2E86860
:10BA0000EFF777FA0146E0682030FBF745FEA088A3
:10BA1000ADF80000E06800992030FBF75CFE60782C
:10BA200001287DD00228E8687BD01021EFF761FA69
:10BA30000146E0682030FBF774FD6078012871D082
:10BA40000228E8686FD00A21EFF753FA0146E06850
:10BA50002030FBF781FD0521E868EFF74AFA01463F
:10BA6000E0682030FBF74EFD0521E868EFF741FA6A
:10BA70000146E0682030FBF767FDFF49FD4808609C
:10BA80000831FE480860E068583001F04BF8E06883
:10BA9000F9495830FBF7E5FCE06823215830FBF703
:10BAA000E4FCE068603001F03DF8F349E0680831FB
:10BAB0006030FBF7D6FCE0687F216030FBF7D5FCF7
:10BAC000E068C03001F02EF8E0680121C030FBF7DB
:10BAD000C4FCE0680121C030FBF7B3FCE0688030B3
:10BAE00001F020F8607801287ED00228E8687CD038
:10BAF0005FF01001EFF7FDF90146E0688030FBF7D9
:10BB0000EAFC6078012871D00228E8686FD0102123
:10BB1000EFF7EFF90146E0688030FBF715FD03E031
:10BB2000ECE3ECE3ECE3ECE3607801287ED0022860
:10BB3000E8687CD05FF01001EFF7DBF90146E068C0
:10BB40008030FBF7DFFCE068783000F0EBFF6078D6
:10BB500001286DD00228E8686BD00A21EFF7C9F9F7
:10BB60000146E0687830FBF7B6FC607801287CD0AD
:10BB70000228E8687AD00A21EFF7BBF90146E068AD
:10BB80007830FBF7C3FCE068883000F0CBFF0A2177
:10BB9000E868EFF7AEF90146E0688830FBF7D4FCBF
:10BBA0000A21E868EFF7A5F90146E0688830FBF75D
:10BBB000A9FCE068903000F0B5FF1421E868EFF7C9
:10BBC00098F90146E0689030FBF794FDE068983002
:10BBD00000F0A8FFE06802219830FBF778FDE068EC
:10BBE000683000F09FFF03E0FEE3FEE3FEE3FEE3C8
:10BBF000E06800216830FBF76EFCE06800216830E7
:10BC0000FBF7A2FCE06800216830FBF77BFCE068F2
:10BC1000703000F087FF607801287CD00228E86847
:10BC20007AD00221EFF765F9014603E0FEE3FEE377
:10BC3000FEE3FEE3E0687030FBF74DFC607801281E
:10BC40006BD00228E86869D05FF00201EFF751F984
:10BC50000146E0687030FBF777FC607801287DD002
:10BC60000228E8687BD0022101E0E6E3E6E3EFF793
:10BC700040F90146E0687030FBF744FCE06828308A
:10BC800000F050FFE0684646D8F838102830FBF73F
:10BC9000ABFBEEF7ADFE0146E0682830FBF71BFD7D
:10BCA000E068FF212830FBF7B9FBE068303000F096
:10BCB00039FFE068B16B3030FBF796FBE068B16BA1
:10BCC0003030FBF708FDE06833213030FBF7A6FB8E
:10BCD000E068383000F026FF708FADF80000E068B3
:10BCE00000993830FBF780FBEEF782FE0146E068F2
:10BCF0003830FBF7F0FCE068FF213830FBF78EFBB3
:10BD0000E068403000F00EFF708FADF80000E06892
:10BD10000099403003E0FDE3FDE3FDE3FDE3FBF7C5
:10BD200063FB708FADF80000E06800994030FBF7CE
:10BD3000D2FCE06833214030FBF770FBE06848300C
:10BD400000F0F0FE2089ADF80000E068009948306E
:10BD5000FBF74AFBE068FF21483001E0FDE3FEE32A
:10BD6000FBF75CFBA088ADF80000E0680099483064
:10BD7000FBF7B1FCE068503000F0D4FEE088ADF88D
:10BD80000000E06800995030FBF72EFBE068FF21CF
:10BD90005030FBF743FBA088ADF80000E068009945
:10BDA0005030FBF798FCE068B03000F0BBFEE06874
:10BDB00057465146B030FBF760FCE068B83000F001
:10BDC000B1FEE0680021B830FBF757FCE068C830EE
:10BDD00000F0A8FE0321E868EFF78BF80146E06861
:10BDE000C830FBF78FFC0321E868EFF782F80146C3
:10BDF000E068C830FBF782FCE068F03000F092FEAB
:10BE0000E068B16BF030FBF7EFFAE068FF21F0304B
:10BE1000FBF704FB0621E868EFF76BF80146E068E2
:10BE2000F030FBF758FBE0683946F030FBF725FCB3
:10BE3000E068E03000F076FEE068C821E030FBF713
:10BE4000BCFAE068E83000F06DFEE0687821E83088
:10BE5000FBF7B3FAE06800F5807000F063FE20891C
:10BE6000ADF80000E068009900F58070FBF7A9FAD2
:10BE70000F2105E07FE50008FC0000207D6D010832
:10BE8000E868EFF736F80146E06800F58070FBF7E8
:10BE9000A7FAE068012100F58070FBF79DFAE068E1
:10BEA00000F5847000F03EFEE068B16B00F5847030
:10BEB000FBF787FAE06800F5987000F033FEE06861
:10BEC0004FF4827100F59870FBF7E6FAE06800F530
:10BED0009C7000F027FE0321E868EFF70AF801469E
:10BEE000E06800F59C70FBF7F6FA0221E868EFF7CE
:10BEF00000F80146E06800F59C70FBF7AAFAE068DC
:10BF0000B16B00F59C70FBF78DFAE088ADF800008E
:10BF1000E068009900F59C70FBF766FAE068FF2185
:10BF200000F59C70FBF77AFA60780128E8687CD00D
:10BF30005FF00801EEF7DDFF00EBD0704110E06824
:10BF400000F59C70FBF799FBE06800F5A07000F02D
:10BF5000E9FDE068FCA100F5A070FBF75BFAEEF7E5
:10BF600047FD0146E06800F5A070FBF7B4FBE06810
:10BF7000696900F5A070FBF7B9FBE06800F5A470F3
:10BF800000F0D0FD0421E868EEF7B3FF404201B2B3
:10BF9000E06800F5A470FBF79EFAEEF729FD014674
:10BFA000E06800F5A470FBF71FFAE06800F5A870E0
:10BFB00000F0B8FDE068012100F5A870FBF768FA11
:10BFC000A088ADF80000E068009900F5A870FBF7C4
:10BFD00054FAE06800F5947000F0A4FDE0680021D8
:10BFE00000F59470FBF72DFA0A21E868EEF781FF5F
:10BFF0000146E06800F59470FBF784FA2089ADF8FB
:10C000000000E068009900F59470FBF736FAE068EC
:10C0100000F5887000F086FD0321E868EEF769FFFF
:10C020000146E06800F5887000E019E3FBF730FA9C
:10C030000321E868EEF75DFF0146E06800F58870CF
:10C04000FBF71BFB0821E868EEF753FF0146E068A9
:10C0500000F58870FBF730FB0221E868EEF749FF36
:10C060000146E06800F58870FBF74CFAE06800F5DF
:10C070008C7000F057FDE068394600F58C70FBF7D6
:10C08000FCFA0821E868EEF734FF0146E06800F5A5
:10C090008C70FBF711FBE068B16B00F58C70FBF75F
:10C0A000A3F9E068FF2100F58C70FBF7B7F9E068B1
:10C0B00000F5907000F036FD0121E868EEF719FFF9
:10C0C0000146E06800F59070FBF7E2F9A088ADF852
:10C0D0000000E068009900F59070FBF7CEF90221AE
:10C0E000E868EEF706FF0146E06800F59070FBF7A0
:10C0F000F2F91220F9F742FE0146E06800F590706F
:10C10000FBF7E9FAE06800F5D07000F00BFDE0689D
:10C11000002100F5D070FBF7DEF9E068002100F5A2
:10C12000D070FBF7F3F9E068002100F5D070FBF761
:10C13000A4FAE068012100F5D070FBF78EF9E06801
:10C14000002100F5D070FBF780F9E06800F5EC7095
:10C1500000F0E8FC60780128E8687CD05FF0080116
:10C16000EEF7C7FE0146E06800F5EC70FBF785FAD4
:10C17000E068012100F5EC70FBF76FF9E068FF2142
:10C1800000F5EC70FBF74AF9E088ADF80000E068D4
:10C19000009900F5EC70FBF727F9A088ADF80000D6
:10C1A000E068009900F5EC70FBF795FAE06800F59F
:10C1B000D47000F0B7FC607801287DD00228E868D0
:10C1C0007BD00A21EEF795FE0146E06800F5D470B9
:10C1D000FBF7A7F96078012870D00228E8686ED0D4
:10C1E0005FF00A01EEF785FE0146E06800F5D470C5
:10C1F000FBF7B2F9607801287ED00228E8687CD08D
:10C200005FF00A01EEF775FE0146E06800F5D470B4
:10C21000FBF77CF90121E868EEF76BFE0146E06868
:10C2200000F5D470FBF715F9E068192100F5D4701A
:10C23000FBF703F9A088ADF80000E068009900F56D
:10C24000D470FBF7EFF8E068002100F5D470FBF73D
:10C25000FCF8E06800E005E200F5D87000F062FC50
:10C26000E068002100F5D870FBF735F9E06800219F
:10C2700000F5D870FBF74AF90121E868EEF739FEBE
:10C280000146E06800F5D870FBF7E3F8E068192193
:10C2900000F5D870FBF7D1F8A088ADF80000E06891
:10C2A000009900F5D870FBF7BDF8E068082100F5AB
:10C2B000D870FBF7CAF803E0D6E1D8E1D9E1DBE1B9
:10C2C000E06800F5DC7000F02DFCE068002100F56E
:10C2D000DC70FBF700F9E068002100F5DC70FBF78B
:10C2E00015F9E06800F5E47000F01CFC60780128A6
:10C2F0007ED00228E86805E0C0E1C2E174E177E1A0
:10C3000078E17BE175D00A21EEF7F3FD0146E068A4
:10C3100000F5E470FBF705F9607801286AD002287F
:10C32000E86868D05FF00201EEF7E3FD0146E068DF
:10C3300000F5E470FBF710F9607801287AD0022844
:10C34000E86878D00A2101E0EF808C00EEF7D1FD9B
:10C350000146E06800F5E470FBF7D8F8E06800F506
:10C36000E87000F0DFFB6078012865D00228E868FB
:10C370007DD00221EEF7BDFD0146E06800F5E870D2
:10C38000FBF7CFF86078012872D00228E86870D0F7
:10C390005FF00201EEF7ADFD0146E06800F5E870E0
:10C3A000FBF7DAF8E068002100F5E870FBF778F9B0
:10C3B000E068002100F5E870FBF730F8A088ADF8E0
:10C3C0000000E068009900F5E870FBF784F9E06888
:10C3D00000F5E07000F0A6FBE068002100F5E070D9
:10C3E000FBF79FF8002107E00AE10DE10EE111E102
:10C3F00049E14BE14CE14EE1E06800F5E070FBF70C
:10C4000085F8E06800F5F07000F08CFBE0683321FF
:10C4100000F5F070FBF702F81220F9F7AFFC0146C7
:10C42000E06800F5F070FAF7DFFF08E0F4E0F7E00D
:10C43000F8E0FBE031E133E134E1F9E0FCE0E06811
:10C4400000F5F47000F06EFBE068002100F5F47078
:10C45000FAF7E4FF607801287ED00228E8687DD0F2
:10C460005FF00201EEF745FD0146E06802E01CE1E5
:10C470001DE11FE100F5F470FBF76EF8E06800F5D0
:10C48000B07000F04FFB0521E868EEF732FD014681
:10C49000E06800F5B070FAF7FBFFA088ADF8000087
:10C4A000E068009900F5B070FAF7E7FF1421E8683A
:10C4B000EEF71FFD0146E06800F5B070FBF7FCF8F1
:10C4C0000F21E868EEF715FD0146E06800F5B07051
:10C4D000FBF732F8E06800F5B47000F023FBE06889
:10C4E000394600F5B470FBF7C8F8A088ADF8000035
:10C4F000E068009900F5B470FAF776FFE068FF2174
:10C5000000F5B470FAF78AFF0F21E868EEF7F1FC46
:10C51000014603E092E095E096E099E0E06800F5DE
:10C52000B470FBF7C9F8E06800F5AC7000F0FAFAF7
:10C530000121E868EEF7DDFC0146E06800F5AC702B
:10C54000FAF787FF2089ADF80000E068009900F550
:10C55000AC70FAF767FF03E0AEE07BE0B0E07DE0AF
:10C56000E068032100F5AC70FAF76FFFE06800F5B2
:10C57000B87000F0D7FAA088ADF80000E068009924
:10C5800000F5B870FAF74EFF0221E868EEF7B1FC4B
:10C590000146E06800F5B870FAF75BFF0121E86832
:10C5A000EEF7A7FC404201B2E06800F5B870FAF778
:10C5B000C3FFE068042100F5B870FAF746FFE068B1
:10C5C0004FF4C87100F5B870FAF7F7FEE06800F5AF
:10C5D000BC7000F0A7FA95F82000C00772D00221C5
:10C5E0001220F9F799FB71E01821E868FFF71EBAED
:10C5F0001421FBE70E21E868FFF726BA0C21FBE7C0
:10C600001821E868FFF776BA1421FBE71821E868DB
:10C61000FFF77EBA1421FBE71821E868FFF78CBA10
:10C620001421FBE70E21E868FFF798BA0C21FBE71D
:10C630000E21E868FFF7A0BA0C21FBE70821E868A3
:10C64000FFF7F0BA0621FBE70821E868FFF7FEBA1A
:10C650000621FBE70821E868FFF706BB0621FBE798
:10C660000C2167E40C217BE50E21E868AAE50C218A
:10C67000A8E50E21E868B5E50C21B3E50E21E868D0
:10C68000C0E50C21BEE50E21E8683DE60C213BE645
:10C690000821E86848E6062146E60E21E86852E6E9
:10C6A0000C2150E60821E86864E6062162E60821CC
:10C6B000E8686FE606216DE60821E868D2E601E049
:10C6C0000621CFE601211220F9F73EFB0146E06882
:10C6D00000F5BC70FAF7FFFFE06800F5C07000F0ED
:10C6E00021FA607801287DD00228E8687BD00A21F1
:10C6F000EEF7FFFB0146E06800F5C070FAF7EBFECD
:10C700006078012870D00228E8686ED05FF00A01D6
:10C71000EEF7EFFB00EBD0704110E06800F5C07061
:10C72000FAF7F4FEE06800F5C47000F0FBF90121AF
:10C73000E868EEF7DEFB0146E06800F5C470FAF742
:10C7400088FE2089ADF80000E068009900F5C4700B
:10C75000FAF768FEE088ADF80000E068009900F59F
:10C76000C470FAF741FEE068332100F5C470FAF7AF
:10C7700055FEE06800F5C87000F0D4F96078012833
:10C780007DD00228E8687BD05FF00A01EEF7B1FBAC
:10C790000146E06800F5C870FAF7C3FE607801282A
:10C7A0006FD00228E8686DD05FF00A01EEF7A1FBB8
:10C7B0000146E06800F5C870FAF7CAFE6078012803
:10C7C0007DD00228E8687BD05FF00201EEF791FB94
:10C7D0000146E06800F5C870FAF790FE607801281D
:10C7E0006FD003E05BE160E161E163E10228E868AA
:10C7F00068D00A21EEF77DFB0146E06800F5C870BD
:10C80000FAF784FEE06800F5CC7000F08BF90A219D
:10C81000E868EEF76EFB0146E06800F5CC70FAF7C9
:10C82000DFFDE06800F5FC7000F07CF90421E868A9
:10C83000EEF75FFB0146E06800F5FC70FAF74BFE8F
:10C84000E06800F5F87000F06DF9E06842F264010C
:10C8500000F5F870FAF724FEE06800F5007000F0CB
:10C8600061F91220F9F78AFA0146E06800F50070D4
:10C87000FAF7BAFDE0687F2100F5007003E01BE1E4
:10C880001EE11FE121E1FAF7C9FDE06800F5027041
:10C8900000F048F9E068002100F50270FAF708FF9F
:10C8A000607803287ED00128E8687CD05FF008011A
:10C8B000EEF71FFB0146E06800F5027003E006E1B9
:10C8C00008E109E10DE1FAF7D8FEE06800F50E7025
:10C8D00000F028F9E068B16B00F50E70FAF7A2FDE0
:10C8E0000221E868EEF705FB400001B2E06800F5C0
:10C8F0000E70FAF7AEFDE068012100F50E70FAF750
:10C90000A4FDE06800F50C7000F00CF90221E86865
:10C91000EEF7EFFA404201B2E06800F50C70FAF76A
:10C92000D2FDE06800F5047000F0FCF860780128A2
:10C930007ED00228E8687CD05FF01001EEF7D9FACB
:10C940000146E06800F50470FAF7EBFDE0680021AD
:10C9500000F50470FAF700FEE068002100F50470AD
:10C96000FAF7D4FDE068012100F50470FAF775FDCF
:10C97000E06800F5067000F0D5F80121E868EEF7F0
:10C98000B8FA0146E06800F50670FAF762FD208902
:10C99000ADF80000E068009900F50670FAF742FD76
:10C9A000012101E09FE0A6E0E06800F50670FAF7DB
:10C9B0004CFD6078012875D00228E86873D00A2100
:10C9C000EEF797FA0146E06800F50670FAF783FD86
:10C9D0006078012868D00228E86870D05FF00A010A
:10C9E000EEF787FA0146E06800F50670FAF78AFD6F
:10C9F000E06800F5087000F095F8607801286ED0C6
:10CA00000228E8686CD01021EEF773FA0146E0685E
:10CA100000F50870FAF776FEE06800F5107000F097
:10CA200081F8E068FF2100F51070FAF7F7FC01E0EB
:10CA300063E065E0EDF7DCFF0146E06800F51070AB
:10CA4000FAF7D2FC1220F9F799F90146E06800F5EF
:10CA50001070FAF7D4FCE068394600F51070FAF768
:10CA60000CFE0F21E868EEF744FA0146E06800F595
:10CA70001070FAF71DFEEDF7BBFF0146E06800F508
:10CA80001070FAF7FEFD0521E868EEF732FA01466C
:10CA9000E068BDE8FC4700F51070FAF705BE0E210E
:10CAA000E86825E62EE030E031E00C2120E60E219A
:10CAB000E8682DE60C212BE60E21E86866E629E001
:10CAC0000C2163E60E21E86870E60C216EE6082171
:10CAD000E8687BE6062179E60E21E8688AE61BE035
:10CAE0001DE00C2186E60821E868EEF702FA00EB6B
:10CAF000D0704010DEE60C21DAE61821E8681DE768
:10CB000014211BE70E21E8685AE70C2158E70E2193
:10CB1000E86865E70C2163E71821E86874E71421E9
:10CB200072E700000349097809B1FAF732BCFAF755
:10CB300026BB0000EC0000202DE9F35F0198F6F71A
:10CB400001FAFE4C00287DD0FD490198F5F716FC4E
:10CB500000284BD00198F6F7F5F90546F949F5F7A5
:10CB60000DFC00286FD12846F6F7ECF9F549F5F7EA
:10CB700005FC30B1E168002280310198F5F71CF91D
:10CB8000F9E30198F6F7A3F988B90198F6F7DAF90D
:10CB9000ED49F5F7F3FB50B1E16800224831019807
:10CBA000F5F70AF9E16800227031019844E2019832
:10CBB000F6F78DF901280CD10198F6F7C3F9E2498F
:10CBC000F5F7DCFB28B10022E1680198F5F7F4F8ED
:10CBD000D0E70198F6F7B6F9DC49F5F7CFFB002866
:10CBE000C0D1E168002218310198C7E7D8490198FF
:10CBF000F5F7C4FB002854D0E168002220310198E9
:10CC0000F5F7DAF8E168002228310198F5F7D4F851
:10CC1000E1680022D0310198F5F7CEF8E1682022D2
:10CC200058310198F5F7C8F8E1682022D831019809
:10CC3000F5F7C2F8E1680422A0310198F5F7BCF8D5
:10CC4000202201E0FEE39CE0E1680198C831F5F79D
:10CC5000B3F8E168012238310198F5F7ADF8E168E1
:10CC6000802260310198F5F7A7F80198F6F76AF984
:10CC7000B849F5F783FB38B90198F6F763F9B64977
:10CC8000F5F77CFB00287CD0E168002201F5E87113
:10CC90000198F5F791F8E168202201F5F07101980B
:10CCA00084E7AE490198F5F769FB28B1E1680022F5
:10CCB00001F5A871019879E7A9490198F5F75EFB9C
:10CCC0004FF4A02808F1010908F1040A002870D0E7
:10CCD0000198F6F737F9A349F5F750FB20B3E1685F
:10CCE000002201F5FC710198F5F766F8E168002271
:10CCF00088310198F5F760F8E168424620310198E3
:10CD0000F5F75AF8E168984A58310198F5F754F860
:10CD1000954AE168603260310198F5F74DF8E168B5
:10CD20004A4628310198FDE30198F6F70BF9854949
:10CD3000F5F724FB30B3E168002250310198F5F794
:10CD40003BF8E1680422A0310198F5F735F8E16875
:10CD5000042201F50C710198F5F72EF8E168824A7A
:10CD600058310198F5F728F8E1684D464A463031C8
:10CD70000198F5F721F8E1682A4601F50E7101984E
:10CD800001E0F5E316E0F5F717F8E168554652467D
:10CD9000A0310198F5F710F8734AE168183AA83104
:10CDA0000198F5F709F8E1682A4601F50C71019838
:10CDB000FCE662E00198F6F7C5F86449F5F7DEFA9B
:10CDC0000028E16801984FF0000222D001F5C071FF
:10CDD000F4F7F2FFE1680422A0310198F4F7ECFFC8
:10CDE000E1680822A8310198F4F7E6FFE1684246BD
:10CDF00001F5C4710198F4F7DFFFE1685A4A583130
:10CE00000198F4F7D9FF584AE1686032603101981F
:10CE100025E01831F4F7D0FFE1680422A031019831
:10CE2000F4F7CAFFE1680822A8310198F4F7C4FFBB
:10CE3000E168424620310198F4F7BEFF4A4AE168B2
:10CE4000603260310198F4F7B7FFE168464A583123
:10CE50000198F4F7B1FFE1684A4628310198F4F7E8
:10CE6000ABFFE1685246A0310198F4F7A5FF3E4AB6
:10CE7000E168183AA831019898E63C490198F5F71D
:10CE80007DFA4FF4003510B3E1680022303101988B
:10CE9000F4F792FFE1680022B0310198F4F78CFFBB
:10CEA000E1680422A0310198F4F786FFE1680822C6
:10CEB000A8310198F4F780FFE1682A4628310198EB
:10CEC000F4F77AFFE1682A46B0310198B4E02849C6
:10CED0000198F5F753FA4FF4403668B3E168002241
:10CEE00030310198F4F768FFE1680022B031019811
:10CEF000F4F762FFE1680422A0310198F4F75CFFC7
:10CF0000E1680822A8310198F4F756FFE1682A4643
:10CF100028310198F4F750FFE1682A46B0310198B2
:10CF2000F4F74AFFE1683246F0310198F4F744FF24
:10CF3000104DE1682A461FE027E00000EC000020C9
:10CF4000F4E60208A4EE0208F8EE020870E802080F
:10CF500060A90408E0ED0208C4ED020824AA040850
:10CF60007CA9040818EE02082000050044A9040862
:10CF700078AA040820000300C8310198F4F71CFFC8
:10CF8000E1683246D0310198F5E0FB490198F5F7A8
:10CF9000F5F9E8B3E168002218310198F4F70CFFC5
:10CFA000E168002268310198F4F706FFE168002289
:10CFB000B8310198F4F700FFE1680422A03101982C
:10CFC000F4F7FAFEE1680822A8310198F4F7F4FEBC
:10CFD000E1684FF4803208310198F4F7EDFEE16822
:10CFE000E64A10310198F4F7E7FEE168454642460B
:10CFF00050310198F4F7E0FEE1682A4601F5AC7182
:10D000000198F4F7D9FEE1682A468031019800E0E2
:10D0100013E0F4F7D1FEE168D94A58310198F4F7EA
:10D02000CBFEE168524628310198F4F7C5FED44A98
:10D03000E168183A3831019828E2D2490198F5F7A9
:10D040009DF9D14FDFF840B37F3FE8B3E16800229C
:10D0500088310198F4F7B0FEE1680422A03101980C
:10D06000F4F7AAFEE1685A4660310198F4F7A4FE8D
:10D07000E1682A4601F59C710198F4F79DFEE1688C
:10D080003A4628310198F4F797FEE1683A4601F5EF
:10D09000A0710198F4F790FEBB4EE168603E324605
:10D0A00058310198F4F788FEE1683246C83101989A
:10D0B000F4F782FEE1683246D8310198F4F77CFE3D
:10D0C000E1682A46D03100E001E00198E8E3AF4989
:10D0D0000198F5F753F9E8B3E16800224831019867
:10D0E000F4F76AFEE1680022B0310198F4F764FEBB
:10D0F000E1680022E8310198F4F75EFEE1688022E1
:10D1000060310198F4F758FEE1680422A0310198DB
:10D11000F4F752FEE1683A4628310198F4F74CFEE4
:10D12000E1682A46B0310198F4F746FEE1685A46B4
:10D1300060310198F4F740FEE1683246F031019821
:10D14000F4F73AFEE168324650310198F4F734FEC4
:10D15000324600E016E0E168019801F5A471F4F7A9
:10D160002BFEE1688A4A60310198F4F725FEE168F8
:10D170003A46D8310198F4F71FFEE1682A46D831C3
:10D1800001988DE383490198F5F7F8F84FF4E02B07
:10D19000D8B3E168002218310198F4F70DFEE16878
:10D1A000002278310198F4F707FEE168002201F5CA
:10D1B00094710198F4F700FEE1684FF48032083171
:10D1C0000198F4F7F9FDE1686C4A10310198F4F721
:10D1D000F3FDE168424601F588710198F4F7ECFD32
:10D1E000E1682A4601F58C710198F4F7E5FDE168E4
:10D1F0004FF4C02201F590710198F4F7DDFDE1686C
:10D200005A4601F5887101984AE3FFE7624901989F
:10D21000F5F7B4F84FF4802728B3E16800221831FD
:10D220000198F4F7C9FDE1680022E0310198F4F7B4
:10D23000C3FDE168002290310198F4F7BDFDE1687B
:10D24000002298310198F4F7B7FDE1680422A0317B
:10D250000198F4F7B1FDE1680822A8310198F4F7CC
:10D26000ABFD3A461CE24D490198F5F787F840B30B
:10D27000E168002218310198F4F79EFDE168002270
:10D2800078310198F4F798FDE1680022D0310198D7
:10D29000F4F792FDE1682022D8310198F4F78CFD73
:10D2A000E168202258310198F4F786FDE1680422F4
:10D2B000A0310198F4F780FDE1680822A8310198B7
:10D2C00059E737490198F5F759F8A0B3E16800220A
:10D2D00018310198F4F770FDE1680022C03101981F
:10D2E000F4F76AFDE168002290310198F4F764FDDB
:10D2F000E168002201F598710198F4F75DFDE1689D
:10D300004FF4803208310198F4F756FDE1681B4A6A
:10D3100010310198F4F750FDE1683A465031019818
:10D32000F4F74AFDE1681F4A28310198F4F744FDFB
:10D330001C4A1F3269E1FFE71B490198F5F71EF807
:10D34000A0B3E168002201F580710198F4F734FD83
:10D35000E1682A4601F580710198F4F72DFDE16836
:10D360002A4601F584710198F4F726FDE1683246FA
:10D37000F031019894E246E2B0AA040840000100AE
:10D380002000050098A904088000020094AA04085F
:10D3900080000300C4E8020840AA0408B4A90408F5
:10D3A000D0A904080100040028A90408FFE7F949EE
:10D3B0000198F4F7E3FF98B1E168002201F580716C
:10D3C0000198F4F7F9FCE1682A4601F580710198AB
:10D3D000F4F7F2FCE1682A4601F5847101985FE2F6
:10D3E000ED490198F4F7CAFF88B1E16800221831CD
:10D3F0000198F4F7E1FCE1680022B0310198F4F7FC
:10D40000DBFCE1682A4601F5B471019848E2E34982
:10D410000198F4F7B3FFD0B3E16800221831019806
:10D42000F4F7CAFCE168002278310198F4F7C4FCF3
:10D43000E168802260310198F4F7BEFCE1680422C3
:10D44000A03100E0A1E10198F4F7B6FCE168082200
:10D45000A8310198F4F7B0FCE1684FF4803208314C
:10D460000198F4F7A9FCE168CD4A10310198F4F76E
:10D47000A3FCE168CB4A01F5B8710198F4F79CFC74
:10D48000E1684FF4002201F5BC71019808E2FFE762
:10D49000C5490198F4F772FF20B1E1680022183104
:10D4A0000198C4E1C1490198F4F768FF28B1E16827
:10D4B000002201F5C8710198F2E1BD490198F4F725
:10D4C0005DFF0028F3D1BB490198F4F757FF50B333
:10D4D0000022E1680198F4F76FFC6078E1680128A8
:10D4E00047D0703100220198F4F766FCE16804220D
:10D4F000A0310198F4F760FCE1680822A831019896
:10D50000F4F75AFCE1684546424620310198F4F7A9
:10D5100053FCE168A84A60310198F4F74DFC2A46B3
:10D52000E16801E016E026E050310198F4F744FC90
:10D53000E1682A4601F502710198F4F73DFC9E4A24
:10D54000E168603A58310198F4F736FCE1684A46E0
:10D5500048310198F4F730FCE168524630310198C7
:10D56000F4F72AFC944AE168783A4031019897E14F
:10D570009BE17831B6E791490198F4F7FFFE60B17D
:10D58000E168002218310198F4F716FCE1680022E6
:10D5900001F504710198FFF7F1BA89490198F4F790
:10D5A000EDFE58B1E168002248310198F4F704FC1F
:10D5B000E168002201F50871019871E18149019843
:10D5C000F4F7DCFE28B3E168002250310198F4F74B
:10D5D000F3FBE168002201F506710198F4F7ECFB1A
:10D5E000E168042228310198F4F7E6FBE16804229F
:10D5F00001F508710198F4F7DFFBE168202201F5DD
:10D6000008710198F4F7D8FB2022E168019858319D
:10D6100046E16D490198F4F7B1FE58B1E168002286
:10D6200018310198F4F7C8FBE168002201F5D071C8
:10D63000019835E165490198F4F7A0FE28B1E16849
:10D64000002201F5D8710198A5E761490198F4F726
:10D6500095FE28B1E168002201F5DC7101989AE796
:10D660005C490198F4F78AFEF0B1E168002201F507
:10D67000D4710198F4F7A0FBE168202201F5F07164
:10D680000198F4F799FBE168212230310198F4F711
:10D6900093FBE168012230310198F4F78DFB0422FD
:10D6A000E16801982831FBE04B490198F4F766FEE8
:10D6B00020B94A490198F4F761FE28B1E1680022D7
:10D6C00001F5E4710198EBE045490198F4F756FE45
:10D6D00028B1E168002201F5E07101985BE741495A
:10D6E0000198F4F74BFE28B1E168002201F5EC71D6
:10D6F0000198D5E03C490198F4F740FE28B1E16873
:10D70000002201F5F4710198CAE038490198F4F754
:10D7100035FE58B1E168002218310198F4F74CFB4E
:10D72000E168002201F5F8710198B9E030490198EB
:10D73000F4F724FE28B1E168002201F50071019898
:10D74000AEE02C490198F4F719FEC8B1E168002257
:10D7500018310198F4F730FBE16800227831019824
:10D76000F4F72AFBE1680422A0310198F4F724FBC6
:10D77000E1680822A8310198F4F71EFB5A468FE7AA
:10D780001D490198F4F7FAFD18B10022E1680198EB
:10D7900001E733E088EE0208FCED0208CCAA040899
:10D7A000400001000200070070E802088CE802084F
:10D7B000A8E80208FCE8020880000500ACEC0208BA
:10D7C000E4EC0208C8EC020800ED02088CED020847
:10D7D000A8ED020838ED0208E0ED0208C4ED0208E9
:10D7E0001CED020854ED020870ED020818EE020864
:10D7F00050EE02086CEE0208C0EE02082C490198B7
:10D80000F4F7BCFD58B1E1684FF48032083101985B
:10D81000F4F7D2FAE168274A1031019840E026492E
:10D820000198F4F7ABFD48B10022E1680198F4F7E4
:10D83000C3FAE16800226831019831E01F4901987C
:10D84000F4F79CFD20B1E1680022C031019827E087
:10D850001B490198F4F792FDB8B1E168002201F587
:10D86000CC710198F4F7A8FAE168002280310198A0
:10D87000F4F7A2FAE168324650310198F4F79CFAC5
:10D88000E1683246803101980AE00E490198F4F7C8
:10D8900075FD002809D0E1680198002201F510719A
:10D8A00002B0BDE8F05FF4F787BABDE8FC9F000066
:10D8B000DCEE020840000100A4EE0208F8EE0208C7
:10D8C000E0E8020890EC02082DE9F84F0546F0F771
:10D8D000F9FC04462846F0F733FD05460A2C4DD1E5
:10D8E000F2F728F910B10079012847D02846F5F75A
:10D8F00095FA06462846F5F777FA0446694628461B
:10D90000F5F786FBBDF9002006EBD67002EB600050
:10D9100090FBF6F07043BDF9021007B204EBD4702F
:10D9200001EB600090FBF4F060430F260FFA80F8E3
:10D9300000241AE021462846F5F7F2F98146F6F769
:10D94000E6FB82464846F6F7FEFB0146BA450BD198
:10D95000414509D1C5F8249099F8246000221C2182
:10D960002846F0F7F1FC05E0641C2846F5F7EAF9D3
:10D97000A042DFD831462846F7F777FFBDE8F88F99
:10D98000C143491C0840B0FA80F0C0F11F00704745
:10D9900018B1B0FA80F0C0F12000401E70470000BE
:10D9A000FEB500250446042206680BE0F06802EB91
:10D9B000C503C058830104D5A36820F07F40984276
:10D9C00006D06D1C708CC0F30510A842EED8FEBDC9
:10D9D000A388442B5BD00EDC332B4BD006DC202BF2
:10D9E00055D0222B53D0302B13D150E0342B41D0C3
:10D9F000362B0ED14BE0622B3FD006DC472B46D0B6
:10DA0000552B44D0572B04D134E0672B32D0682BF0
:10DA100030D059B3FF292BD0D4E90302121A4A435C
:10DA200000EB22200090F068012701AA50F8350091
:10DA30001946F9F7FFFA50B1DDE90001884206D135
:10DA4000BDF80000BDF80410884200D10027F0683E
:10DA5000A188009A50F83500F9F78AFD002FB6D05A
:10DA6000A288A1682068F7F727FBFEBDE068D9E728
:10DA70002069D7E7FF29FBDAF8E7E0680028F7D04C
:10DA80002269002ACED08029CCDB0092CBE7002986
:10DA900001DCA0892AE0FF2901DB208A26E0228A16
:10DAA000C8B291B20A02A78942EA11218AB2B9B278
:10DAB0000F0247EA1121001D89B2C70841EA01405F
:10DAC0000C4942EA024208400A40121A7A4300EB2B
:10DAD0005210084040EA104080B2010241EA102092
:10DAE000ADF8080080B20290BDF80800ADF8000063
:10DAF00099E700001FF8E0072DE9F0410468264887
:10DB0000A6882568DDF7B3FD10E0A1420BD00868B8
:10DB10002268904207D18868A268904203D1888821
:10DB2000A288904236D01C48DDF7B3FD0100ECD14D
:10DB3000698C00270420C1F3051129E0EA6800EB95
:10DB4000C703D258930122D5A36822F07F429A429C
:10DB50001DD121461048DDF725FE2046F3F74EFC87
:10DB6000E868314600EBC7042068F9F7B3FBE868C2
:10DB700050F83700F9F706FB00280BD060682168E1
:10DB800020F07F422846BDE8F041F7F76CBB7F1CD0
:10DB9000B942D3D8BDE8F081D82B002070B5046815
:10DBA000A068A28800F47F0631462068F6F7E2F804
:10DBB000E060A5880020A08023462A4631462068E0
:10DBC00000F00CF8A580A1682068E9F781F8A18829
:10DBD0000068E268BDE87040F9F7CABC2DE9FF5F54
:10DBE00007469A460E4600252548DDF759FD0446AE
:10DBF0004FF470284FF004093CE054453CD02146D6
:10DC00001F48DDF74AFD83462068B84231D1A0683D
:10DC1000B04201D046452CD1A1880298814203D060
:10DC2000A0F57F41FF3924D1002511E0F86809EB08
:10DC3000C50141588A010AD5464503D021F07F41EC
:10DC4000B14204D150F83500A188F9F743FB6D1CAF
:10DC5000788CC0F30510A842E8D800212046EAF7E6
:10DC60009DF921460648DDF79DFD2046F3F7C6FBEA
:10DC700001255C46002CC0D104B02846BDE8F09FC9
:10DC8000D82B00202DE9F84F92468B460446002100
:10DC90006E22F6F76FF806B2204600216D22F6F7E5
:10DCA00069F805B216B9B5F5807F62D0204600212B
:10DCB0006F22F6F75FF8ADF80000204600217022D1
:10DCC000F6F758F8ADF80200BDF900006427C0F37C
:10DCD00041314FF4FA684FF47A79012915D120F4D3
:10DCE000C040404511DC04F11400EAF7A4FF0146EE
:10DCF000BDF9000020F4C040484501DDC0F57A7050
:10DD0000414391FBF7F0ADF80000BDF90200C0F30C
:10DD10004131012911D120F4C04040450DDC618B17
:10DD2000E28A891A491C09B2484501DDC0F57A70BA
:10DD3000414391FBF7F0ADF80200A08ABDF8001056
:10DD4000BAF1000F0844ADF80000E08ABDF80210F7
:10DD50000844ADF8020006D0704206B24FF480309D
:10DD600090FBF5F005B26B462A4631465846F8F767
:10DD70001DF8BDE8F88FF0B5D0E90646059D4FF4D3
:10DD800080772EB9BC4203D108021860100239E036
:10DD9000B0F928C0A1EB0C01B0F92AC0A2EB0C022B
:10DDA0009EB1BC421AD1446906694C4306FB124439
:10DDB000066A06EBA4041C6003694B434169406A90
:10DDC00001FB023100EBA1001CE0066A01FB0461CB
:10DDD0001960416A806902FB001013E04669076917
:10DDE0004E4307FB12666643046A04EBA6241C60DC
:10DDF00003694B43416901FB02318269406A514327
:10DE000000EBA1202860F0BD2DE9F0410020F4F7DF
:10DE1000FDFBAE4C10212060F4F768FB0020ECF70E
:10DE2000BEFB014600222068F7F744FE0022FF21D6
:10DE30002068F7F750FE2068F0F7B6FFA44DA5491B
:10DE40002860F1F7BDFD42F2D17841462868F7F726
:10DE5000D2FE41462868F7F75DFC6FF05506314663
:10DE60002868F7F7DEFE6FF003012868F7F7EFFE8A
:10DE700009212868F7F70BFC4FF4803739462868EA
:10DE8000F3F74EFF10212868F4F730FB2068F0F715
:10DE90008BFF914D91492860F1F792FD414628682A
:10DEA000F7F7A9FE41462868F7F734FC31462868A1
:10DEB000F7F7B7FE47212868F7F7C9FE0921286858
:10DEC000F7F7E5FB39462868F3F72AFF10212868A1
:10DED000F4F70CFB6FF01D020A212868F1F7F8FC3B
:10DEE00040F6C4112868F1F773FC2068F0F75CFF76
:10DEF0007B4D7C492860F1F763FD41462868F7F7C0
:10DF00007AFE41462868F7F705FC04212868F7F7F0
:10DF100088FE5D212868F7F79AFE09212868F7F73F
:10DF2000B6FB39462868F3F7FBFE10212868F4F7A2
:10DF3000DDFA2068F0F738FF6B4D6C492860F1F787
:10DF40003FFD41462868F7F756FE41462868F7F737
:10DF5000E1FB9A212868F7F764FE5D212868F7F74E
:10DF600076FE09212868F7F792FB39462868F3F70F
:10DF7000D7FE10212868F4F7B9FA2068F0F714FFEB
:10DF80005B4D5C492860F1F71BFD41462868F7F7B7
:10DF900032FE41462868F7F7BDFB68212868F7F78D
:10DFA00040FE5D212868F7F752FE09212868F7F73F
:10DFB0006EFB39462868F3F7B3FE10212868F4F7A2
:10DFC00095FA2068F0F7F0FE4B4D4C492860F1F7C8
:10DFD000F7FC41462868F7F70EFE41462868F7F738
:10DFE00099FB36212868F7F71CFE5D212868F7F7B2
:10DFF0002EFE09212868F7F74AFB39462868F3F70F
:10E000008FFE10212868F4F771FA2068F2F730F8D3
:10E010003B4D41462860F7F7EEFD41462868F7F78B
:10E0200079FB7D212868F7F7FCFD6FF04301286834
:10E03000F7F70DFE09212868F7F729FB31A12868B9
:10E04000F2F79CFE360A3046ECF7A9FA01460022A8
:10E050002868F7F7ABFD0022FF212868F7F7B7FD26
:10E0600000222B492868F7F7ADFD2068F2F700F889
:10E07000284C41462060F7F7BEFD41462068F7F77F
:10E0800049FB7D212068F7F7CCFD6FF02101206866
:10E09000F7F7DDFD09212068F7F7F9FA1EA12068DE
:10E0A000F2F76CFE3046ECF77AFA0146002220685F
:10E0B000F7F77CFD0022FF212068F7F788FD206834
:10E0C000BDE8F04100221649F7F77CBD940200201C
:10E0D0009C020020A8150508A0020020E02B0508DE
:10E0E000A4020020EC370508A8020020F843050828
:10E0F000AC02002004500508B0020020105C0508A6
:10E10000B4020020323032352D312D313000000084
:10E110004C940308B802002032333A30300000003B
:10E1200060A6040805490A79012A01D00120704738
:10E1300000220A71096801601046704768000020DB
:10E1400005490A79012A01D00120704700220A718D
:10E1500009680160104670475800002005490A7997
:10E16000012A01D00120704700220A71096801606C
:10E17000104670474000002005490A79012A01D065
:10E180000120704700220A7109680160104670473B
:10E190005000002005490A79012A01D0012070476A
:10E1A00000220A7109680160104670477000002063
:10E1B00005490A79012A01D00120704700220A711D
:10E1C00009680160104670476000002005490A791F
:10E1D000012A01D00120704700220A7109680160FC
:10E1E000104670474800002038B5ECF7A1FF0546FF
:10E1F0000020F7F7C3FD04460520F7F7BFFD0146F1
:10E200000B480090002322462846FAF7EDF9014614
:10E210002846EDF717F8FFF7F7FD0020F4F7F6F9B9
:10E22000044948600868BDE83840EDF703B80000CD
:10E230003C2403089402002010B5044605480068F9
:10E24000F2F79CFD044821460068BDE81040F2F753
:10E2500095BD0000B8020020B402002010B50D4C9E
:10E2600020B102284FF0000211D000E0FF22FF2170
:10E27000FF20ECF7ACFA014600222068F7F75DFCBE
:10E2800020680022BDE81040FF21F7F762BC0021A2
:10E29000EEE70000A402002040F6C41148436421C8
:10E2A000B0FBF1F001B202480068F1F791BA00004A
:10E2B000A002002010B50B4C80B100221146FF20B7
:10E2C000ECF785FA014600222068F7F736FC206853
:10E2D0000022BDE81040FF21F7F73BBCFF221146AA
:10E2E000EDE70000A802002010B50B4C80B1002221
:10E2F0001146FF20ECF76BFA014600222068F7F781
:10E300001CFC20680022BDE81040FF21F7F721BC6B
:10E31000FF221146EDE70000B002002010B50B4CC3
:10E3200080B100221146FF20ECF751FA014600228D
:10E330002068F7F702FC20680022BDE81040FF21AA
:10E34000F7F707BCFF221146EDE70000AC02002002
:10E3500000880988401A70472DE9F04186B00646CA
:10E36000F1F7E8FB050072D03046EFF7E9FF04460D
:10E3700090F8540080076AD52846F1F71CFC022863
:10E3800065D02846F1F717FC042860D06946606A1A
:10E39000F4F75EFD03A92846F1F7E2FB04A928463D
:10E3A000F1F70EFCBDF90C10002950DBBDF90E0091
:10E3B00000284CDBBDF80020891AADF80810BDF824
:10E3C0000210401AADF80A003046EFF77BFF064610
:10E3D000606AF5F796FE0146606ABDF908200027DD
:10E3E0000546002A01DA01200EE08A4202DB47F6E8
:10E3F000FF77F8E702A9F1F7EDFE87B202A9606A9C
:10E40000F2F70CF980F0010094F860104FF6FF78F5
:10E410008A0723D550EAC1724FF4407001D1012E12
:10E4200008D0C9071ED0022E12D0032E12D0082EFB
:10E4300010D019E0C4E9167894F8601041F0010298
:10E44000014684F860202046F4F750F806E03FE0EB
:10E45000E76503E001462046F3F762FC94F86000AC
:10E46000C00701D1012E33D139462046F9F78EFF7E
:10E4700094F86000C0072BD0D4E91610814208D967
:10E48000EA6B824202D12A6C8A4218D0E863A06DFE
:10E4900011E008D2EA6B8A4202D12A6C82420ED085
:10E4A000E963E06D07E0E96B4046814202D1296CE7
:10E4B000814204D0E86328642046F6F721F9032E50
:10E4C00001D0082E04D114F8600F20F00100207054
:10E4D00006B0BDE8F081000070B5EFF731FF0546EA
:10E4E000F4F730FDEBF7D0FA044601212846F4F7A3
:10E4F00017FC054694F902000549228801EB8000CB
:10E5000004A150F8043C2846BDE87040F2F76DBC09
:10E5100028010020256420257300000070B5EFF766
:10E520000FFF0646F4F70EFDEBF7AEFA04460021A6
:10E530003046F4F7F5FB0546EFF78AFC0178C27820
:10E54000303901EB4103C3EBC11102EBC102417849
:10E5500080786423594300EB800001EB40001118E0
:10E560002088A1F5A051D039081A81B22846EFF7CA
:10E5700076FE01213046F4F7D3FB024694F90200FF
:10E58000BDE87040401E81B21046EFF768BEF8B596
:10E590000446B0F92E0010F5004F59D0B4F92C30D4
:10E5A000658D99B2A94202D201F5B4710BB294F80B
:10E5B0003410C1F34101D1B301290DD0022947D153
:10E5C0000095B4F93220B4F93010F2F76DFE05B2BF
:10E5D0002046A28DA9B237E0E91801EBD171B4F958
:10E5E0003070B4F9322041F34F06B91801EBD17104
:10E5F00041F34F0188420CDA0A462B463946009611
:10E60000F2F752FE05B2A9B22046EAF73BFAB1B2E0
:10E6100009E000933346F2F747FE05B2B1B2204657
:10E62000EAF730FAA9B22046EAF7F0F90EE0FFE780
:10E630000093B4F93220B4F930102B46F2F734FECF
:10E6400005B2AAB22046618DEAF75CF9A4F8405001
:10E65000F8BD2DE9F0410446EFF772FE074620466B
:10E66000EFF770FE06463846EFF7FAFB04463046F1
:10E67000EBF70AFA05683846EFF7EAFB0178C2784B
:10E68000303901EB4103C3EBC11102EBC102417808
:10E6900080786423594300EB800001EB4000104474
:10E6A000A0F5A050D038001B81B245F30742304698
:10E6B000BDE8F041EBF7EAB90102020304050607E1
:10E6C00008090A0B0C0D0E0F1010010202030405BD
:10E6D000060708090A0B0C0D0E0F101000000000B1
:10E6E0000000000001020304060708090000000002
:10E6F0000102030400000000992502087D2602089B
:10E7000000000000B9290208820082004A020000CD
:10E71000000001E001E0000000FF0055AAFF001129
:10E720002233445566778899AABBCCDDEEFF000101
:10E7300002030405060708090A0B0C0D0E0F101141
:10E7400012131415161718191A1B1C1D1E1F202131
:10E7500022232425262728292A2B2C2D2E2F303121
:10E7600032333435363738393A3B3C3D3E3F404111
:10E7700042434445464748494A4B4C4D4E4F505101
:10E7800052535455565758595A5B5C5D5E5F6061F1
:10E7900062636465666768696A6B6C6D6E6F7071E1
:10E7A00072737475767778797A7B7C7D7E7F8081D1
:10E7B00082838485868788898A8B8C8D8E8F9091C1
:10E7C00092939495969798999A9B9C9D9E9FA0A1B1
:10E7D000A2A3A4A5A6A7A8A9AAABACADAEAFB0B1A1
:10E7E000B2B3B4B5B6B7B8B9BABBBCBDBEBFC0C191
:10E7F000C2C3C4C5C6C7C8C9CACBCCCDCECFD0D181
:10E80000D2D3D4D5D6D7D8D9DADBDCDDDEDFE0E170
:10E81000E2E3E4E5E6E7E8E9EAEBECEDEEEFF0F160
:10E82000F2F3F4F5F6F7F8F9FAFBFCFDFEFF808051
:10E8300080818182828384858687898A8C8D8F916D
:10E84000939597999B9EA0A2A5A7AAADAFB2B5003C
:10E85000FF1FFF1F01E001E02100200069006A00A6
:10E860006C006B006D006E00630062000000000031
:10E87000F4E602088D990108000000000000000085
:10E8800000000000C300C300041C0000F4E60208FE
:10E89000F1990208000000000000000000000000E4
:10E8A00064202B0000000000F4E60208CD9A020864
:10E8B0000000000000000000000000006420D127DC
:10E8C00000000000F4E60208D39B01082D9C01081B
:10E8D00000000000919C010864200401C0080000B1
:10E8E000F4E6020825AA010800000000000000006C
:10E8F00071AA010804010401010400007CA90408B4
:10E900002DFD0108000000000000000000000000D4
:10E9100064203220010400007C5F0508D05F0508F8
:10E92000E85F0508A85F0508D45F0508DC5F0508F7
:10E93000F05F0508E05F0508B45F0508C85F0508DB
:10E94000CC5F050804600508745F0508905F050842
:10E95000985F0508D85F0508A45F0508AC5F050847
:10E96000B05F0508885C0508B85F0508BC5F05084E
:10E97000905C05080C600508745F0508945F050845
:10E98000845F0508F45F0508EC5F0508A05F0508D3
:10E99000E45F05089C5F0508C45F0508C05F0508C3
:10E9A000885F0508805F05088C5F0508745F0508AF
:10E9B00008600508FC5F0508785F05080060050829
:10E9C000F85F050810600508250304040404040426
:10E9D00004040404040404040404040404040701F7
:10E9E00026030304030403040304030403040304CD
:10E9F00003040304070101050105010401040104E6
:10EA000001040104010401040105010501052203BB
:10EA100002010600020122037C5F0508546005081C
:10EA20006C600508246005085860050860600508EA
:10EA30007460050864600508346005084C600508CA
:10EA40005060050804600508745F05087C600508CF
:10EA5000146005085C60050820600508286005084A
:10EA60002C60050830600508386005083C60050822
:10EA7000406005080C600508745F0508945F050890
:10EA8000845F050878600508706005081C6005084B
:10EA900068600508186005084860050844600508B6
:10EAA000885F0508805F05088C5F0508745F0508AE
:10EAB00008600508FC5F0508785F05080060050828
:10EAC000F85F050810600508250304040404040425
:10EAD00004040404040404040404040404040701F6
:10EAE00026030304030403040304030403040304CC
:10EAF00003040304070101050105010401040104E5
:10EB000001040104010401040105010501052203BA
:10EB10000201060002012203B4600508B86005087E
:10EB2000BC600508C0600508C4600508C860050829
:10EB3000CC600508D0600508D4600508B060050801
:10EB400004600508745F05087C600508A860050876
:10EB500094600508AC600508A4600508E06005083D
:10EB60009060050880600508E86005088860050871
:10EB7000DC600508E4600508745F0508F4600508BA
:10EB8000EC6005088C6005089C600508A06005081D
:10EB9000FC60050800610508F0600508F8600508DC
:10EBA000D86005088460050898600508745F05084A
:10EBB00008600508FC5F0508785F05080060050827
:10EBC000F85F050810600508010401040104010450
:10EBD00001040104010401040104010402012203EF
:10EBE00001040104010401040104010401040104FD
:10EBF00001040104010401040104010401040104ED
:10EC000001040104010401040104010401042203BC
:10EC10000201060002012203B4600508B86005087D
:10EC2000BC60050808600508745F0508C060050839
:10EC3000C4600508C8600508F85F0508745F05082A
:10EC4000CC600508D0600508D4600508046005089C
:10EC5000745F050804610508B0600508885F050851
:10EC6000FC5F050800600508106005080100010050
:10EC70000100220301000100010022030100010044
:10EC8000010002000100010001000100010000007C
:10EC9000F4E60208C10E02080000000000000000B7
:10ECA000DD0E02081A001A0080020000F4E60208D5
:10ECB0000000000000000000000000000000000054
:10ECC000C30004010000000060A904080000000067
:10ECD0000000000000000000000000000000000034
:10ECE0000000000008AA0408000000000000000066
:10ECF0000000000000000000000000000000000014
:10ED0000F4E60208091802086D1902080000000064
:10ED100000000000C300040140060000F4E6020801
:10ED200075190208A919020800000000000000007F
:10ED30006420D12780020000F4E602084919020885
:10ED40000000000000000000000000006420D12747
:10ED500000000000F4E60208311A0208000000007A
:10ED600000000000000000006420D1270000000027
:10ED7000F4E60208000000000000000000000000AF
:10ED800000000000D127D12700000000F4E60208AF
:10ED90000000000000000000000000000000000073
:10EDA0000000000000000000F4E60208000000007F
:10EDB0000000000000000000000000000000000053
:10EDC00000000000F4E6020800000000000000005F
:10EDD0000000000000000000000000000000000033
:10EDE000F4E602080000000000000000000000003F
:10EDF000000000000000000000000000F4E602082F
:10EE00007F1B02089B1B020800000000B51B0208C4
:10EE100000000000C0030000F4E60208000000004B
:10EE20000000000000000000000000000401D127E5
:10EE300080030000F4E6020800000000000000006B
:10EE400000000000000000006420D1274002000004
:10EE5000F4E60208000000000000000000000000CE
:10EE6000000000006420642040020000CCAA0408D6
:10EE7000416C02080000000000000000C56C0208A0
:10EE8000820000008107000028A90408B96F020869
:10EE90000000000000000000000000000000000072
:10EEA00000000000F4E602084D7B02088D7C020899
:10EEB00000000000E97C02086420642000030000D8
:10EEC000F4E60208018702080000000000000000CC
:10EED000000000000000000080020000F4E60208CC
:10EEE0003D87020800000000000000000000000054
:10EEF0000000000080020000F4E60208BD90020855
:10EF000000000000000000000000000064206420F9
:10EF1000400200000EA0D90D90C80C80B70A601105
:10EF20000B80D91F0991F0881F0880F0880000002D
:10EF3000000D203C00000F0069002FFFFFFFF701CC
:10EF40005C11A610006900C300008800D2009FFF7A
:10EF5000FFFFF012C523E22000D203C00000F0043E
:10EF6000B0000000700000000E00000000E0000093
:10EF700019EFEA300CD6E6A702F40E00001F80E07D
:10EF800000006FEF50000016FFE500000E0AF001D0
:10EF900000E05F13F85E6EB005CFFE9100000E003A
:10EFA00000000070000008DD3000A7004B02D00414
:10EFB000C0007700D01D20004B03D0A7000007DC65
:10EFC00034C4CC3000001D2D22D00000A63B00B37D
:10EFD0000005C03A00A3001D200D00D000A60004CB
:10EFE000CC40004DFC300000F718C00001F205D005
:10EFF0000000BB6E4000005FF3000007E6DB03800B
:10F000002F301DBAA05F0001DF401FB448FEC003CF
:10F01000BFFC40B200000000001F01F01F00F00024
:10F020000003F10B900F404F007D009B00AA00AA47
:10F03000009B007D004F000F400B9003F15E000E1F
:10F040006008C004F001F300F500E600E600F501F9
:10F05000F304F008C00E605E0000930088A6C209A9
:10F06000FE404DDDB14293500052000004500000BC
:10F0700008A0000008A0001FFFFFF30339B3300011
:10F0800008A0000008A0000103F61E60E12C0000AB
:10F090000003FFF90333100003F52E4000000E407B
:10F0A0000004E000009A00000E400004F000009A06
:10F0B00000000E400003F000009A00000E50000314
:10F0C000F000009A00000E500003F00000004CFE1B
:10F0D00070004FB68F900DB0005F32F40000E74F24
:10F0E00020000CA4F20000CA2F40000E70DB0005C7
:10F0F000F204FB68F90004CFE700EFFB44CB00AB60
:10F1000000AB00AB00AB00AB00AB00AB00AB07DF6C
:10F11000EA108E857EC0010006F1000006F00000B6
:10F120000D900000CC00001CC00001DB00001DE5BC
:10F1300044427FFFFFF97FFFFFF024445F9000000F
:10F14000BC000009E100003FD81000046DD00000B1
:10F1500002F4100002F4BD757DD019DFEA10000042
:10F160000DA0000000AC00000007E10000004F40CF
:10F17000100002F600F5001DA000F5007FFFFFFF64
:10F18000F3133333F730000000F500000000F50002
:10F1900009FFFFF00AB444400C8000000E7000002C
:10F1A0000FFFFC4003345CF2000000F7100000F792
:10F1B0008E856CF108DFFB30002AEFD5003FD65773
:10F1C000400CC0000002F40000004F5BFFA104FEF1
:10F1D000845DD03F80003F30E80003F206F845DC54
:10F1E0000005DFE9109FFFFFFD9D4444E99C0004FA
:10F1F000F200000BB000002F400000AD000001F64F
:10F20000000008E000000E8000006F1000019EFE6C
:10F210009100BE636EC00F60006F00CC202BC00257
:10F22000EFFFE200DC424CD05F20001F55F20002ED
:10F23000F50ED535DE001AEFEA1003BFEA202FA441
:10F240004BE18E0000E99D0000DD4F7129FF07FFB3
:10F25000FC9E000210AC000002F607658FB00AEFBA
:10F26000D7002E53F50000000000003F52E42E535B
:10F27000F50000000000002E52F60D21D001000024
:10F2800000003100006CF2018ED6000FC300000AAE
:10F29000FB40000017EE70000005C3000000001FD7
:10F2A000FFFFF30333333000000000000000001FB5
:10F2B000FFFFF303333330040000000ED7100000CB
:10F2C0005CF92000002AF20003AFB106DE82001CC8
:10F2D0006000000000000007DFEA109E746EC001AD
:10F2E0000006F0000009C000008E200006F20000B9
:10F2F00008700000000000000B8000000C9000006F
:10F30000006CEFDA4000003DA41016D90001E509B9
:10F31000EE98CA900A80BD43AFC0D30F13F2000C21
:10F32000C0693C06D00007C03B4B06D00007C02C8C
:10F330003C03F2000CC04A0F10BD439EE3C50A8097
:10F3400009EE91CF9001E50000000000003DA410FF
:10F3500028000000007CEFD9100000000CF1000034
:10F3600000003FD700000000B96E00000002F20E5E
:10F3700050000009A007D000001F3000F400007FFB
:10F38000FFFFFB0000E733334F2005F000000C9037
:10F390000C90000006F18FFFFEC408E3334BF28EA1
:10F3A00000001F58E00018F18FFFFFF808E3333723
:10F3B000F68E000009C8E000009D8E33347F78FF90
:10F3C000FFFD700007CFFB4000CF966AF50AE20010
:10F3D00000301F600000004F200000004F200000A0
:10F3E000001F600000000AE200003001CF966AF5BD
:10F3F0000007DFFB408FFFFEA4008E4446CF708ED7
:10F40000000007F38E000000DA8E0000009D8E00E1
:10F4100000009D8E000000DA8E000007F38E444647
:10F42000BF708FFFFEA4008FFFFFF68E4444418E15
:10F430000000008E0000008FFFFFC08E3333208E4F
:10F440000000008E0000008E4444428FFFFFF98FC1
:10F45000FFFFF68E4444418E0000008E0000008EB7
:10F460000000008FFFFFC08E3333208E0000008E1F
:10F470000000008E0000000007CFFC5000CF966A0D
:10F48000F60AE20000201F600000004F200000008C
:10F490004F200000B91F600000B90AE30000B90066
:10F4A000CF966AF80007DFFC608E000008E8E000F5
:10F4B000008E8E000008E8E000008E8FFFFFFFE85E
:10F4C000E333339E8E000008E8E000008E8E0000DB
:10F4D00008E8E000008E8E8E8E8E8E8E8E8E8E8E42
:10F4E00002FFFFC00444BC000009C000009C0000F3
:10F4F00009C000009C000009C02000BA0EB58F6052
:10F500003CFE808E00004F508E0004F6008E003FBF
:10F5100070008E03F800008E2EC000008EECF60006
:10F52000008FB07F30008E000AE1008E0000CC001A
:10F530008E00001EA08E0000008E0000008E0000D5
:10F54000008E0000008E0000008E0000008E000083
:10F55000008E0000008E4444408FFFFFF28E0000BA
:10F560000008E8F7000002FE8FF10000BFE8DCA011
:10F57000004F9E8D2F300D87E8D09C06E07E8D01D8
:10F58000E7E507E8D006FC007E8D000A2007E8D0FA
:10F590000000007E8E100008E8FC00008E8FF9004D
:10F5A00008E8E6F6008E8E09F308E8E00CE18E8E9E
:10F5B000001EB8E8E0003FEE8E00006FE8E00000BB
:10F5C000AE0007CFEB500000CF966BF9000AE200C7
:10F5D000005F601F6000000AD04F20000006F04F5F
:10F5E00020000006F01F6000000AD00AE200005F61
:10F5F0006000CF966BFA000007DFEB50008FFFFD35
:10F600007008E4458FB08E00005F38E00001F58E91
:10F6100000003F48E0014DD08FFFFFB208E33310F8
:10F62000008E00000008E00000000007CFEB500053
:10F6300000CF966BF9000AE200005F601F600000D7
:10F640000AD04F20000006F04F20000005F01F6098
:10F6500000000AD00AE200005F6001DF855AFA006C
:10F660000008DFFC5000000001EC21940000001BAA
:10F67000FFC10000000012008FFFFD7008E4458FFD
:10F68000B08E00005F38E00001F58E00003F38E0EA
:10F69000014DD08FFFFFC208E333DA008E0002F67F
:10F6A00008E00005F3019EFDA200CE646B702F40C0
:10F6B000000001F800000006FD950000016AEE5010
:10F6C0000000009F00200005F13FA547EB004BEF35
:10F6D000E910FFFFFFFF2444BD44400009C00000C3
:10F6E000009C00000009C00000009C00000009C050
:10F6F0000000009C00000009C00000009C00009C6D
:10F7000000000BA9C00000BA9C00000BA9C00000BB
:10F71000BA9C00000BA9C00000BA8E00000D94F442
:10F720000003F50CF868FD0009EFE9100CB00000CB
:10F730000AC05F200001F500E900008E0008F0001B
:10F740000E70001F6005F10000AD00C9000003F459
:10F750003F3000000CBAC00000005FF50000000060
:10F76000EE00006F10000DB00002F21F60003FF1CC
:10F770000008D00BB0008BE6000D7006F000E69B91
:10F78000002F2001F503F14F108D0000CA09B00EC3
:10F7900060D800006F0E6009B2F300001F9F1004D4
:10F7A000F9D000000CFB0000EF80000007F600001D
:10F7B0009F30003F50000DA008F2009D0000CC04D7
:10F7C000F300002F9E70000006FC00000009FE10F0
:10F7D00000004F4DB00001E802F7000BD0007F2081
:10F7E0007F20000BD00CB000009C002F50002F3069
:10F7F000009E000C900000E805F1000005F3E60013
:10F8000000000CFD000000003F4000000002F3007B
:10F810000000002F3000000002F300004FFFFFFF48
:10F820009144444AF3000003F6000001EA0000009E
:10F83000CC0000009E1000006F4000003F700000F0
:10F840001ED4444436FFFFFFFC8FF68D318D008DB2
:10F85000008D008D008D008D008D008D008D008D40
:10F86000008D318FF65D000000F200000B8000007B
:10F870006D000001F200000B8000006D000001F23D
:10F8800000000B7000006D000001F200000B700022
:10F89000006D000001F2BFF325F302F302F302F35F
:10F8A00002F302F302F302F302F302F302F325F38D
:10F8B000BFF300AD00001EC4000885A000E20E10DA
:10F8C0005B00970B5002E0EEEEEEE00BC00009B0DB
:10F8D00004CFEA100B745DB0000004F004CEEEF229
:10F8E0001F8214F24F1004F21F703DF204DFD7F2B2
:10F8F000BA000000BA000000BA000000BA8EFC3066
:10F90000BFD54BF3BE1000CABA00007EBA00007E1D
:10F91000BE1000CABFD55BF3B98EFC30007DFD6020
:10F9200009F748F42F5000205F0000005F0000003E
:10F930002F50002009F748F4007DFD600000001FF3
:10F9400040000001F40000001F4008EFC4F40AF773
:10F9500048FF42F50007F45F00002F45F00001F476
:10F960002F50006F40AE637EF4008EFC4F40008E3F
:10F97000FC400AD538F42F20008C5FEEEEFF5F21AB
:10F9800011112F70001009F846E4007DFE80009EE2
:10F99000E305F44108C000CFFFF029D32008D000D0
:10F9A00008D00008D00008D00008D00008D000001F
:10F9B0007EFC4E60AF747FF62F50005F65F0000054
:10F9C000F65F00000F62F60006F609F747FF5007E2
:10F9D000EFC4F50000003F20CB646EB003AEFD80A5
:10F9E00000BA000000BA000000BA000000BA8EFBA6
:10F9F00020BFC56DD0BE0003F2BA0000F4BA00000B
:10FA0000F5BA0000F5BA0000F5BA0000F5BAA80092
:10FA1000BABABABABABABABA000AB00099000000C3
:10FA200000AB000AB000AB000AB000AB000AB000A7
:10FA3000AB000AB000AA064E71DFA0BA000000BAFF
:10FA4000000000BA000000BA001CC0BA01CC00BA25
:10FA50001CD100BBCF6000BFDBE100BD11DC00BAF0
:10FA6000003F70BA0007F3BABABABABABABABABAA9
:10FA7000BABAB99EFA15DFD40BFB45EDE64AF2BEE1
:10FA80000006F6000E7BA0004F2000C9BA0003F16B
:10FA9000000C9BA0003F1000C9BA0003F1000C9BB2
:10FAA000A0003F1000C9B99EFB20BFB45DD0BE00CE
:10FAB00003F2BA0000F4BA0000F5BA0000F5BA008B
:10FAC00000F5BA0000F5007DFD60009F748F702F77
:10FAD00050007F05F00001F35F00002F32F50007B2
:10FAE000F009F748F70007DFD600B98EFC30BFC435
:10FAF0003AF3BE1000CABA00007EBA00007EBE1003
:10FB000000CABFD55BF3BA7EFC30BA000000BA0071
:10FB10000000BA000000008EFC3F40AF748EF42F4E
:10FB200050007F45F00001F45F00002F42F5000710
:10FB3000F40AF748FF4008EFC4F40000001F40003B
:10FB40000001F40000001F40B98E4BFD71BE100B88
:10FB5000B000BA000BA000BA000BA00005DFEA134A
:10FB6000F735A06F000001EE9610016AEF3000003B
:10FB7000D96C646F62AEFD7008D00008D000CFFF72
:10FB8000F029D32008D00008D00008D00008D00009
:10FB900005F551009FE3C80002F3C80002F3C80056
:10FBA00002F3C80002F3C90003F3AB0007F35F835D
:10FBB0007EF306DFC5F30D90000AA06E0001F3008E
:10FBC000F5007D0009C00E60003F24F00000C8B9B8
:10FBD000000006FF3000000FC000C80006F1000D55
:10FBE00056D000CF6003F01F302F9C009A00B8075A
:10FBF000B2F10E4005E0D60C74E0000F6F007C9966
:10FC00000000AFA001FF400005F4000BE0004F3002
:10FC100007E109D02F4000D9D900003FD000004FA4
:10FC2000E10001E7BB000BB01E707E1005F30D90E4
:10FC3000000AA06F0001F300F6007D0009C00D600E
:10FC4000002F34F00000C9A9000005FF2000000EBD
:10FC5000C0000000E5000094AD00001BFC20000087
:10FC60005FFFFFA13337F40001E70000CB00008EF7
:10FC700010004F40001EA33326FFFFFC006EA00FB4
:10FC80009201F4001F4001F4003F303FC0006F308C
:10FC900001F4001F4001F4001F4000FA2005EA8B28
:10FCA0008B8B8B8B8B8B8B8B8B8B8B8B8BBE500235
:10FCB000AE0005F0005F0005F0004F1000DF104FB0
:10FCC0005005F0005F0005F0005F002AE00BE40043
:10FCD00007EC40B41E25DFC00100000004CC302B2F
:10FCE00001C05700932B01C005CC3006A10FF60BC5
:10FCF000E2000000000000000000000000027BFBAA
:10FD0000000000049DFFFFD00003AFFFFFFFFD00D8
:10FD100000AFFFFFFFDFD0000AFFFFB610ED0000CD
:10FD2000AF9400000ED0000AF1000000ED0000AF1B
:10FD30001000000ED0000AF1000045FD0000AF10D9
:10FD400001EFFFD0179DF1005FFFFC0EFFFF1000D9
:10FD5000AFFD31FFFFE00000010003BDA300000084
:10FD6000000050188888888405FABFDDDDDDFDAF0E
:10FD7000E47F100000CA4EE04F100000C80EFEEFF6
:10FD8000100000CFEFE03FEEEEEEF80EF68F766655
:10FD900066EB6FF8AF100000CC8FE03F100000C89A
:10FDA0000EFCDF655555EECFC25FFFFFFFF92C5704
:10FDB000750577777775FFFF1FFFFFFFFFFFFF2FA9
:10FDC000FFFFFFFFEFFF0EFFFFFFFE01100011110D
:10FDD0001110EFFE0EFFFFFFFEFFFF2FFFFFFFFFE3
:10FDE000FFFF1FFFFFFFFF688707888888866887F7
:10FDF0000788888886FFFF1FFFFFFFFFFFFF2FFF99
:10FE0000FFFFFFDFFD0DFFFFFFFD00000000000111
:10FE10005000000000001DF80000000001DFFD00A0
:10FE20000000001DFFE22D600001DFFE20DFF70073
:10FE30001DFFE2008FFF71DFFE200008FFFEFFE2E2
:10FE40000000008FFFFE2000000008FFE20000001D
:10FE500000007D2000000000000000007F60000B1B
:10FE6000E2EFF600BFF84FFF6BFFD104FFFFFD107C
:10FE7000005FFFE10000BFFFF6000BFFDFFF60BF88
:10FE8000FD14FFF5CFD1004FF617100003600000FE
:10FE90000011000000000000FF000000006F21FFC3
:10FEA00012F70006FF61FF16FF601FF901FF109FA8
:10FEB000F16FE001FF100EF6AF8001FF1008FACFDE
:10FEC0006001FF1006FCAF8000AA0008FB7FD00095
:10FED00000000DF71FF80000008FF107FF91002AC6
:10FEE000FF70009FFFEEFFF9000005CFFFFD5000FF
:10FEF000000002442000000000000000000000009C
:10FF00000AFFA0000000000CFFC0000003D6DFFFC6
:10FF1000FD6D300EFFFFFFFFFFE05FFFFFAAFFFF59
:10FF2000F51AFFF4004FFFA103FFD0000DFF3004CE
:10FF3000FFF0000FFF404FFFFB22BFFFF42FFFFF3A
:10FF4000FFFFFFF209FEFFFFFFEF9000505EFFE5AD
:10FF5000050000000CFFC000000000047740000016
:10FF600000000003100341000000009FF50DF500A4
:10FF700000001BFDFF8DF5000002DFB12DFFF50035
:10FF8000004FF83EC2BFF50007FF55FFFE39FE40A7
:10FF90009FE38FFFFFF56FF6AC2AFFFFFFFF73E6CD
:10FFA000005FFFFFFFFFF100006FFFD77FFFF20050
:10FFB000006FFF900DFFF200006FFF900DFFF20049
:10FFC000004FFF700BFFE100000000330000000055
:10FFD000000BFFB0000000000CFFC0000000000C90
:10FFE000FFC0000000000CFFC0000000000CFFC0BC
:10FFF0000000008FFFFFFFF800002EFFFFFFE20070
:020000040803EF
:100000000002EFFFFE200000002DFFE200007999C2
:1000100082DE289997FFFFFB22BFFFFFFFFFFFFF54
:10002000FFFFFFFFFFFFFFFAB3CFACCCCCCCCCCCB3
:10003000CA0006BBBBBBBA3000004FFFFFFFFFE1A9
:100040000000EF30000006FB0009F800000000CFC0
:10005000504FD0000000002FE1DF84420000344BFD
:10006000F9FFFFFD0001FFFFFBFFFFFF988BFFFF84
:10007000FCFFFFFFFFFFFFFFFCFFFFFFFFFFFFFF96
:10008000FB9FFFFFFFFFFFFFF600000000000033B3
:1000900000018DFFC600EF004EFFFFFFE4DF04FF0D
:1000A000B3004CFFFF0EF90000008FFF6FC000018E
:1000B000FFFFFF8E500001DEEEED000000000000AB
:1000C0000022222200000021FFFFFF100008F8FF9D
:1000D000FBBC10001EF4FFFC100001DFC0FEEFE8C7
:1000E000448EFE10FE1AFFFFFFC100FD0028BB94E6
:1000F0000000000002700002EF0002EFFDFFFFFFB2
:10010000FFFFFFFFFFFFFFFFFFFFFFFFFFFF344782
:10011000FFF00005FF000005C000000000000270B5
:1001200000000002EF00000002EFF0000DFFFFFFF3
:100130000220FFFFFFF08E1FFFFFFF00E7FFFFFF22
:10014000F03F5FFFFFFF08903447FFF0000000051D
:10015000FF0000000005C0000000000000000000DB
:10016000000000077000000002700005FA000000A7
:100170002EF000814F600002EFF001DD07F0DFFF9D
:10018000FFF0321E80F6FFFFFFF08E27E0B9FFFF81
:10019000FFF00E73F19BFFFFFFF03F54F09AFFFF5B
:1001A000FFF0890AC0D83447FFF0007F43F3000016
:1001B0005FF002F60CB0000005C00000BF100000A8
:1001C00000000009E3000000000000021000378872
:1001D0008888888873EFFFFFFFFFFFFEFE32DFFF96
:1001E000FFFFFFF9007FFFFDFFFFFD10CFFFA07FA6
:1001F000FFFFFFFFFA0007FFFFF35FA00000CFFF44
:100200003003000000CFFC0000000000CFFFCCCC8A
:10021000CCCCCCFFAFFFFFFFFFFFF90000200000B8
:100220000001FA00000006FF1000000DFF70000042
:100230006FFFF10001EFFFFA000BFFFFFF605FFFB0
:10024000FFFFE0CFFFFFFFF6FEBFFFFFF9FD4FFF0F
:10025000FFF9BF49FFFFF53FE52EFFD006FFFFFD89
:10026000200028BA600004300000311FE00006F9C9
:100270001FE0007FFA1FE009FFFA1FE0AFFFFA1F3F
:10028000EBFFFFFA1FFFFFFFFA1FFFFFFFFA1FE65A
:10029000FFFFFA1FE05FFFFA1FE004FFFA1FE00014
:1002A0003EFA0FD00002D70000000000020000005C
:1002B00000000CFB2000000000FFFF900000000F7A
:1002C000FFFFE6000000FFFFFFFC30000FFFFFFF15
:1002D000FF9100FFFFFFFFFFE60FFFFFFFFFFFF2B1
:1002E000FFFFFFFFFFFD0FFFFFFFFFF800FFFFFF16
:1002F000FFB2000FFFFFFD400000FFFFF70000000E
:100300000FFFA1000000006A40000000000014443C
:10031000200144420DFFFF10DFFFF1FFFFF30FFF4D
:10032000FF3FFFFF40FFFFF4FFFFF40FFFFF4FFF12
:10033000FF40FFFFF4FFFFF40FFFFF4FFFFF40FF01
:10034000FFF4FFFFF40FFFFF4FFFFF40FFFFF4FF3D
:10035000FFF40FFFFF4FFFFF30FFFFF39FFFC009C8
:10036000FFFC001444444444420DFFFFFFFFFFF133
:10037000FFFFFFFFFFFF3FFFFFFFFFFFF4FFFFFF58
:10038000FFFFFF4FFFFFFFFFFFF4FFFFFFFFFFFF38
:100390004FFFFFFFFFFFF4FFFFFFFFFFFF4FFFFFD8
:1003A000FFFFFFF4FFFFFFFFFFFF4FFFFFFFFFFF18
:1003B000F39FFFFFFFFFFC0002100000420FE2006E
:1003C00003FB0FFE3004FB0FFFF404FB0FFFFF5491
:1003D000FB0FFFFFFAFB0FFFFFFFFB0FFFFFFFFB12
:1003E0000FFFFFD6FB0FFFFD14FB0FFFC104FB0F38
:1003F000FB0004FB0CA00003FA000000000000005A
:100400000012000000000003FF60000000002EFF4B
:10041000F500000001EFFFFF4000001DFFFFFFF3AC
:100420000000CFFFFFFFFE200AFFFFFFFFFFE00EEF
:10043000FFFFFFFFFFF2039999999999500588886A
:10044000888888700FFFFFFFFFFFF30FFFFFFFFF9C
:10045000FFF40BFFFFFFFFFFD100000000000000D2
:100460003F9000003FFC00003FFD10003FFD1000EA
:100470003FFD10001FFD100000CFF4000000CFF47E
:10048000000000CFF4000000CFF4000000CFE00037
:100490000000A4000000000000CD1000001FFD10AF
:1004A00000003FFD1000003FFD1000003FFD100068
:1004B000003FFD000008FF900008FF900008FF903B
:1004C0000008FF900002FF9000000780000000007D
:1004D0000004500000000002FF60000000003FF731
:1004E0000000000003FF70000000003FF70000065E
:1004F000999AFFC99980FFFFFFFFFFFF3DFFFFFFB4
:10050000FFFFF201113FF71110000003FF70000020
:1005100000003FF70000000003FF70000000000C27
:10052000D30000006999999999980FFFFFFFFFFF89
:10053000F3DFFFFFFFFFFF200000000000000000CE
:100540000156640000000003BFFEEFF91000007FB9
:10055000FA1003DFE40008FFA009B41EFF504FFFAC
:10056000200BFF26FFE1EFFF09CFFF63FFFABFFF7C
:1005700009FFFF54FFF61EFF51DFFB09FFB003EF39
:10058000E204305FFC10002CFF956AFF9000000031
:1005900049DFFD920000000000000000000000CDD7
:1005A00020000000000000008FF5001466400000ED
:1005B0000004EFACFFEFFF910000001CFFA1004D15
:1005C000FE300000009FF5AB31EFF40007B105FFEE
:1005D000FFE17FFE100FFE302DFFF54FFF900CFF67
:1005E000E000AFF65FFF6002FFF40006FFEFFB00E4
:1005F000004FFD10003EFFC0000002DFE85401BFC5
:10060000E300000005AEFF6007FF6000000000008F
:1006100000004EF60000000000000001A1000000F4
:100620000000000000000000003ED00000000000BC
:10063000000CFF80000000000006FFFF200000000B
:100640000000EFFFFB00000000008FFCCFF4000073
:1006500000002FFB00FFD00000000BFFC00FFF7059
:10066000000004FFFD01FFFF100000DFFFE02FFF8F
:10067000FA00007FFFFF9BFFFFF3001FFFFFB00E9C
:10068000FFFFC00AFFFFFE24FFFFFF60FFFFFFFF29
:10069000FFFFFFFA06CCCCCCCCCCCCCB300000009A
:1006A0000000360000000000007F80DDDB00008DD0
:1006B000EFF8FFFFB007FFFFFD556FF46FF8AFE2F3
:1006C000000574FF907E2000003FFA000000000249
:1006D000EFB2504A00012EFD1DF48FB0FFFFD10B89
:1006E000FFFFFBFFFE2000CFFFFB12210000029F57
:1006F000C000000000005B00000007A00000000038
:1007000008FFB000000008FFFFB0000008FF95FFE1
:10071000B00008FF9005FFB007FF900005FFB09FF5
:1007200090000005FD004000000003104C20000078
:1007300000B60BFE200000CFF02EFE2000CFF4000C
:100740002EFE20CFF400002EFECFF40000002EFF7E
:10075000F4000000002EF400000000001300000070
:1007600000083000000000000000BFF308BBBBBB66
:1007700090000BFFFF39FFFFFFF1008FCFCFF0009C
:10078000000AF100382F948000000AF100002F9039
:100790000000000AF100002F900000030AF1300071
:1007A0002F9000001FCBF8F8002FEBBBBB39FFFFE9
:1007B000E2001FFFFFFFB09FFD20000000000000CF
:1007C00008D10037888700000000EFFFFFA000007D
:1007D00000FFFFFFFDCCCCB6FFFFFFFFFFFFFFFFD9
:1007E000FFFFFFFFFFFFFFFFFFFFFFFFFFFFFFFF19
:1007F000FFFFFFFFFFFFFFFFFFFFFFFFFFFFFFFF09
:10080000FFFFFFFFFFFFFFFFFFAFFFFFFFFFFFF94E
:1008100000000000000000000001DD1000000000EA
:100820001DFFD100000001DFFFFD1000001DFFFFD4
:10083000FFD100009FFFFFFFF90000011CFFC11066
:100840000000000CFFC0000000000CFFC000000012
:10085000000CFFC0000079993BFFB39997FFFFB2EE
:10086000442BFFFFFFFFFEDDEFFFFFFFFFFFFFFA5F
:10087000B3CFACCCCCCCCCCCCA0000000000020082
:10088000000000000004FFC70000000000AFFFF000
:10089000000000001FFFFD0000000006FFFFC00079
:1008A00000000008FFF700000000000CFF3000000F
:1008B000000004FFC00000000001EFF300004A3018
:1008C00002DFF80005DFFE15EFFB0000EFFFFFFF82
:1008D000FA00000BFFFFFFF70000007FFFFFA20000
:1008E000000002BA8500000000000486000000102D
:1008F00006FFFA0002DFD1EF3CF101DFFA0EE0AFB4
:1009000021DFFA009FEFF6DFFA00008DFFFFFB000A
:10091000000006FFFD00000048EFFFF600006FFF3B
:10092000FBFFF6000EF3CF23FFF600EE0AF204FF02
:10093000F609FEFC0004FFF108DA10000262000074
:10094000000000000000006FFFF987000008FFFFB3
:1009500098F708A68FFFF95990FFA8FFFFFCCC0F6E
:10096000FA8FFFFFFFF1FFA8FFFFFFFF1FFA8FFFC6
:10097000FFFFF1FFA8FFFFFFFF1FFA8FFFFFFFF14F
:10098000FFA8FFFFFFFF1FFA7FFFFFFFF0FFE3124B
:100990002222210FFFFFFFF90000ACCCCCCB50008E
:1009A000004999999995000EFFFFFFFFF600FD227F
:1009B00022224FF60FC0000001FFF3FC0000001FD1
:1009C000FF6FC0000002FFF6FFFFFFFFFFFF6FFF9A
:1009D000FFDCFFFFF6FFFFB005FFFF6FFFF6000F24
:1009E000FFF6FFFFC006FFFF6FFFFFEDFFFFF69F63
:1009F000FFFFFFFFFD10CDDDDDDDDDDD2FFFFFFFA4
:100A0000FFFFF31222222222220000000000000039
:100A10000000000000000FFFFFFFFFFFF3DEEEEE1F
:100A2000EEEEEE20000000000000000000000000DC
:100A30000DEEEEEEEEEEE2FFFFFFFFFFFF300000F7
:100A40000000000037888888888873EFFFFFFFFF69
:100A5000FFFEEFFFFFFFFFFFFE1CFFFFFFFFFFC1D9
:100A6000D28FFFFFFFF82DFF64EFFFFE45FFFFFA77
:100A70002BFFB2AFFFFFFFD3553DFFFFFFFFFFBBD3
:100A8000FFFFFFFFFFFFFFFFFFFFAFFFFFFFFFFFC6
:100A9000F9000000000001FFFFF00004FFFFD0009C
:100AA00006FFFF800008FFFF30000AFFFFAAA60C28
:100AB000FFFFFFF80EFFFFFFE10BDDDFFF6000002F
:100AC0004FFD0000007FF3000000BFA0000000FF0A
:100AD00010000003F800000003C000000000200028
:100AE00000000455EFB5520000FFFD1FFFB0000FDE
:100AF000FFFFFFFC0000FFFF533320000FFF97FFB5
:100B0000FB5700FFF8AFFFC6F80FFF8AFFFC4AA1B2
:100B1000FFF8AFFFE3220FFF8AFFFFFFF4FFF8AFFC
:100B2000FFFFFF4FFF8AFFFFFFF43552AFFFFFFFCC
:100B300040000AFFFFFFF400007FFFFFFE200000DF
:100B400001100000000000AF00000000018FFA302B
:100B5000000002EFFFFF500000BFFFFFFF10001F6B
:100B6000FFFFFFF50003FFFFFFFF70005FFFFFFFC8
:100B7000F90008FFFFFFFFC000DFFFFFFFFF209F1E
:100B8000FFFFFFFFFD0EFFFFFFFFFFF20222222209
:100B90002221000008FFC00000000009A2000000A0
:100BA0005BBBBBBBBBBBBBA3FFFFFFFFFFFFFFFBF1
:100BB000FC0C30E11D0D11FCFC0B30E01D0D10FC98
:100BC000FFFEFFEFFEFEEFFCFFF15A0870A05FFC96
:100BD000FFF37B2992C27FFCFFBFCBBBBBBFCBFC2B
:100BE000FC0B2000000D00FCFFCFCCCCCCCFCCFB0D
:100BF0009FFFFFFFFFFFFFF6000000000000020064
:100C0000000000000005DFB00000000007EFFFD08B
:100C100000000018FFFFFF70000029FFFFFFFF002A
:100C2000003BFFFFFFFFF8000AFFFFFFFFFFF1009F
:100C30000FFFFFFFFFFFA000049AAAAFFFFF2000F5
:100C40000000000EFFFB00000000000EFFF400009B
:100C50000000000EFFC000000000000EFF5000006A
:100C60000000000DFD00000000000004B3000000C3
:100C700035555502000FFFFFF2F400FFFFFF2FF480
:100C80000FFFFFF2FFF3FFFFFF32221FFFFFFFFF07
:100C9000F7FFFFFFFFFF8FFFFFFFFFF8FFFFFFFFE3
:100CA000FF8FFFFFFFFFF8FFFFFFFFFF8FFFFFFF3B
:100CB000FFF8FFFFFFFFFF8FFFFFFFFFF88AAAAAE1
:100CC000AAAA300000002455310000000003AFFF45
:100CD000FFFFC7000002BFFFFEDEFFFFF6005FFF61
:100CE000B51000038EFFB0DFD300000000008FF5C9
:100CF000180005AEFEC81004600002DFFFFFFFF819
:100D00000000000CFF95347DFF40000002A20000AF
:100D100000770000000000029600000000000000C4
:100D20000DFF500000000000000EFF6000000000FA
:100D3000000005DA000000005BBBBBBBBBBBBBBA5D
:100D400020FFFFFFFFFFFFFFFF90FC122222222265
:100D5000220FF7FC5FFFFFFFFFFF2CFAFC5FFFFF96
:100D6000FFFFFF21FAFC5FFFFFFFFFFF27FAFC26D2
:100D700066666666661FFAFEBBBBBBBBBBBBBFB18C
:100D8000AFFFFFFFFFFFFFFF50000000000000006B
:100D900000005BBBBBBBBBBBBBBA20FFFFFFFFFFC1
:100DA000FFFFFF90FC1222222221000FF7FC5FFFC1
:100DB000FFFFF8000CFAFC5FFFFFFFF80001FAFCF0
:100DC0005FFFFFFFF80007FAFC2666666663000F08
:100DD000FAFEBBBBBBBBBBBBBFB1AFFFFFFFFFFF9F
:100DE000FFFF500000000000000000005BBBBBBB29
:100DF000BBBBBBBA20FFFFFFFFFFFFFFFF90FC1252
:100E000022221000000FF7FC5FFFFFD000000CFA59
:100E1000FC5FFFFFD0000001FAFC5FFFFFD0000085
:100E200007FAFC2666665000000FFAFEBBBBBBBB90
:100E3000BBBBBFB1AFFFFFFFFFFFFFFF50000000D4
:100E40000000000000005BBBBBBBBBBBBBBA20FF0C
:100E5000FFFFFFFFFFFFFF90FC1222000000000FCA
:100E6000F7FC5FFF300000000CFAFC5FFF30000071
:100E70000001FAFC5FFF3000000007FAFC26661054
:100E80000000000FFAFEBBBBBBBBBBBBBFB1AFFFDB
:100E9000FFFFFFFFFFFF5000000000000000000008
:100EA0005BBBBBBBBBBBBBBA20FFFFFFFFFFFFFFB2
:100EB000FF90FC0000000000000FF7FC00000000A5
:100EC00000000CFAFC00000000000001FAFC000029
:100ED0000000000007FAFC0000000000000FFAFE0E
:100EE000BBBBBBBBBBBBBFB1AFFFFFFFFFFFFFFF88
:100EF000500000000000000000000000000007B2E9
:100F00000000000000000ADFFA000000000000A955
:100F10003DF5000000044002E00010000000AFF8C2
:100F20000B600000006C30FFFFFFFFFFFFFFFFF4CE
:100F3000AFF9000C5000006D4005500004C00000E7
:100F4000100000000000C43EE80000000000002E79
:100F5000EFFA000000000000004FFA00000000005F
:100F60000000000000000000011000000007EFFF7B
:100F7000B30000AFFD8FFF2004FFFD09FFB00AFEA4
:100F8000FD12AFF00EF55D2C0EF30FFF33129FF53F
:100F90000FFFF307FFF60FFFE206FFF60FFE241325
:100FA0007FF50DF57D2C0DF30AFFFD11BFF003FF5A
:100FB000FE0BFFA0007FFEBFFE100003ACDC810033
:100FC00000003443000005667FFFF96650FFFFFF15
:100FD000FFFFFF356666666666501CCCCCCCCCC481
:100FE00002FFFFFFFFFF602FF3FB7F6DF602FF2F75
:100FF000B7F5DF602FF2FB7F5DF602FF2FB7F5DF5D
:10100000602FF2FB7F5DF602FF2FB7F5DF602FF355
:10101000FB7F6DF601FFFFFFFFFF5007BCCCCCCC80
:10102000900000000000000120000000000004FF0C
:10103000500000000002FFFF500000000439FFFED6
:1010400000000004FF39FFA0000004FFFF39B000DA
:101050000004FFFFFF20000004FFFFFFB0000004BA
:10106000FFFFFFB0000004FFFFFFB0000004FFFF20
:10107000FFB0000000BFFFFFB00000000DFFFFB099
:1010800000000000FFFFB00000000009A8600000A1
:101090000000000000178888888887400002EFFF62
:1010A000FFFFFFFFF4003EFFFFCFFFCFFFF703EF8F
:1010B000FFF908F809FFF83EFFFFFE20402EFFF879
:1010C000DFFFFFFFE101EFFFF89FFFFFFF80008FD1
:1010D000FFF809FFFFF902C209FFF8009FFFFE4E6B
:1010E000FE4EFFF80009FFFFFFFFFFFFF700008F34
:1010F000FFFFFFFFFFC100000000000003EFFFFF44
:10110000E203FBFBCEBFA4FF1D03A1FAFFF1D03A1F
:101110001FAFFFFFFFFFFAFFFFFFFFFFAFFFFFFF64
:10112000FFFAFFFFFFFFFFAFFFFFFFFFFAFFFFFF29
:10113000FFFFAFFFFFFFFFFAFFFFFFFFFFADFFFF66
:10114000FFFFF829AAAAAAA80000000000000003D7
:1011500000000000000004F1000820000001FF1062
:101160000BF70000002FF10CFF94444445FF1BFFD8
:10117000FFFFFFFFFFF18FFFFFFFFFFFFD007FF786
:101180000000000000006F60000000000000300060
:101190000000000000000000000000000000C0038C
:1011A000000000000000C003030A00000F008005DB
:1011B000050500051C00D0090A0A00004E00B00811
:1011C000090F00FE9200D00B0C0A0000CE00A0090F
:1011D0000A0B00FF0501F002030500050D01B00434
:1011E000040E01FD2901C004040E00FD4501A00507
:1011F00006060005570120080807000273013003A6
:10120000030500FE7B016005050300038301300335
:10121000030300008801F004070EFFFFB901500925
:10122000090A0000E6013005040A0000FA0110086E
:10123000080A000022020008080A00004A026009A9
:101240000A0A00007C021008080A0000A402A00894
:10125000090A0000D1026008080A0000F90200092A
:10126000090A00002603A008080A00004E03300304
:10127000030800005A033003030B00FD6B03200832
:10128000080800018B03200808060002A3032008B9
:1012900008080001C3030008080A0000EB03800EE1
:1012A0000E0D00FD4604400A0C0AFF008204A00A4D
:1012B000090A0100AF04200A0A0A0000E104900BA9
:1012C0000A0A010013056009080A01003B05E0084D
:1012D000080A01006305D00A0A0A00009505600BA0
:1012E000090A0100C2055004020A0100CC053007BA
:1012F000070AFF00EF05100A0A0A0100210650083C
:10130000080A01004906600D0B0A01008006600B07
:10131000090A0100AD06C00B0C0A0000E906200A0C
:10132000090A01001607C00B0C0D00FD6407300A06
:10133000090A01009107B008090A0000BE07300839
:10134000090A0000EB07100B090A01001808F00950
:101350000B0AFF004F08C00F100A00009F08700919
:101360000A0A0000D10810090B0AFF000809300919
:10137000090A00003509B004040E01FD5109F0040A
:10138000070EFFFF8209B004040E00FD9E0930081D
:1013900007060102B3090007070100FFB70960084B
:1013A00005020109BC09600808080000DC09900971
:1013B000080B0100080A000808080000280A900924
:1013C000090B00005A0A9008080800007A0AF00485
:1013D000060B00009B0AB009090B00FDCD0A90091D
:1013E000080B0100F90AE003020B0100040B0004E2
:1013F000050EFEFD270BA008080B0100530BE003B0
:10140000020B01005E0BD00E0D080100920B90093B
:1014100008080100B20BE00809080000D60B90098B
:10142000080B01FD020C9009090B00FD340CC005EE
:1014300005080100480C000707080000640CD005EF
:10144000060A0000820C800908080100A20CD007DF
:101450000908FF00C60C900C0D080000FA0CC0072C
:10146000080800001A0DD007090BFFFD4C0D5007AE
:1014700007080000680DF004050E00FD8B0D300418
:10148000020E01FD990DF004050E00FDBC0D2008B3
:1014900008030003C80DE00506050006D70D60042B
:1014A00004030003DD0D000E0F0FFFFE4E0E000EB5
:1014B0000E0B00009B0E000E0E0D00FFF60E000E30
:1014C0000E0B0000430FA0090A0B00007A0F000E5C
:1014D0000E0F00FEE30F000E0E0F00FE4C10C00FAB
:1014E000100D00FFB410000E0E0F00FE1D11C00FF6
:1014F000100B00007511000E0E0F00FEDE1100072C
:10150000070C00FF0812800A0B0C00FF4A12C00FE4
:10151000100E00FEBA12000E0E0B00000713A009F9
:101520000A0F00FE5213400C0A0E01FE9813400CE5
:101530000D0F00FEFA13400C0D0D00FF4F14400C70
:101540000D0D00FFA414400C0A0E01FEEA14400C1D
:101550000E0DFFFF4515C008090D00FF8015C008DE
:10156000090D00FFBB15400C0D0D00FF1016400CBF
:101570000D0400032A16C00F100B00008216801104
:10158000120F00FE0917C00F110FFFFE8917000E82
:101590000E0D00FFE417400C0D0800011818400C58
:1015A0000D0800014C188011120B0000AF18000E3E
:1015B0000E0B0000FC18000E0E0F00FE6519000E49
:1015C0000F0FFFFED619400C0D0D00FF2B1A400C1B
:1015D0000D0F00FE8D1A400C0D0D00FFE21A400C9D
:1015E0000D0C00FF301B000E0E0B00007D1BC00811
:1015F0000A0FFFFEC81B400C0D0F00FE2A1C400CFA
:101600000D0F00FE8C1CC00F100B0000E41C000E20
:10161000100FFFFE5C1D800A0B0F00FEAF1D801136
:10162000120D00FF241E8011120A00007E1E801180
:10163000120A0000D81E8011120A0000321F801109
:10164000120A00008C1F8011120A0000E61F801190
:10165000120C00FF5220400C0C0F00FEAC20400C7E
:101660000D0F00FE0E21000E0F0FFFFE7F218011D7
:10167000120B0000E221800A0B0F00FE3522100E33
:101680000F0A00000000721F51EF58EF5BEF5CEF94
:101690005DEF61EF63EF65EF69EF6CEF71EF76EF90
:1016A00077EF78EF8EEF93EF98EF9BEF9CEF9DEF46
:1016B000A1EFA2EFA3EFA4EFB7EFB8EFBEEFC0EF3B
:1016C000C1EFC4EFC7EFC8EFC9EFCBEFE3EFE5EF32
:1016D00014F015F017F019F030F037F03AF043F04D
:1016E0006CF074F0ABF03BF190F191F192F193F169
:1016F00094F1D7F1E3F13DF254F2AAF412F7F2F7C4
:10170000200000005F000100000000000000000059
:1017100000000200B0000000F3F760008416030828
:10172000000000003E000300000001020003040569
:1017300002060708090A090A0B0C000D0E0F10110A
:1017400012130C14140000001516171819161A1B82
:101750001C1D1D1E1F201D1D1621222303241E25B6
:1017600025262728292A2B002C002D2E2F30313218
:10177000332D343435302D2D2E2E36373839333A3B
:101780003A3B3A3C290000093D09000000000000F6
:101790000000000000000000000000000000000049
:1017A0000000000000000000000000000000000039
:1017B0000000000000000000000000000000000029
:1017C0000000000000000000010200030405020602
:1017D0000708090A090A0B0C0D0E0F10110C121341
:1017E00014151500000016171819171919191719CB
:1017F000191A1919191917191719031B1C1D1D1E60
:101800001F20212223002400252627272700272602
:10181000282926262A2A272A272A2B2C2D2E2E2F26
:101820002E300000230931090000000000000000F4
:1018300000000000000000000000000000000000A8
:101840000000000000000000000000000000000098
:101850000000000000000000000000000000000088
:101860000000000000010000000000000001000076
:101870000200000000020000000000000000000064
:101880000000000000000100000000000000000057
:101890000000000000010A0006FB00000000F4F355
:1018A000020B0504F7020B0109020700000000000B
:1018B0000000000000000D02FE000000000000001B
:1018C00000000000000400F90000000000FC040417
:1018D0000000FE00FE0200FE00FEFFFC0000000013
:1018E000FE0000FDFD0000FE00FC00000000000006
:1018F000000000FEFE00FD00FA00E50000FC000410
:10190000070000FC02020704FC040000F3000000D2
:101910000000000000000000F800000000000000CF
:1019200000000000000000FAFDF500F7FE000000D6
:1019300000000900F9FEFF0100FC0000FEEF0000BE
:10194000000000000000000000EEFE0900000000A2
:101950000000000000000000F70000000000000090
:101960000000000700020000FC0000000000000072
:10197000000000000000000000000902010000005B
:101980000000000000000000000000000000000057
:101990000000000000000000000000000000000047
:1019A00000000000F800000000000000000000003F
:1019B000000000000000000000000002040207FE1A
:1019C000000004FEF9E102060400FD000800070023
:1019D0000700EB00FD070007FE0402000001FE0007
:1019E00000FC12001200070009030407000000F8C1
:1019F0000000000001FE0002FCFDFC0200FE0000F1
:101A000000F70000000000000000000000F10000EE
:101A10000000000000000000000000000001F400D1
:101A2000F200000000FE0016FDFD0202FE00FD02B5
:101A30000000F40000000000000000000000EA00C8
:101A400002000000000000000000000000F2000D95
:101A50000000F8000700F1EAF1FC070000F10003C4
:101A6000FB00FD0000000000000000000000000678
:101A700007E50000000000000000000000000B006F
:101A80000200000000000202FDFC00FFFFFE00005B
:101A9000FE000000FC00FE00FBFC00FAF9F9FC006F
:101AA000FC00FC00000000FE0000020002FE00013D
:101AB00000000002FE000000FE0202FF000000FC29
:101AC00000FF0000000000010003FE00FD00FC001C
:101AD00000FE00070000FE0000000000FF01FEFE07
:101AE0000000FE00FE000000000000000000FFFFFC
:101AF00000FEFD0000000000010000FE00FEFEFEF2
:101B0000000000000000000000FF00000000FEFDDB
:101B100000FD00F9FEF9040000FC02040600FAFFD3
:101B2000FD00FFF502FE02F402000001F400F4FEE5
:101B3000EDFE00F50004060003000000000000FCBC
:101B4000FD00F9000000FE000000FE0000000000A3
:101B5000FFFF00FFFD00000000000000FEFE00FE91
:101B6000FDFE0000FE00000000000000000000007C
:101B7000FEFE00FD00FE00FC020000FD010202006E
:101B80000000000000FE0000000000020000FE0057
:101B9000FEFEFD000000000000000200FE0000004C
:101BA00000FEFD00FC0007FE01F9000006F5F4F759
:101BB000FC0200FEF1FC00FC00FC03FCF200FA0059
:101BC0000001FF02FE000200F9F700F5FBFBFBF944
:101BD000FDFA00FCFA01000100FE00000002000214
:101BE0000000000000000000000000FE00FF00FFF9
:101BF000FE00FCFBFBFF00F9000000000000FE00FF
:101C000000000001FF0000000200000000000000D2
:101C1000000B00000000000002000000FE000000B9
:101C20000000000000000000FC00020000000000B6
:101C30000000000000000000FE000000FC000000AA
:101C400000F5F9000000FDF50000FE0200FA0000BA
:101C50000000000000000000FC0000FC000000008C
:101C600000000000000000000200FC000000000373
:101C70000002FCFC00FEFEFD000000000000F90078
:101C8000FE00FDFE00FBFAF9FE00FC00F90000007A
:101C900000120000010000FD000200F6000000003C
:101CA00000EBFC0707FEF70002FD00F5FFFD02F068
:101CB000FE030003F8FDF8F9F70000F3000D000043
:101CC000FF000000FFFFFEFAF900EB00000000003B
:101CD0000000000001000000000000000000000003
:101CE0000000000000FE00FFFEFD0000FC00FE0002
:101CF0000000000000000000000000000000FF00E5
:101D0000FC000004FF0300FB02FEFFFAFE00FDFEE4
:101D1000FE00FDFC0000FEFFFEFCFD0000FE0002D8
:101D2000FE00FB000000FC00FC00FCFC02000000C8
:101D30000000000000FC0200FD00FEFDF9FEFEFEBA
:101D4000FFFEFDFF0000000000FEFEFE00000000A0
:101D500003FE00FE000000FEFDFEFEFDFE00020987
:101D6000FF00FA00FE0400FEF7FD030000F5FC0290
:101D7000FC0200FEFEF900FD010000FC0000000274
:101D800002FCFC00FCFEFDFEFE00FC01FCFC07006A
:101D90000000000000000000020000000000000041
:101DA0000000000000000000000000000000000033
:101DB000FC00000000000000000000000000000027
:101DC0000000000000000000000000000000000013
:101DD000000000000000000000000000FE00000005
:101DE00000000000000000000000000000000000F3
:101DF00000000000000000000000FEFE00000000E7
:101E00000000000000000000FD0000FD0000FEFEDC
:101E100000000000FE00000000FF0000000000FEC7
:101E200000000000FD00FC000000F90002FB0400BF
:101E3000FEF50000FBFE00F7FAFA0000F6FEF7F7E9
:101E4000F500FA00020FFD00FBFEFFFEFCFAFCF8B5
:101E5000F7FBFE0000FE00010000F0FE0705FBF8A6
:101E60000001F900F5FEFE04EBFD010000F1FDF4B8
:101E7000FEF00000F0000D0100FE00000000FFFE7B
:101E8000F7FE00F100000000F900FE00FFFAF50087
:101E900000FFFDF9FE00FE00000000F6FEF9F9FE6D
:101EA000FCFAFEFC00FCFEF9FD00FDFCFEFC00015E
:101EB00000FEF9000400FC00000000030002FC0921
:101EC00000FEFEFD000000000000F900FE00FDFE27
:101ED00000FBFAF9FE00FC020900000000120000FD
:101EE000010000FD000200000000000000000000F2
:101EF00000000000FEFC0000000000FF000000FEEB
:101F0000FE0000FCFE0000FC0004FF0000000000DA
:101F1000000100000000030402FE00F9FC0007F9C4
:101F2000F9FCFC090402EDFE04FE00FE02FEF800CE
:101F3000FE02FDFEF9FE0000070400FA00F4FD06B3
:101F4000FDF701FDF9F9FE090200FD00FA000207A4
:101F5000FBF8F7FA070001F0FE02FCFEFB00FBF8BD
:101F6000FDFDFE0000FBFBFE000705FEF400F4FD96
:101F700000F8F3FFF9FCF9FA060000FD00FCFE0092
:101F8000FEFC0004F9020000F400FEFBFCFEF9FA7E
:101F9000F9FB00F9FEFBFCF9FE0000010BFC00F967
:101FA000FE00FEFCFBFAFAF7FDFC0400FD00F5FD67
:101FB0000104F9F8FCF907FE01EBFC04FBFCF80056
:101FC000F9F7FDFEFEFEFBF9FF00000706FEF1003B
:101FD000F3FB05F7F1FCF8F7F5F90400000000FD4C
:101FE000000002FD0402FC040000F9FF00FF0001F4
:101FF00001FE000000000000FE00000000020700DB
:1020000000FD00000000FEFEFD00000001020000D7
:1020100000000200FE000900040101FD00040000B0
:1020200000020000000000000000000000070006A1
:102030000000000000000000000000000000F300AD
:10204000FE04000700001603FCFC0202FE01F5007E
:10205000000BF30000000000000000000000F10988
:102060001F000000000000000000000000F300005E
:102070000000000000000000000000000000000060
:102080000000000000000000FC0000FCFE0000005A
:102090000000000000000000000000000000000040
:1020A000FE00FA0000010000021DFCFE0706FA0215
:1020B00000000202FD00000000000000000000001F
:1020C000E306000000000000000000000000000027
:1020D000000000FA000000FA00000000FBFF000012
:1020E00000FB00FD00F50000000000000000000003
:1020F00000F10000000001000000000000FE0000F0
:10210000FC00FD00FA000000FC02FD0000FAFEFBEE
:102110000000FA00FE00F500FE0000EEFCF7FEF8FD
:102120000000F100FAFF0000000000000000FDFCCC
:10213000FEFC00000000FB00FB03FE0400FEFBFEB3
:10214000FCFC00FDFFFE02FAFF000000ECFEFD00BB
:10215000FB00FEF5FE0000FEFE000000000200FE97
:10216000FCFE040000000000000000000000000071
:10217000000000000000000000000000000000005F
:10218000000000000000000000000000000003004C
:102190000000000000FB00FE000000FC0200000048
:1021A000FAFEFC0000FA00FE00F500000000EA0064
:1021B000FCF8F50000F100FEFD000000000000004A
:1021C00000FEFDFFFD01000004FD00070BFEFEF90F
:1021D000030B0405FA0309030605060000000000CE
:1021E0000000000000000E0BFCFE00FE120A1200B0
:1021F0000000020000080000FC00000000000000D9
:102200000000FE00000000000000000300000000CD
:10221000EDFDFEF7F50000F10000000000000000F9
:10222000000000000000000000FC000000000000B2
:10223000000000FE0000000000000000030000009D
:1022400000EDFDFEF7F50000F700000000000000C3
:10225000000000000000000000000000FE00000080
:10226000FB0200FE020402F90000FE020002000070
:102270000000FA00FEFEFC00FEF7000EFE00FBFE72
:1022800000FEFC00FEFAFCFD000000FC0000000067
:102290000000000000FE000000000000000003003D
:1022A000000000EDFDFEF7F50000F1000000000069
:1022B000000B00000000000000000000FC00F9FD21
:1022C000FE07FEFEF701FF01FEFA00050002010213
:1022D000FBF7FD00F7FCFAF7F700FCFCFDFDFEFE46
:1022E000FDFE00FEFF030003FE00070000000000EB
:1022F00000000000000000FEFEFE0000FA00FF00EB
:10230000FC0000000000000000000000F3000000DE
:102310000000000000000000FEFE00FD00000000C4
:10232000FE0000FCFE0200FCFCFE00FAFEFBFEFDCF
:1023300000FC0000000000000000000000F10007A9
:102340000000FC00000000FD00FE0000FF0000FE99
:1023500000FB000009FDF9F902020200FA02030283
:10236000070207FEFA0000F70000F9FA0000FC007F
:10237000FDFC00FD00FD00FE0300FEF9FE0800006C
:10238000FE00FC000003FB0002FE020000F900FE5C
:10239000FF00FE02FE000000F7FDFB00F90000F563
:1023A0000008FE00FC000100FE00FEF900FE020035
:1023B000000000FE000002FD010000FDFE00FD0027
:1023C000000000000000000000000000000000000D
:1023D000F200050000FE000000000000FEFE00000C
:1023E000000400050000000000F2F3010A0704F7F2
:1023F00002090008000400000000000000000000C6
:10240000000C0000000000000000000000000000C0
:10241000000000006418030828170308C617030803
:102420003D31000014EF020894110308001703085F
:102430001424030810000228CC010020C9E401087C
:10244000EDE301081000030000FF0100242403084D
:1024500000000000000000001FF81FF80FF70FF742
:102460000FF60EF50EF50DF40DF30CF30BF207A1BC
:10247000000000001DF64FFB0CE57F802FD7F70111
:10248000FD6F701FC6F701FC6F600FC5F600FB38CB
:10249000300860000008F20005F500000000AF0001
:1024A000007F300000000DE00009F100000000FC9A
:1024B0000000BF000009FFFFFFFFFFFFFF307CCDE2
:1024C000FECCCCFECCC200004F60001F900000008C
:1024D00006F40003F8000000008F20004F600000A9
:1024E000000AF00006F400000000CE00008F20007B
:1024F00005FFFFFFFFFFFFFF704CCCFECCCCFFCCF5
:10250000C500002F90000ED000000004F70000FB73
:10251000000000006F50002F9000000008F300043E
:10252000F70000000000003F5000000000003F5096
:1025300000000000003F50000000017CFFFEB600DC
:10254000003EFFFFFFFFE101EFE65F737DC006FF86
:10255000203F50002009FC003F50000008FE003FD3
:1025600050000003FFC33F500000008FFFEF9100B9
:10257000000004CFFFFFC5000000017FFFFFB00097
:1025800000003F53BFF70000003F500BFC0000006D
:102590003F5007FE0570003F500CFB0CFD734F646D
:1025A000BFF405EFFFFFFFFF700006BEFFFE9300C4
:1025B0000000003F5000000000003F5000000000FD
:1025C000003F500000003CFE900000006F700003D0
:1025D000FD78FB000002FC00000BE1006F40000CE6
:1025E000F200000F90000F90007F6000001F70004D
:1025F0000EA002FB0000000F80000F900CF1000005
:10260000000DD0003F607F6000000005F924DE026D
:10261000FB00010000007FFFD30CE108FFE7000092
:102620000143007F509F85AF7000000002FA02F85E
:10263000000BF00000000DE105F30005F4000000C0
:102640008F5006F10003F5000003FA0005F30005C2
:10265000F300000DE10001F8000AE000008F4000E7
:10266000008F849F600003FA00000007DFD600009F
:10267000019EFEA2000000002EFEBDFF3000000003
:10268000AFB0007FB0000000DF50002FD00000008E
:10269000CF70006FA00000006FE106FF2000000077
:1026A0000BFDBFF40000000002FFFB100000000063
:1026B0006FFFFD1000000008FF51CFD100AC204F8C
:1026C000F2000CFD20FF00BF800000CFE8FB00EF10
:1026D0006000000CFFF300CFA0000001FFF2006FCC
:1026E000FA20016EFFFE2008FFFFFFFFA1BFD00010
:1026F00039DFFD93000B4000000000000000007F68
:1027000087F76F76F76F65F63830002FF1009F90EE
:1027100001FF2006FC000CF7000FF3003FF0006FF4
:10272000D0008FB0009FA000AF9000BF8000AF909E
:10273000009FA0008FB0006FD0003FF0000FF300AB
:102740000CF70006FC0001FF20009F90002FF10F06
:10275000F30008FB0001FF3000BF80006FD0001FB6
:10276000F2000EF5000BF80009FA0008FB0007FC68
:102770000006FD0007FC0008FB0009FA000BF8004A
:102780000EF5001FF2006FD000BF8001FF3008FB84
:10279000000FF3000000E800000300E800204FA154
:1027A000E84DE008FFFEFD40002EFFB00007EFFF00
:1027B000FC305FB2E85EE00400E800300000E800B2
:1027C00000000000000000000AA0000000000FF060
:1027D000000000000FF0000000000FF000000000FB
:1027E0000FF000006FFFFFFFFFF55EEEEFFEEEE57E
:1027F00000000FF0000000000FF0000000000FF0DC
:10280000000000000FF000003B80CFF3AFF30FE0BB
:102810001F905F409E000000000AFFFFFDAFFFFF1A
:10282000D004109FF1DFF46FB000000000EF200033
:1028300000004FD000000009F700000000EF20006A
:1028400000004FC00000000AF700000000FF100069
:1028500000005FC00000000AF600000000FF10004A
:1028600000005FB00000000BF600000001FF100048
:1028700000006FB00000000BF500000001FF000039
:1028800000006FA00000000CF500000002FF000037
:1028900000007FA00000000DF400000002FE000018
:1028A00000008F900000000000018DFFD810000094
:1028B0002EFFFFFFE20001FFE7337EFF100BFE203B
:1028C0000002EFB02FF50000005FF27FE000000093
:1028D0000EF7AFB00000000BFACF9000000009FC2B
:1028E000DF8000000008FDCF9000000009FCAFB0C1
:1028F0000000000BFA7FE00000000EF72FF500004B
:10290000005FF20BFE100002EFB001FFE7337EFF25
:1029100010003EFFFFFFE20000017CEEC71000DF69
:10292000FFFF5DFFFFF51111FF50000FF50000FFE5
:1029300050000FF50000FF50000FF50000FF5000A1
:102940000FF50000FF50000FF50000FF50000FF5DD
:102950000000FF50000FF50000FF500017CEFEC62C
:1029600000007FFFFFFFFC106FFC6335BFFA00978C
:10297000000000AFF10000000003FF300000000085
:102980003FF20000000008FE0000000002FF70009F
:10299000000002EFC000000002EFD100000002EFD3
:1029A000D100000003EFC100000003EFC0000000F1
:1029B00003FFB000000004FFC211111111FFFFFF5F
:1029C000FFFFFF1FFFFFFFFFFFF01FFFFFFFFFFFE6
:1029D00001FFFFFFFFFFE0011111117FF400000074
:1029E000003FF7000000001EFA000000000CFD0090
:1029F00000000009FE2000000003FFFC7100000041
:102A00003FFFFFE30000000015EFE10000000002BF
:102A1000FF60000000000CF90000000000DF81A151
:102A20000000004FF59FFA53349FFD03DFFFFFFFC7
:102A3000FD200049DFFEB60000000000000DFB0095
:102A40000000000000AFE1000000000006FF3000C1
:102A5000000000003FF7000000000000DFB00000B1
:102A60000000000AFD1000000000007FF3000000DD
:102A7000000003FF60009D7000001EFA0000BF9080
:102A80000000BFD00000BF900007FF411111BF91AF
:102A9000111FFFFFFFFFFFFFFC1FFFFFFFFFFFFFF7
:102AA000FC0000000000CF90000000000000CF906C
:102AB000000000000000CF90000000000000CF9058
:102AC00000008FFFFFFFFF000AFFFFFFFFF000BFC6
:102AD00081111111000DF60000000000EF40000010
:102AE00000000FF30000000002FF31100000003F63
:102AF000FFFFFEA30005FFFFFFFFF8000000002618
:102B0000DFF50000000000DFB00000000008FE005C
:102B1000000000008FD0930000001EFA5FFB6324CA
:102B20007EFF31BFFFFFFFFF500028CEFEC8100020
:102B300000004ADFFEB500000AFFFFFFFF1000CFD4
:102B4000F94223760008FE30000000001FF5000067
:102B50000000006FE00000000000AFA05BEFD93084
:102B600000BF9AFFFFFFF700DFFFC4014CFF40CF1B
:102B7000FC000000CFC0BFF50000005FF08FF20046
:102B800000003FF14FF40000004FF00DFC0000008A
:102B9000BFB004FFC3003BFF30005FFFFFFFF50045
:102BA00000018DFFD920004FFFFFFFFFFFF64FFF11
:102BB000FFFFFFFFF54FF21111118FF14FF00000F1
:102BC00000EF904FF0000005FF20022000000CFAFB
:102BD00000000000004FF30000000000BFC0000034
:102BE000000002FF500000000009FE00000000008D
:102BF0001FF700000000007FF10000000000EF90D0
:102C00000000000006FF20000000000DFB00000097
:102C100000004FF40000000000BFD00000000006DC
:102C2000BEFFD9200002DFFFFFFFF7000DFF71009C
:102C30004BFF403FF5000000CFA04FF10000009F88
:102C4000C02FF5000000DF900AFF72014CFF20004A
:102C50008FFFFFFFD30004DFFFEFFFF8002FFC40E2
:102C60000018FF90AFD00000006FF2DF800000007E
:102C70000FF5DF800000001FF5AFE10000008FF2CC
:102C80003FFD51003AFFA005FFFFFFFFFA000017CC
:102C9000CEFFD940000004AEFEC7000000AFFFFF2A
:102CA000FFE20008FF82004CFE101FF6000000CF7C
:102CB000A03FF00000006FF14FF00000006FF51F23
:102CC000F6000000CFF80AFF82004CFFF900CFFFAA
:102CD000FFFF9CFA0006BEFEA40DF80000000000F5
:102CE0000FF700000000003FF20000000000BFD01E
:102CF0000000000008FF5000A73125CFF90003FFB6
:102D0000FFFFFF8000007BDFEC8200005FB0DFF49C
:102D10009FF10410000000000000000000000410FB
:102D20009FF1DFF46FB05FB0DFF49FF1041000009B
:102D3000000000000000000000005EB0CFF48FF241
:102D40000FD02F806F307B00000000000184000056
:102D50000004BFF5000018EFFE81004BFFFA4000B1
:102D60003EFFD71000006FF7000000003EFFD710B5
:102D70000000004BFFFA4000000018EFFE81000049
:102D80000004BFF50000000001845EEEEEEEEEE50B
:102D90006FFFFFFFFFF500000000000000000000D3
:102DA00000000000000000000000000000005EEED7
:102DB000EEEEEEE56FFFFFFFFFF5471000000000AD
:102DC0006FFA4000000018EFFE7100000004BFFF22
:102DD000B4000000017DFFE3000000007FF500006B
:102DE000017DFFE30004AFFFB40018EFFE710000A7
:102DF0006FFB400000004710000000000028CEFEDE
:102E0000C700008FFFFFFFFD107FFB5213AFFB00D9
:102E100096000000AFF00000000005FF1000000069
:102E2000007FE0000000003FF7000000003FFB00D3
:102E30000000004FFA000000000EFB00000000063A
:102E4000FF100000000048700000000000000000BB
:102E500000000000000000000007FD00000000006E
:102E6000DFF20000000006FB00000000000016ADCD
:102E7000FFFDA60000000000008FFFCA9ACFFF8070
:102E800000000002DFC500000004CFD2000002EF06
:102E90007000000000007FE20000DF500000000032
:102EA00000004FD0008F800007CFFC60AF707F70B4
:102EB0000FE0002DFFFEFFCBF700DE05F7000DFD54
:102EC00030017FFF7007F49F3006FE1000006FF79F
:102ED000002F7CF000BF70000000EF7000F9DE00F2
:102EE0000DF30000000AF7000FADE000DF30000036
:102EF00000AF7000F9BF000BF70000000DF7002FC6
:102F000079F3006FE0000006FF7006F45F7000DFE9
:102F1000C30007FFFB01DE00EE0002DFFEDFFC3F27
:102F2000FEFF5008F900007CFFC7005DFD50000D5A
:102F3000F5000000000000000000002EF800000076
:102F4000000000000000002DFC5000000281000085
:102F500000000008FFFCAABDFF60000000000001A7
:102F60006ADFFFD94000000000000000AFF200005F
:102F700000000000001FFFA000000000000008FE8D
:102F8000FF10000000000000FF5DF80000000000DE
:102F9000007FE06FE000000000000DF700EF600030
:102FA00000000005FF1008FD0000000000CFA00099
:102FB0001FF5000000003FF30000AFC00000000A52
:102FC000FC000004FF30000002FF5000000DFA007A
:102FD00000009FFFFFFFFFFFF200001FFFFFFFFF4A
:102FE000FFFF900007FF1000000008FF1000EF90A7
:102FF000000000001FF7005FF200000000009FE0EB
:103000000CFA000000000002FF507FFFFFFFFEB639
:103010000007FFFFFFFFFFFD107FE00000029FFAA7
:1030200007FE000000009FF07FE000000005FF07A2
:10303000FE000000009FD07FE00000029FF507FF28
:10304000FFFFFFFFF6007FFFFFFFFFFFD407FE003B
:10305000000014CFF37FE000000000DFA7FE0000B7
:10306000000008FD7FE0000000008FE7FE00000088
:10307000000CFC7FE00000003BFF67FFFFFFFFFF4D
:10308000FF907FFFFFFFFFD93000000005ADFFDAA2
:1030900050000003DFFFFFFFFD30005FFFB6435924
:1030A000FFF203FFD30000001C800DFE10000000A3
:1030B00000005FF40000000000009FE0000000003E
:1030C0000000CFA0000000000000DF900000000022
:1030D0000000CFA00000000000009FD00000000012
:1030E00000005FF40000000000000DFE1000000072
:1030F000000003FFD30000001C80005FFFB53349D0
:10310000FFF20003DFFFFFFFFD30000005AEFFDA36
:1031100050007FFFFFFFFD94000007FFFFFFFFFF50
:10312000FC20007FE1111236BFFF4007FE000000C7
:10313000004EFE207FE0000000002FFB07FE000095
:103140000000007FF27FE00000000001FF77FE003A
:10315000000000000DF97FE00000000000CFA7FE96
:1031600000000000000DF97FE00000000001FF7783
:10317000FE00000000007FF27FE0000000002FFB57
:1031800007FE000000003EFE207FE1111135BFFF69
:103190004007FFFFFFFFFFFC20007FFFFFFFFD94C4
:1031A0000000007FFFFFFFFFFF67FFFFFFFFFFF64D
:1031B0007FE11111111107FE00000000007FE00007
:1031C00000000007FE00000000007FE0000000009B
:1031D00007FFFFFFFFFF507FFFFFFFFFF507FE1117
:1031E000111111007FE00000000007FE0000000048
:1031F000007FE00000000007FE00000000007FE10B
:103200001111111117FFFFFFFFFFFB7FFFFFFFFFF2
:10321000FFB07FFFFFFFFFFF67FFFFFFFFFFF67FAE
:10322000E11111111107FE00000000007FE0000015
:10323000000007FE00000000007FE0000000000723
:10324000FE00000000007FFFFFFFFFF507FFFFFF0C
:10325000FFFF507FE11111111007FE000000000078
:103260007FE00000000007FE00000000007FE0009B
:1032700000000007FE00000000007FE000000000EA
:1032800000000005ADFFEB60000003DFFFFFFFFE65
:1032900050005FFFB64348EFF503FFD3000000097D
:1032A000B00DFE1000000000005FF50000000000FF
:1032B000009FE0000000000000CFA0000000000020
:1032C00000DF90000000000794CFA0000000000D78
:1032D000F79FE0000000000DF75FF5000000000D13
:1032E000F70DFE100000000DF703FFD30000000DE6
:1032F000F7005FFFB63247DFF70003DFFFFFFFFF96
:1033000080000005ADFFEB71007FE0000000007F52
:10331000F7FE0000000007FF7FE0000000007FF7DD
:10332000FE0000000007FF7FE0000000007FF7FEC6
:103330000000000007FF7FE0000000007FF7FFFFB4
:10334000FFFFFFFFFF7FFFFFFFFFFFFFF7FE1111F2
:10335000111117FF7FE0000000007FF7FE00000062
:103360000007FF7FE0000000007FF7FE0000000084
:1033700007FF7FE0000000007FF7FE00000000076D
:10338000FF7FE0000000007FF07FE7FE7FE7FE7F29
:10339000E7FE7FE7FE7FE7FE7FE7FE7FE7FE7FE752
:1033A000FE7FE0008FFFFFFFF008FFFFFFFF00013F
:1033B00011117FF000000007FF000000007FF00007
:1033C000000007FF000000007FF000000007FF0082
:1033D0000000007FF000000007FF000000007FF009
:1033E00000000007FE000000008FD05A00000DFA18
:1033F0000FFC413BFF505FFFFFFFA00029DFFC6097
:10340000007FE000000006FF507FE00000006FF644
:10341000007FE0000005FF60007FE000005FF70034
:10342000007FE00004FF8000007FE0004FF9000013
:10343000007FE003FFA00000007FE03FFD000000F0
:10344000007FE3EFFF400000007FFEFDDFF20000A1
:10345000007FFFD12FFD1000007FFE1004FFB000A1
:10346000007FF200006FF800007FE0000008FF50CE
:10347000007FE0000000BFF3007FE00000000CFED2
:10348000107FE000000001EFC07FE00000000007B7
:10349000FE00000000007FE00000000007FE0000CA
:1034A0000000007FE00000000007FE0000000000B8
:1034B0007FE00000000007FE00000000007FE00049
:1034C00000000007FE00000000007FE00000000098
:1034D00007FE00000000007FE00000000007FE0083
:1034E000000000007FE11111111107FFFFFFFFFF36
:1034F000F07FFFFFFFFFFF007FC000000000000023
:10350000DF67FF5000000000007FF67FFE00000034
:1035100000001FFF67FFF80000000009FFF67FFFB3
:10352000F200000003FFFF67FDBFB0000000CF8E78
:10353000F67FD2FF4000005FE0EF67FD08FD00006E
:103540000EF60EF67FD00EF70008FC00EF67FD00C8
:103550005FF101FF300EF67FD000BFA0AF9000EF0B
:1035600067FD0002FF7FE1000EF67FD00008FFF646
:103570000000EF67FD00000EFD00000EF67FD0009A
:10358000005F400000EF67FD0000000000000EF645
:103590007FD0000000000000EF607FD0000000003E
:1035A0007FF7FFA000000007FF7FFF700000007F93
:1035B000F7FFFF40000007FF7FFDFE2000007FF7C0
:1035C000FE3FFD000007FF7FE05FFA00007FF7FE8F
:1035D000008FF70007FF7FE000BFF4007FF7FE00D9
:1035E00001EFE107FF7FE00003FFC07FF7FE00006F
:1035F00006FFA7FF7FE0000009FFDFF7FE000000E5
:103600000CFFFF7FE00000001EFFF7FE000000003F
:103610003FFF7FE0000000006FF0000005ADFFEB12
:1036200060000000002DFFFFFFFFE40000005FFFCF
:10363000B6335AFFF700003FFD30000001CFF50020
:103640000DFE1000000000CFF104FF40000000005C
:1036500002FF709FE000000000000BFC0CFA00006D
:10366000000000008FF0DF90000000000006FF0C5B
:10367000FA0000000000008FF09FD0000000000062
:103680000BFC05FF400000000002FF700DFE100063
:10369000000000CFF1003FFD30000001CFF5000039
:1036A0005FFFB53359FFF80000003DFFFFFFFFE467
:1036B0000000000005ADFFEB600000007FFFFFFF92
:1036C000EB600007FFFFFFFFFFD2007FE11112490F
:1036D000FFE107FE00000003FF907FE0000000090B
:1036E000FE07FE000000005FF07FE000000005FF25
:1036F00007FE000000009FE07FE00000003FF907A8
:10370000FE1111248FFE107FFFFFFFFFFD2007FF3A
:10371000FFFFFEB600007FE0000000000007FE0093
:1037200000000000007FE0000000000007FE000035
:10373000000000007FE0000000000000000005AD78
:10374000FFEB60000000002DFFFFFFFFE400000022
:103750005FFFB6335AFFF700002FFD30000002CFA5
:10376000F5000DFE1000000000DFF104FF50000026
:10377000000002FF709FE000000000000BFC0CFA4C
:103780000000000000008FF0DF9000000000000645
:10379000FF0CFA0000000000008FE0AFD000000036
:1037A00000000BFC05FF400000000002FF700EFD52
:1037B0001000000000CFF1004FFC20000001BFF618
:1037C00000007FFFA42248EFF90000005FFFFFFF29
:1037D000FFF60000000017CEFFFD710000000000A2
:1037E0000001CFF71004C300000000009FFFFFFF9F
:1037F0007000000000003AEFEA407FFFFFFFEB603F
:103800000007FFFFFFFFFFD2007FE1111249FFE138
:1038100007FE00000003FF907FE000000009FE07A4
:10382000FE000000005FF07FE000000005FF07FEE3
:10383000000000009FE07FE00000003FF807FE115D
:1038400011138FFE107FFFFFFFFFFD2007FFFFFF1B
:10385000FFFA00007FE000007FF20007FE0000009A
:10386000CFD0007FE0000001EF9007FE00000005D0
:10387000FF407FE000000009FE1000006BEFFDA597
:1038800000002EFFFFFFFFD100EFE721148EC006DE
:10389000FF200000002009FC000000000008FE00DE
:1038A0000000000003FFC300000000007FFFD951AB
:1038B00000000004BFFFFFC50000000159DFFFB09A
:1038C0000000000002AFF700000000000BFC000049
:1038D00000000007FE05800000000CFB0DFE8421A7
:1038E00025CFF403DFFFFFFFFF6000049DEFEC82B4
:1038F00000EFFFFFFFFFFFFFEFFFFFFFFFFFFF11E5
:103900001113FF511111000002FF300000000002EE
:10391000FF300000000002FF300000000002FF3016
:103920000000000002FF300000000002FF30000035
:10393000000002FF300000000002FF300000000025
:1039400002FF300000000002FF300000000002FF14
:10395000300000000002FF300000000002FF3000D5
:1039600000000002FF300000AFC000000000CF9A4E
:10397000FC000000000CF9AFC000000000CF9AFC72
:10398000000000000CF9AFC000000000CF9AFC005E
:103990000000000CF9AFC000000000CF9AFC00004E
:1039A00000000CF9AFC000000000CF99FC0000003F
:1039B000000CF99FD000000000DF87FF000000002E
:1039C0000FF63FF500000005FF20DFE1000001EFEA
:1039D000C003FFE73238EFF30004FFFFFFFFE4000E
:1039E00000017CEFEC7100000DFC000000000008FD
:1039F000FE006FF30000000000EF7000EFA0000079
:103A000000006FF10008FF100000000CF900001F1B
:103A1000F800000004FF200000AFE0000000BFB08D
:103A2000000003FF5000002FF40000000CFC000019
:103A300009FD000000005FF30000FF6000000000CF
:103A4000EFA0007FF00000000007FF100DF800005D
:103A50000000001FF805FF2000000000009FE0CFDD
:103A6000B0000000000002FF9FF400000000000012
:103A70000BFFFD000000000000004FFF6000000091
:103A800000000000DFE0000000001FF60000000062
:103A9000AFE000000003FF10BFB00000000FFF30D8
:103AA0000000008FC006FF10000005FFF8000000B6
:103AB0000DF6001FF6000000BFEFE0000003FF104E
:103AC00000BFB000001FF4FF3000008FC00006FFF1
:103AD000100006FD0CF800000DF600001FF50000B8
:103AE000BF706FE00003FF100000CFB0001FF201B5
:103AF000FF30008FC0000006FF0006FD000CF8003C
:103B00000DF70000001FF500BF70006FE003FF100D
:103B1000000000CFB01FF20001FF308FC000000096
:103B200006FF06FC00000BF80DF7000000001FF573
:103B3000CF7000006FE3FF2000000000CFCFF20045
:103B40000001FFBFC00000000007FFFC0000000BE9
:103B5000FFF700000000001FFF700000006FFF2053
:103B60000000000000CFF100000001FFC0000000D5
:103B70000EFC000000008FE103FF80000004FF50F6
:103B8000008FF300001EF900000CFE1000BFD000F3
:103B90000002FFA006FF200000005FF62FF60000E5
:103BA00000000AFFDFB00000000000EFFE10000080
:103BB0000000009FFB000000000004FFFF60000009
:103BC00000001EFA9FF200000000BFE10DFD0000A2
:103BD0000006FF4002FF9000002FF800006FF40085
:103BE00000DFD000000BFE1009FF20000001EFB045
:103BF0005FF6000000004FF70CFC0000000001FF22
:103C0000503FF500000000AFB0009FE00000004F03
:103C1000F20001EF9000000DF8000006FF20000701
:103C2000FE0000000CFC0001FF500000003FF5000A
:103C3000AFB0000000009FE04FF20000000001EF75
:103C40009DF8000000000006FFFE000000000000DC
:103C50000CFF500000000000006FF00000000000AA
:103C60000006FF000000000000006FF000000000F0
:103C7000000006FF000000000000006FF0000000E0
:103C800000000006FF00000000CFFFFFFFFFFFFC69
:103C90000CFFFFFFFFFFFFB01111111111CFF20058
:103CA000000000008FF400000000005FF80000003A
:103CB00000002FFB00000000000DFD0000000000D0
:103CC0000BFF200000000008FF500000000004FF70
:103CD000800000000002FFB00000000000DFD10003
:103CE00000000000BFF200000000008FF50000009F
:103CF00000004FFA11111111110EFFFFFFFFFFFF1E
:103D0000F1FFFFFFFFFFFFFF107FFFF87FFEE77F60
:103D1000D0007FD0007FD0007FD0007FD0007FD048
:103D2000007FD0007FD0007FD0007FD0007FD00008
:103D30007FD0007FD0007FD0007FD0007FD0007F79
:103D4000D0007FD0007FD0007FFEE77FFFF8BF501C
:103D500000000006FB000000001FF000000000BF94
:103D60006000000005FB000000000FF100000000F3
:103D7000AF6000000005FC000000000FF100000033
:103D800000AF7000000004FC000000000EF2000014
:103D900000009F7000000004FD000000000EF20013
:103DA0000000009F8000000003FD000000000EF3F3
:103DB000000000008F8000000003FE000000000DE6
:103DC000F3000000008F9000000002FE008FFFF75C
:103DD0008EEFF7000DF7000DF7000DF7000DF7005F
:103DE0000DF7000DF7000DF7000DF7000DF7000DB2
:103DF000F7000DF7000DF7000DF7000DF7000DF7B8
:103E0000000DF7000DF7000DF7000DF78EEFF78F9F
:103E1000FFF700002FF2000000009FF900000000F3
:103E2000FCBF10000007F55F7000000DE00ED00031
:103E3000004F8008F40000BF1001FB0002FA0000F0
:103E4000AF2009F400004F800FD000000DE08888FB
:103E500088888888FFFFFFFFFFFF08FF400004EF0E
:103E6000600001BF70006BEFFD81002EFFFFFFFEC1
:103E7000100EB51027FFB0010000006FF000000029
:103E8000001FF30037AAAAAFF40AFFFFFFFFF46F89
:103E9000F610000FF4BF9000000FF4CF8000005F19
:103EA000F48FE20004FFF41DFFCBDFDFF4018DFF90
:103EB000D80EF4DF700000000000DF70000000008A
:103EC00000DF700000000000DF700000000000DF75
:103ED000700000000000DF707CFEC71000DF9DFF57
:103EE000FFFFE300DFFFA3126EFE20DFF8000001FA
:103EF000EFA0DFE00000006FF1DF900000001FF393
:103F0000DF700000000FF5DF900000001FF3DFE01E
:103F10000000006FF1DFF8000002EFA0DFFFA31246
:103F20006EFF20DF8DFFFFFFE300DF607DFEC71027
:103F3000000003ADFEC600009FFFFFFFC109FF9315
:103F4000127FFA4FF600000391AFC000000000DFBF
:103F50007000000000FF5000000000DF7000000053
:103F600000AFC0000000004FF60000029109FF936F
:103F7000127FFA009FFFFFFFC10003ADFEC60000E5
:103F8000000000002FF300000000002FF3000000ED
:103F900000002FF300000000002FF30000000000DD
:103FA0002FF30005BEFE922FF301BFFFFFFF7FF34B
:103FB0000BFF93127FFFF35FF6000003FFF3BFC018
:103FC0000000008FF3DF700000003FF3FF5000009F
:103FD000001FF3DF700000003FF3BFB00000007F60
:103FE000F35FF5000002FFF30BFF71005EFFF301CA
:103FF000BFFFEFFF7FF30005BEFEA30FF30005BE7A
:10400000FDA300000AFFFFFFF8000AFE61028FF720
:1040100004FF2000005FF1AF90000000CF6DFCBBFB
:10402000BBBBBDF9FFFFFFFFFFFFADF600000000C7
:1040300000AFC00000000004FF60000006000AFF9F
:10404000A3114BF80009FFFFFFFF400003ADFFD8AD
:10405000100000008DFEA1000BFFFFF0004FF500E7
:1040600030007FD00000007FC00000AFFFFFFF7076
:104070009EFFFEEE60007FD00000007FD0000000B9
:104080007FD00000007FD00000007FD00000007FC4
:10409000D00000007FD00000007FD00000007FD063
:1040A0000000007FD00000007FD000000005BEFEB1
:1040B000A30DF500BFFFFFFF8DF50BFF93126EFF01
:1040C000F54FF6000001EFF5BFC00000005FF5DF1F
:1040D000700000000FF5FF500000000EF5DF7000CB
:1040E00000000FF5AFC00000005FF54FF6000001C3
:1040F000EFF50AFFA3126EFFF500BFFFFFFF8FF57C
:104100000005BEFEA30FF400000000002FF1031015
:10411000000000AFD00DF952114BFF500AFFFFFF16
:10412000FFF7000028CEFFD93000DF70000000004C
:104130000DF70000000000DF70000000000DF70028
:1041400000000000DF70000000000DF718DFFC70B9
:1041500000DFAEFFFFFFC00DFFF8314AFF90DFF533
:1041600000000AFF0DFC0000003FF2DF80000001AC
:10417000FF3DF70000000FF4DF70000000FF4DF777
:104180000000000FF4DF70000000FF4DF70000009A
:104190000FF4DF70000000FF4DF70000000FF40B7C
:1041A000F62FFD0BF7000000000DF70DF70DF70DD2
:1041B000F70DF70DF70DF70DF70DF70DF70DF70DDF
:1041C000F70DF7000009F8000001FFF000000AF801
:1041D000000000000000000000000000BF90000090
:1041E0000BF9000000BF9000000BF9000000BF9029
:1041F00000000BF9000000BF9000000BF900000068
:10420000BF9000000BF9000000BF9000000BF90008
:104210000000BF9000000BF9000000DF8004205F69
:10422000F400EFFFFC0009EFE90000DF7000000080
:10423000000DF70000000000DF70000000000DF727
:104240000000000000DF70000000000DF700000318
:10425000EFA0DF700003FFB00DF70004FFB000DF38
:104260007005FFB0000DF706FFB00000DF77FFF12B
:1042700000000DFEFFFFB00000DFFF87FF70000DA4
:10428000FF700AFF4000DF90000DFE100DF70000E8
:104290002EFC00DF7000004FF90DF70000007FF5E5
:1042A000DF7DF7DF7DF7DF7DF7DF7DF7DF7DF7DF90
:1042B0007DF7DF7DF7DF7DF7DF7DF7DF619DFEB501
:1042C0000007CFFD8000DFAFFFFFFF92EFFFFFFD94
:1042D00010DFFE6003CFFFFA2017FFA0DFF300001E
:1042E0000EFFA000008FF0DFC0000009FF200000DB
:1042F0002FF3DF80000007FF0000000FF4DF7000E5
:104300000006FE0000000FF4DF70000006FE000053
:10431000000FF4DF70000006FE0000000FF4DF70F5
:10432000000006FE0000000FF4DF70000006FE0033
:1043300000000FF4DF70000006FE0000000FF4DF45
:1043400070000006FE0000000FF4DF618DFFC70063
:104350000DF9FFFFFFFC00DFFF61028FF90DFF4049
:1043600000009FF0DFC0000003FF2DF80000001FD9
:10437000F3DF70000000FF4DF70000000FF4DF7066
:10438000000000FF4DF70000000FF4DF7000000098
:10439000FF4DF70000000FF4DF70000000FF400049
:1043A00004ADFEB5000000AFFFFFFFC1000AFF93A0
:1043B000127FFD004FF6000003FF80AFC000000039
:1043C0008FE0DF700000003FF1FF500000001FF39E
:1043D000DF700000003FF1AFC00000008FE04FF63B
:1043E000000003FF800AFF93127FFD00009FFFFF84
:1043F000FFC1000004ADFEB50000DF618DFEC710F7
:1044000000DF8EFFFFFFE300DFFF92005DFE20DF95
:10441000F7000001EFA0DFD00000005FF1DF9000A7
:1044200000001FF3DF700000000FF5DF90000000B8
:104430001FF3DFE00000006FF1DFF8000002EFA0E3
:10444000DFFFA3126EFF20DF9DFFFFFFE300DF70A1
:104450007CFEC71000DF700000000000DF7000006D
:10446000000000DF700000000000DF7000000000AE
:1044700000DF7000000000000005BEFEA20FF30187
:10448000BFFFFFFF6FF30BFF93127FFFF35FF60099
:104490000003FFF3BFC00000008FF3DF70000000D7
:1044A0003FF3FF500000001FF3DF700000003FF3F8
:1044B000BFC00000008FF35FF6000003FFF30BFFA7
:1044C00093127FFFF301BFFFFFFF7FF30005BEFEE6
:1044D000922FF300000000002FF300000000002FD7
:1044E000F300000000002FF300000000002FF30095
:1044F000000000002FF3DF618DF0DF7EFFF0DFFFB3
:10450000B540DFF70000DFD00000DF900000DF7073
:104510000000DF700000DF700000DF700000DF705F
:104520000000DF700000DF7000000018CFFEB71041
:1045300002EFFFFFFFB00BFE41026C300FF50000F1
:1045400000000EF90000000008FFD9520000008FA3
:10455000FFFFE910000047ADFFC0000000005FF35F
:10456000010000000FF40EC62003AFF13FFFFFFF74
:10457000FF60017BEFFD9200007FD00000007FD044
:104580000000007FD00000AFFFFFFF709EFFFEEE37
:1045900060007FD00000007FD00000007FD00000CE
:1045A000007FD00000007FD00000007FD00000001E
:1045B0007FD00000007FE00000004FF70150000CAA
:1045C000FFFFF100009EFD81FF60000004FF0FF679
:1045D0000000004FF0FF60000004FF0FF600000035
:1045E0004FF0FF60000004FF0FF60000004FF0FFE7
:1045F00060000004FF0EF60000005FF0DF800000A6
:1046000008FF0AFE000001EFF03FFB2004DFFF007F
:104610008FFFFFFF9FF0004BEFEA32FF000DF90024
:10462000000001FF306FF00000007FC000EF60006D
:10463000000DF50008FD000005FE00002FF300004E
:10464000BF800000BFA0002FF1000004FF1009FA96
:104650000000000DF701FF300000006FE07FC00098
:10466000000000FF5DF50000000008FEFE000000F5
:1046700000002FFF800000000000BFF1000000AF2D
:1046800080000005FF0000000CF45FD000000BFF6D
:104690005000002FE00EF300001FFFB000008F80DD
:1046A00009F900007FBFF10000EF2003FE0000CFFA
:1046B0004BF70004FC0000DF4002FE05FC000AF698
:1046C00000007FA008F800EF200FF100002FF00E8F
:1046D000F2009F805FB000000CF54FC0003FE0BFCC
:1046E00050000006FBAF60000DF5FE00000001FF6A
:1046F000FF000007FFF900000000AFFA000001FF13
:10470000F3000000004FF4000000BFD000001EF8CE
:10471000000004FF404FF40001EF80008FE100BF74
:10472000B00000CFB07FE1000001EFAFF400000067
:1047300004FFF7000000000DFF1000000008FFFB61
:1047400000000004FF5EF7000001EF804FF300005F
:10475000CFC0008FE1008FE10000CFB04FF4000028
:1047600002FF800DF900000001FF306FF000000033
:104770007FC000EF6000000DF50008FD000004FEA2
:1047800000002FF40000BF800000BFB0002FF10038
:104790000004FF1008FA0000000DF800EF300000E0
:1047A000006FE06FC000000000EF6CF5000000003B
:1047B00008FEFE00000000001FFF70000000000067
:1047C000AFF100000000000AFA000000000002FF44
:1047D00030000000A402CFB00000005FFFFFE10046
:1047E0000000008DFE91000000000EFFFFFFFFF6AD
:1047F0000DEEEEEEFFF500000001EFA00000000C52
:10480000FD000000008FF200000005FF40000000E6
:104810002FF800000000DFB00000000BFD100000CA
:10482000007FF200000004FF500000000EFFEEEEDB
:10483000EEE80FFFFFFFFFF90003CEF002FFFE00DE
:104840008FE2000AFA0000BF90000BF90000BF9051
:10485000000BF90000BF90000BF90001EF700AFF98
:10486000D1009FFE20000DF80000BF90000BF90062
:1048700000BF90000BF90000BF90000BFA00009FF2
:10488000E20003FFFE0004CFF07FA7FA7FA7FA7FC4
:10489000A7FA7FA7FA7FA7FA7FA7FA7FA7FA7FA7D1
:1048A000FA7FA7FA7FA7FA7FA7FA7FA08FD7000029
:1048B0008FFF800000AFF000003FF100002FF200FA
:1048C000002FF200002FF200002FF200002FF20064
:1048D000002FF200000FF6000008FFF00009FFF0C3
:1048E000001FF500002FF200002FF200002FF20051
:1048F000002FF200002FF200002FF200009FF000C6
:104900008FFFA0008FD8000003CFD50000F80EFD68
:10491000FF9005F56F601BFEBFE08F00006DFC206F
:104920000000000002BFFB201EC55CE29D0000DA13
:10493000D800007ED700007EAC0000CB3FA22AF357
:1049400004EFFE4000022000016401EFF75FFFD496
:10495000FFFC08FD20000000000000000000000037
:1049600000000000000000000000027BE8000000E2
:10497000000000000049DFFFFF00000000000016FB
:10498000BFFFFFFFFF00000000038CFFFFFFFFFFE2
:10499000FF0000003AEFFFFFFFFFFFFFFF000000F6
:1049A000EFFFFFFFFFFFFFFFFF000000FFFFFFFF24
:1049B000FFFFFEAFFF000000FFFFFFFFFFD8300F3B
:1049C000FF000000FFFFFFFB6200000FFF00000080
:1049D000FFFE94000000000FFF000000FFF0000049
:1049E0000000000FFF000000FFF000000000000FBB
:1049F000FF000000FFF000000000000FFF000000BB
:104A0000FFF000000000000FFF000000FFF00000BA
:104A10000000000FFF000000FFF00000003ADFEF91
:104A2000FF000000FFF0000006FFFFFFFF00000096
:104A3000FFF000000EFFFFFFFF03ADFEFFF00000E0
:104A40000EFFFFFFFE6FFFFFFFF0000006FFFFFFFE
:104A5000F6EFFFFFFFF00000003AEFEA30EFFFFF54
:104A6000FFE0000000000000006FFFFFFF6000009B
:104A7000000000000003AEFEA300000000000000E4
:104A800000B700BFFFFFFFFFFFFFF4007BFD88EFD3
:104A9000FFFFFFFFFFFFFB88DFFFFFFFB44444443D
:104AA000445FFFFFFFF900CF80000000000FF5001A
:104AB0009FF800BF80000000000FF4008FF900CFC6
:104AC00080000000000FF5009FFFFFFF8000000046
:104AD000000FFFFFFFFD88EFA2222222223FFB886A
:104AE000DFF800BFFFFFFFFFFFFFF4008FF800BFFC
:104AF000FFFFFFFFFFFFF4008FFD88EFA2222222BD
:104B0000223FFB88DFFFFFFF80000000000FFFFF58
:104B1000FFF900CF80000000000FF5009FF800BFF4
:104B200080000000000FF4008FF900CF800000002B
:104B3000000FF5009FFFFFFFB4444444445FFFFFB4
:104B4000FFFD88EFFFFFFFFFFFFFFB88DFB700BF20
:104B5000FFFFFFFFFFFFF4007B14444410034444B5
:104B60004444444441EFFFFFE06FFFFFFFFFFFFFBE
:104B7000FEFFFFFFF08FFFFFFFFFFFFFFFFFFFFFC5
:104B8000F08FFFFFFFFFFFFFFFFFFFFFF08FFFFF33
:104B9000FFFFFFFFFFFFFFFFF08FFFFFFFFFFFFFA4
:104BA000FF7BBBBB602ABBBBBBBBBBBBB700000072
:104BB000000000000000000000BFFFFFB04FFFFF3B
:104BC000FFFFFFFFFBFFFFFFF08FFFFFFFFFFFFF78
:104BD000FFFFFFFFF08FFFFFFFFFFFFFFFFFFFFF64
:104BE000F08FFFFFFFFFFFFFFFFFFFFFF08FFFFFD3
:104BF000FFFFFFFFFFBFFFFFB04FFFFFFFFFFFFF04
:104C0000FB0000000000000000000000001444440D
:104C1000100344444444444441EFFFFFE06FFFFF6E
:104C2000FFFFFFFFFEFFFFFFF08FFFFFFFFFFFFF14
:104C3000FFFFFFFFF08FFFFFFFFFFFFFFFFFFFFF03
:104C4000F08FFFFFFFFFFFFFFFFFFFFFF08FFFFF72
:104C5000FFFFFFFFFF7BBBBB602ABBBBBBBBBBBB7C
:104C6000B700000000000000000000BD20000000B0
:104C70000000000000000CFFE20000000000000047
:104C80000000CFFFFD00000000000000000CFFFF4F
:104C9000FD0000000000000000CFFFFFD100000079
:104CA000000000000CFFFFFD1002DB000000000010
:104CB000CFFFFFD1002EFFC00000000CFFFFFD1052
:104CC00000DFFFFC000000CFFFFFD10000DFFFFF8F
:104CD000C0000CFFFFFD1000001DFFFFFC00CFFF18
:104CE000FFD100000001DFFFFFCCFFFFFD1000003F
:104CF00000001DFFFFFFFFFFD1000000000001DFEB
:104D0000FFFFFFFD100000000000001DFFFFFFD1AE
:104D10000000000000000001DFFFFD1000000000A7
:104D2000000000001DFFD100000000000000000096
:104D300001CC100000000000000141000000000351
:104D40003001DFD200000007FF70CFFFE200000853
:104D5000FFFF4EFFFFE20008FFFFF64FFFFFE208F4
:104D6000FFFFFB004FFFFFE9FFFFFB00004FFFFFCE
:104D7000FFFFFB0000004FFFFFFFFB000000004FA4
:104D8000FFFFFC0000000008FFFFFFE2000000083A
:104D9000FFFFFFFFE2000008FFFFFFFFFFE2000848
:104DA000FFFFFB5FFFFFE207FFFFFB004FFFFFE19D
:104DB000FFFFFB00004FFFFF7AFFFB0000004FFFEB
:104DC000F30BFB000000004FF400010000000000A6
:104DD00000000000000000AFF8000000000000002C
:104DE000000000EFFD00000000000000086000EF80
:104DF000FD00077000000001CFF300EFFD005FFB36
:104E00000000000CFFFB00EFFD00CFFFB000009F93
:104E1000FFF600EFFD007FFFF70003FFFF6000EFEC
:104E2000FD0008FFFF200AFFF90000EFFD0000BFB2
:104E3000FF901FFFE00000EFFD00001FFFF05FFF8D
:104E4000900000EFFD00000AFFF38FFF400000EF2D
:104E5000FD000006FFF69FFF200000EFFD000004AC
:104E6000FFF89FFF200000EFFC000004FFF78FFF1A
:104E70004000003772000006FFF65FFF8000000070
:104E80000000000AFFF41FFFE00000000000001F08
:104E9000FFF00BFFF8000000000000AFFFA003FFD1
:104EA000FF600000000007FFFF2000AFFFF80000D8
:104EB00000019FFFF800000DFFFFE842249EFFFF66
:104EC000B0000001DFFFFFFFFFFFFFFB100000004D
:104ED0000AFFFFFFFFFFFF9000000000003BFFFF05
:104EE000FFFFB3000000000000001589975100008B
:104EF000000000000000048998400000000000004D
:104F000000000FFFFFF000000000000000000FFF96
:104F1000FFF000000000000000004FFFFFF4000061
:104F20000000000CC32CFFFFFFFFC23CC000008F3D
:104F3000FFFFFFFFFFFFFFFFF80003FFFFFFFFFF83
:104F4000FFFFFFFFFF300AFFFFFFFFFFFFFFFFFF35
:104F5000FFA00FFFFFFFFF9449FFFFFFFFF006EFE9
:104F6000FFFFF400004FFFFFFE60001EFFFF9000F8
:104F70000009FFFFE100000FFFFF40000004FFFFFA
:104F8000F000000FFFFF40000004FFFFF000001ED4
:104F9000FFFF90000009FFFFE10006EFFFFFF400B4
:104FA000004FFFFFFE600FFFFFFFFF9449FFFFFF71
:104FB000FFF00AFFFFFFFFFFFFFFFFFFFFA003FF60
:104FC000FFFFFFFFFFFFFFFFFF30008FFFFFFFFF2F
:104FD000FFFFFFFFF800000CC32CFFFFFFFFC23CE8
:104FE000C000000000004FFFFFF4000000000000C0
:104FF00000000FFFFFF000000000000000000FFFA6
:10500000FFF000000000000000000489984000004C
:105010000000000000000000131000024420000007
:1050200000000000005FFE4000DFFD000000000007
:1050300000007FFFFF700EFFE0000000000000AFE7
:10504000FFFFFFA0EFFE000000000001CFFFB3BF95
:10505000FFCEFFE00000000003EFFF90009FFFFF86
:10506000FE0000000006FFFF605D506FFFFFE000E4
:10507000000008FFFE308FFF704EFFFE0000001B97
:10508000FFFD20AFFFFFA02DFFFB00002DFFFB0168
:10509000CFFFFFFFC10BFFFD204FFFF803EFFFFF26
:1050A000FFFFE308FFFE4EFFF505FFFFFFFFFFFFD9
:1050B000F505FFFE4FE308FFFFFFFFFFFFFFF803CB
:1050C000EF404107FFFFFFFFFFFFFFFFF701400039
:1050D000008FFFFFFFFFFFFFFFFF8000000008FFC2
:1050E000FFFFEBBBEFFFFFF8000000008FFFFFF4B6
:1050F0000004FFFFFF8000000008FFFFFF40004F9B
:10510000FFFFF8000000008FFFFFF40004FFFFFF27
:105110008000000008FFFFFF40004FFFFFF8000085
:1051200000007FFFFFF30003FFFFFF70000000039C
:10513000BBBBBA10001ABBBBB300000000000009E3
:10514000DDDD9000000000000000000FFFFFF00018
:10515000000000000000000FFFFFF0000000000052
:105160000000000FFFFFF000000000000000000F33
:10517000FFFFF000000000000000000FFFFFF00044
:10518000000000000000000FFFFFF0000000000022
:105190000000000FFFFFF000000000000000000F03
:1051A000FFFFF0000000000000ADDDDFFFFFFDDDD0
:1051B000DA00000000DFFFFFFFFFFFFFFD0000003F
:1051C000002DFFFFFFFFFFFFD10000000001DFFF08
:1051D000FFFFFFFD1000000000001DFFFFFFFFD1DB
:1051E00000000000000001DFFFFFFD1000000000D4
:1051F0000000001DFFFFD10000000025555555118E
:10520000DFFD1155555552EFFFFFFFD11DD11DFF99
:10521000FFFFFEFFFFFFFFFD1001DFFFFFFFFFFFAE
:10522000FFFFFFFFF99FFFFFFFFFFFFFFFFFFFFFF4
:10523000FFFFFFFFFFFFFFFFFFFFFFFFFFFFFF710C
:10524000E71EFFFFFFFFFFFFFFFFFFB6FB6FFFBF84
:10525000FFFFFFFFFFFFFFFFFFFFFB000003CFFF8C
:10526000FFFFFFFFFFD30000000001EFFFFFFFFF84
:10527000FFFFFFE100000000AFFFFFFFFFFFFFFFA8
:10528000FFA00000005FFF4000000000004FFF5043
:1052900000001EFF900000000000009FFE10000AAA
:1052A000FFE000000000000000EFFA0005FFF4003E
:1052B00000000000000004FFF501EFF9000000000D
:1052C0000000000009FFE1AFFE0000000000000048
:1052D00000000EFFAFFFFFFFFFA0000000AFFFFFC9
:1052E000FFFFFFFFFFFFFF2000002FFFFFFFFFFF7B
:1052F000FFFFFFFFFA00000AFFFFFFFFFFFFFFFFB6
:10530000FFFFFFFFFFFFFFFFFFFFFFFFFFFFFFFFAD
:10531000FFFFFFFFFFFFFFFFFFFFFFFFFFFFFFFF9D
:10532000FFFFFFFFFFFFFFFFFFFFFFFFFFFFFFFF8D
:10533000FFFFFFDFFFFFFFFFFFFFFFFFFFFFFFFF9D
:10534000D3DFFFFFFFFFFFFFFFFFFFFFFFD30000E3
:1053500000000000000000000332000000000367AE
:10536000752000004FFF00000029FFFFFFFD7000C7
:105370004FFF000008FFFFFFFFFFFE603FFF00013F
:10538000CFFFFFFEEFFFFFFB3FFF000DFFFFB4006D
:10539000005BFFFFDFFF00AFFFE4000000004DFFF8
:1053A000FFFF04FFFD100000000000CFFFFF0CFF17
:1053B000F200000006FFEEEFFFFF1FFF800000007D
:1053C00008FFFFFFFFFF5FFF1000000007FFFFFF68
:1053D000FFFF044300000000014444444443000034
:1053E00000000000000000000000000000000000BD
:1053F0000000000000003444444444000000000069
:105400003440FFFFFFFFFF7000000001FFF5FFFFCA
:10541000FFFFFF8000000008FFF1FFFFFDEEFF60CF
:105420000000002FFFB0FFFFFB000000000001DFC5
:10543000FF40FFFFFFD3000000004EFFFA00FFFE19
:10544000FFFFB500004BFFFFD000FFF3BFFFFFFEE3
:10545000EFFFFFFC1000FFF306FFFFFFFFFFFF80E1
:105460000000FFF40017DFFFFFFFA2000000FFF4C1
:1054700000000267763000000000233000000000CA
:105480000000000000000000000001A70000000074
:105490001CFF00000001CFFF0000001CFFFF1444B0
:1054A00044CFFFFFEFFFFFFFFFFFFFFFFFFFFFFF07
:1054B000FFFFFFFFFFFFFFFFFFFFFFFFFFFFFFFFFC
:1054C000FFFFFFFFFFFFFFFFFFFFFFFFFFFFFFFFEC
:1054D000FFFFFFFF7BBBBBFFFFFF0000005FFFFF85
:1054E00000000005FFFF000000005FFF000000005B
:1054F00005FD000000000010000000000096000004
:1055000000000000000CFF00000000000000CFFFC2
:105510000000000000000CFFFF000000133333CF39
:10552000FFFF000000DFFFFFFFFFFF004A20FFFF3B
:10553000FFFFFFFF00CFE1FFFFFFFFFFFF003EFA8D
:10554000FFFFFFFFFFFF0006FEFFFFFFFFFFFF0063
:1055500005FEFFFFFFFFFFFF002EFAFFFFFFFFFF2B
:10556000FF00CFF2FFFFFFFFFFFF005B307CCCCCE2
:10557000FFFFFF0000000000005FFFFF00000000D1
:10558000000005FFFF000000000000005FFF0000BA
:10559000000000000005FD000000000000000021E8
:1055A00000000000000000000000000000300000CB
:1055B00000000000000000000000AFB1000000008B
:1055C0000000000000000007FFD100000000000004
:1055D0001A7000000006FFD000000000001CFF0051
:1055E00000063005FFA0000000001CFFF00003FFD4
:1055F0007008FF400000001CFFFF00000CFF700C53
:10560000FC0144444CFFFFF000000AFF304FF3EF71
:10561000FFFFFFFFFF005A200CFB00DF8FFFFFFFA3
:10562000FFFFF00CFE204FF108FBFFFFFFFFFFFF25
:10563000002EFA00FF505FEFFFFFFFFFFFF0006F4B
:10564000E00CF704FFFFFFFFFFFFFF0006FE00CFA7
:10565000704FFFFFFFFFFFFFF002EFA00FF506FE08
:10566000FFFFFFFFFFFF00CFE204FF109FBFFFFF20
:10567000FFFFFFF004A200CFB00DF87BBBBBFFFF24
:10568000FF000000AFF304FF30000005FFFFF00053
:1056900000CFF700CFC000000005FFFF00003FF77C
:1056A000006FF40000000005FFF0000053004FFA07
:1056B000000000000005FD000000006FFD0000007C
:1056C00000000001000000007FFD1000000000004D
:1056D000000000000009FB100000000000000000B6
:1056E000000000030000003DFFFFFFFFFFFFFFFF82
:1056F000FFFFD3DFFFFFFFFFFFFFFFFFFFFFFDFF08
:10570000FFCAEFFFFFFFFFFFFFFFFFFFF6001DFFD8
:10571000FFFFFFFFFFFFFFFFC00004FFFFFFFFFFD2
:10572000FFFFFFFFA00002FFFFFFFF9FFFFFFFFF44
:10573000E10008FFFFFFF404FFFFFFFFFC428FFFC3
:10574000FFFF40004FFFFFFFFFFFFFFFFFF40000E0
:1057500004FFFFFFFFFF6BFFFF400000004FFFFF54
:10576000FFF400BFF4000000000FFFFFFF40000B3C
:1057700040000000000FFFFFF400000000000000E8
:10578000000FFFFFF000000000000000000FFFFF0F
:10579000F000000000000000000FFFFFFFFFFFFF10
:1057A000FFFFFFFFFFFFFFDFFFFFFFFFFFFFFFFF29
:1057B000FFFFFD3DFFFFFFFFFFFFFFFFFFFFD300E8
:1057C00000000CE300000000000005FFA000000046
:1057D000000000BFFF0000000000002FFFF60000E7
:1057E00000000009FFFFD00000000001FFFFFF5094
:1057F00000000000AFFFFFFE000000004FFFFFFFB2
:10580000F80000001EFFFFFFFFF300000AFFFFFF8C
:10581000FFFFE00005FFFFFFFFFFFF9000DFFFFF3E
:10582000FFFFFFFF205FFFFFFFFFFFFFF90AFFFF02
:10583000FFFFFFFFFFE0EFFFFFFFFFFFFFFF2FFF77
:105840002DFFFFFFFFFFF4EFF1AFFFFFFFFFFF3C76
:10585000FF44FFFFFFFFFFF18FFC07FFFFFFFFFC8F
:1058600001FFF9027CFFFFFF5007FFFB406FFFFFC6
:10587000B0000AFFFFFFFFFFD1000008FFFFFFFF9E
:10588000B0000000028DFFDA40000034400000004C
:1058900000040FFF500000001DFBFFF60000002D6C
:1058A000FFFFFF6000002EFFFFFFF600003FFFFF3D
:1058B000FFFF60004FFFFFFFFFF6005FFFFFFFFFEE
:1058C000FF606FFFFFFFFFFFF68FFFFFFFFFFFFF90
:1058D000DFFFFFFFFFFFFFFFFFFFFFFFFFFFFFFFF8
:1058E000FFFFFFFFFFFFFFFFFFFFFFFFFFFF8EFF39
:1058F000FFFFFFFFFFF61DFFFFFFFFFFFF601CFF25
:10590000FFFFFFFFF6000BFFFFFFFFFF60000AFF36
:10591000FFFFFFF6000009FFFFFFFF60000008FF28
:10592000FFFFF600000006FFEABB3000000005B4F0
:105930000000000000000000000003DF91000000F4
:105940000000000000DFFFE6000000000000000F84
:10595000FFFFFC30000000000000FFFFFFFFA10080
:10596000000000000FFFFFFFFFF70000000000FF36
:10597000FFFFFFFFFD400000000FFFFFFFFFFFFFE5
:10598000A2000000FFFFFFFFFFFFFFF800000FFF76
:10599000FFFFFFFFFFFFFE5000FFFFFFFFFFFFFFC6
:1059A000FFFFB20FFFFFFFFFFFFFFFFFFFF5FFFF4E
:1059B000FFFFFFFFFFFFFFFFEFFFFFFFFFFFFFFF07
:1059C000FFFFFEFFFFFFFFFFFFFFFFFFFF6FFFFF78
:1059D000FFFFFFFFFFFFFB20FFFFFFFFFFFFFFFFBA
:1059E000E5000FFFFFFFFFFFFFFF800000FFFFFF4D
:1059F000FFFFFFFB2000000FFFFFFFFFFFD40000B1
:105A00000000FFFFFFFFFF70000000000FFFFFFF1F
:105A1000FA100000000000FFFFFFD30000000000AC
:105A2000000DFFFE60000000000000003DF91000C6
:105A30000000000000000000000000000000000066
:105A40000019CCCCC9100019CCCCC91BFFFFFFFB3F
:105A5000000BFFFFFFFBFFFFFFFFF000FFFFFFFF5B
:105A6000FFFFFFFFFF000FFFFFFFFFFFFFFFFFF044
:105A700000FFFFFFFFFFFFFFFFFF000FFFFFFFFF24
:105A8000FFFFFFFFF000FFFFFFFFFFFFFFFFFF0033
:105A90000FFFFFFFFFFFFFFFFFF000FFFFFFFFFF14
:105AA000FFFFFFFF000FFFFFFFFFFFFFFFFFF00003
:105AB000FFFFFFFFFFFFFFFFFF000FFFFFFFFFFFE5
:105AC000FFFFFFF000FFFFFFFFFFFFFFFFFF000FE3
:105AD000FFFFFFFFFFFFFFFFF000FFFFFFFFFFFFE4
:105AE000FFFFFF000FFFFFFFFFFFFFFFFFF000FFC3
:105AF000FFFFFFFFFFFFFFFF000FFFFFFFFFFFFFA5
:105B0000FFFFF000FFFFFFFFFEFFFFFFFE000EFFA5
:105B1000FFFFFE5FFFFFFF50005FFFFFFF501333EB
:105B200033100000133333100144444444444444CC
:105B3000444106FFFFFFFFFFFFFFFFFFF6EFFFFF00
:105B4000FFFFFFFFFFFFFFEFFFFFFFFFFFFFFFFF75
:105B5000FFFFFFFFFFFFFFFFFFFFFFFFFFFFFFFF55
:105B6000FFFFFFFFFFFFFFFFFFFFFFFFFFFFFFFF45
:105B7000FFFFFFFFFFFFFFFFFFFFFFFFFFFFFFFF35
:105B8000FFFFFFFFFFFFFFFFFFFFFFFFFFFFFFFF25
:105B9000FFFFFFFFFFFFFFFFFFFFFFFFFFFFFFFF15
:105BA000FFFFFFFFFFFFFFFFFFFFFFFFFFFFFFFF05
:105BB000FFFFFFFFFFFFFFFFFFFFFFFFFFFFFFFFF5
:105BC000FFFFFFFFFFFFFFFFFFFFFFFFFFFFFFFFE5
:105BD000FFFFFFFFFFFFFFFFFFFFFFFFFFFFFFFFD5
:105BE000FFFFFFFFFFFFFFFFFFFFFFFFFFFFFFFFC5
:105BF000FFFFFFFFFFFFFFFFFFFFBFFFFFFFFFFFF5
:105C0000FFFFFFFFB18BBBBBBBBBBBBBBBBB8104FF
:105C10000000000000443BFD100000005FFFFFFD9E
:105C200020000006FFFFFFFE3000006FFFFFFFFFB8
:105C3000400006FFFFFFFFFF50006FFFFFFFFFFF69
:105C40006006FFFFFFFFFFFF706FFFFFFFFFFFFF1B
:105C500086FFFFFFFFFFFFFFDFFFFFFFFFFFFFFFED
:105C6000FFFFFFFFFFFFFFFFFFFFFFFFFFFFFFFF44
:105C7000FFFFFFFFFFFD8FFFFFFFFFFFFC16FFFF92
:105C8000FFFFFFFC006FFFFFFFFFFB0006FFFFFFB2
:105C9000FFFA00006FFFFFFFF8000006FFFFFFF7AD
:105CA0000000006FFFEFF600000006FFF4B50000F3
:105CB00000003BBA00000000003730000000000088
:105CC000000000005FFF5000000000000000004FD7
:105CD000FFFF40000000000000003FFFFFFF30001A
:105CE00000000000002FFFFFFFFE2000000000006A
:105CF0002EFFFFFFFFFE20000000001DFFFFFFFF43
:105D0000FFFD100000000CFFFFFFFFFFFFFC000085
:105D1000000CFFFFFFFFFFFFFFFC00000BFFFFFF7A
:105D2000FFFFFFFFFFFA0008FFFFFFFFFFFFFFFF7E
:105D3000FFF800FFFFFFFFFFFFFFFFFFFFF00DFF7A
:105D4000FFFFFFFFFFFFFFFFFD003DFFFFFFFFFF26
:105D5000FFFFFFFD30000000000000000000000019
:105D60000004444444444444444444000BFFFFFFC3
:105D7000FFFFFFFFFFFFFB00FFFFFFFFFFFFFFFF36
:105D8000FFFFF00FFFFFFFFFFFFFFFFFFFFF00FF21
:105D9000FFFFFFFFFFFFFFFFFFF00EFFFFFFFFFF13
:105DA000FFFFFFFFFE004BBBBBBBBBBBBBBBBBBB1B
:105DB000400000000000200000000000AFB0000024
:105DC0000000AFFF80000000AFFFF8000000AFFF51
:105DD000FA000000AFFFFA000000AFFFFA00000079
:105DE000AFFFFA000000AFFFFA000000AFFFFA00BB
:105DF00000008FFFFA00000008FFFFA00000000A6B
:105E0000FFFFA00000000AFFFFA00000000AFFFF44
:105E1000A00000000AFFFFA00000000AFFFFA00092
:105E200000000AFFFFA00000000AFFFF8000000042
:105E30000AFFF8000000000AFB000000000002005A
:105E400000200000000000BFA0000000008FFFA0A5
:105E500000000008FFFFA00000000AFFFFA00000F4
:105E6000000AFFFFA00000000AFFFFA00000000AD8
:105E7000FFFFA00000000AFFFFA00000000AFFFFD4
:105E8000A00000000AFFFF80000000AFFFF8000044
:105E900000AFFFFA000000AFFFFA000000AFFFFA0A
:105EA000000000AFFFFA000000AFFFFA000000AFF3
:105EB000FFFA0000008FFFFA00000008FFFA000060
:105EC00000000BFA000000000002000000000000CB
:105ED0000000000343000000000000000007FFF77F
:105EE0000000000000000000BFFFB0000000000044
:105EF00000000CFFFC0000000000000000CFFFC00D
:105F0000000000000000000CFFFC0000000000008A
:105F10000000CFFFC0000000000000000CFFFC00EC
:105F200000000000000000CFFFC000000008FFFFDD
:105F3000FFFFFFFFFFFFFFF8FFFFFFFFFFFFFFFF78
:105F4000FFFFFFFFFFFFFFFFFFFFFFFFFFDFFFFF81
:105F5000FFFFFFFFFFFFFFD17777777DFFFD7777AB
:105F6000777100000000CFFFC000000000000000BB
:105F70000CFFFC0000000000000000CFFFC000008C
:105F800000000000000CFFFC00000000000000000A
:105F9000CFFFC0000000000000000CFFFC0000006C
:105FA0000000000000AFFFA00000000000000002A1
:105FB000ABA2000000001677777777777777777650
:105FC0001DFFFFFFFFFFFFFFFFFFFDFFFFFFFFFFC5
:105FD000FFFFFFFFFFFFFFFFFFFFFFFFFFFFFFFFD1
:105FE0009FFFFFFFFFFFFFFFFFFF8000000000009B
:105FF00000000000000000000016ADEFEDA610004C
:10600000000000000002BFFFFFFFFFFFB200000022
:10601000000009FFFFE95459EFFFF9000000002DCF
:10602000FFFF900000009FFFFD2000002EFFFF708B
:10603000001420007FFFFE20001EFFFFB00006FFBF
:10604000C200BFFFFE100BFFFFF300005FFFE20383
:10605000FFFFFB06FFFFFE00001CFFFFA00EFFFF7F
:10606000F5EFFFFFC00DCFFFFFFE00CFFFFFEEFFFC
:10607000FFFC00FFFFFFFFF00CFFFFFE5FFFFFE0F4
:106080000CFFFFFFFC00EFFFFF50BFFFFF304FFF93
:10609000FFFF503FFFFFB001DFFFFB007FFFFF80EE
:1060A0000BFFFFE10002EFFFF70039B93007FFFFF8
:1060B000E2000002CFFFF900000009FFFFD200005C
:1060C00000009FFFFE95459EFFFF9000000000002E
:1060D0002AFFFFFFFFFFFB30000000000000016A05
:1060E000DFFEDA710000000005E60000000000009D
:1060F0000000000000000001FFF9000000000000A7
:10610000000000000000000DFFFC20000000000067
:10611000000000000000000AFFFE400048CEFFEB38
:106120007200000000000006FFFF88EFFFFFFFFF86
:10613000FC40000000000003EFFFFFFFB6457DFFBD
:10614000FFB1000000000001BFFFFD20000006FFBE
:10615000FFE40000000000008FFFF601762004FF3E
:10616000FFF40000000010004EFFFA1FFF9008FF30
:10617000FFF30000006E40002CFFFDFFFF800FFFCB
:10618000FFE100002FFF700009FFFFFFFF00BFFFCE
:10619000FF900009FFFFB10006FFFFFFF309FFFFBB
:1061A000FF10009FFFFFD10003DFFFFF309FFFFFC5
:1061B000F10002FFFFFF400001BFFFF40BFFFFF9FA
:1061C000000007FFFFF90000007FFFF7FFFFFD0061
:1061D00000000AFFFFF10000004EFFFFFFFF20005C
:1061E00000000BFFFFC00000001CFFFFFF4000008D
:1061F00000000AFFFFC200000009FFFF800000004E
:10620000000006FFFFFB64510005FFFF8000000057
:106210000000019FFFFFFFE30002DFFFC10000005D
:10622000000000059DEFFEA10000AFFFE4000000AC
:10623000000000000000000000007FFFF6000000EA
:10624000000000000000000000003EFF8000000091
:10625000000000000000000000001BC00000000063
:1062600000001CFC10000000000000000000000006
:106270000AFFFA000000000000000000000004FF18
:10628000FFF40000000000000000000000DFFFFF3E
:10629000D0000000000000000000006FFFFFFF6062
:1062A0000000000000000000001EFFFFFFFE1000C5
:1062B0000000000000000009FFFFFFFFF9000000E0
:1062C000000000000002FFFFFFFFFFF200000000DF
:1062D00000000000BFFFA444AFFFB00000000000BA
:1062E00000004FFFF70007FFFF4000000000000024
:1062F0000DFFFF80008FFFFD00000000000007FF82
:10630000FFF90009FFFFF7000000000001FFFFFF99
:10631000A000AFFFFFF100000000009FFFFFFB00A7
:106320000BFFFFFF90000000003FFFFFFFC000CF0A
:10633000FFFFFF300000000CFFFFFFFD000DFFFF1F
:10634000FFFC00000005FFFFFFFFFFDFFFFFFFFF77
:10635000F5000000EFFFFFFFFD102DFFFFFFFFE046
:1063600000007FFFFFFFFF60006FFFFFFFFF700077
:106370001FFFFFFFFFF80008FFFFFFFFFF100AFFEE
:10638000FFFFFFFFF526FFFFFFFFFFFA00FFFFFF04
:10639000FFFFFFFFFFFFFFFFFFFFF00DFFFFFFFF0E
:1063A000FFFFFFFFFFFFFFFFFD003DFFFFFFFFFFC0
:1063B000FFFFFFFFFFFFFD300000000000000000B6
:1063C00000690000000000000000000000FFC000A5
:1063D000000000000000000000FFFC009BBBBB3081
:1063E0000000003BBBFFFFC0FFFFFFF3000002EF18
:1063F000FFFFFFFBFFFFFFFE20001EFFFFFFFFFE72
:10640000FFFFFFFFE101DFFFFFFFFFE300003EFFB3
:10641000E20CFFFE20FFFE30000003FF30AFFFF371
:1064200000FFE3000000005409FFFF4000BE300001
:10643000000000007FFFF6000000000000000006E2
:10644000FFFF7000000000000000004FFFF9045043
:1064500000BE3000000003FFFFA03FF300FFE30099
:1064600000002EFFFC02EFFE30FFFE30FFFFFFFFBB
:10647000D101EFFFFFFFFFE3FFFFFFFE10002EFF44
:10648000FFFFFFFEFFFFFFE2000003FFFFFFFFFB38
:106490009BBBBB300000003BBBFFFFC00000000007
:1064A0000000000000FFFC000000000000000000F1
:1064B00000FFC000000000000000000000690000B4
:1064C000000000000020000000000000000000AFFD
:1064D000900000000000000000AFFF9000000000EE
:1064E000000000AFFFFF90000000000000AFFFFFC2
:1064F000FF900000000000AFFFFDFFFF90000000D4
:1065000000AFFFF90AFFFF90000000AFFFF9000A9B
:10651000FFFF900000AFFFF900000AFFFF9000AFFF
:10652000FFF90000000AFFFF909FFFF90000000044
:106530000AFFFF79FFF900000000000AFFF80BF9DD
:106540000000000000000AFA000200000000000045
:106550000002000020000000000000002000BF90AA
:10656000000000000000AFA09FFF900000000000AE
:10657000AFFF89FFFF9000000000AFFFF70AFFFFA9
:1065800090000000AFFFF9000AFFFF900000AFFF8E
:10659000F900000AFFFF9000AFFFF90000000AFFBA
:1065A000FF90AFFFF9000000000AFFFFDFFFF900D6
:1065B000000000000AFFFFFFF90000000000000AD1
:1065C000FFFFF9000000000000000AFFF9000000D2
:1065D00000000000000AF9000000000000000000B8
:1065E000020000000000000003D9000000000000CD
:1065F0000000000000000003EFFA000034444444AF
:1066000044441000000003EFFFFA007FFFFFFFFF8C
:10661000FFFF00000003EFFFFFFA05FFFFFFFFFF92
:10662000FFF1000003FFFFFFFFFA05BBBBBBBBBFD1
:10663000FF100000EFFEDFFBFFF80000000000EF9E
:10664000F100000DFE2BFF48FF60000000000EFF70
:106650001000001720BFF405500000000000EFF10B
:10666000000000000BFF400000000000000EFF10C3
:1066700000000000BFF400000000000000EFF10087
:106680000000000BFF400000000000000EFF1000A3
:10669000000000BFF40000000000AF70EFF14FC039
:1066A00000000BFF40000000003FFF6EFF5FFF6037
:1066B0000000BFF74444444420CFFFFFFFFFD10058
:1066C000000BFFFFFFFFFFFF50BFFFFFFFD10000E8
:1066D00000BFFFFFFFFFFFFE00BFFFFFD100000074
:1066E00004BBBBBBBBBBBB6000BFFFD10000000055
:1066F000000000000000000000BFD100000000000A
:10670000000000000000000000400000003DFFFF0E
:10671000FFFF40000000000000DFFFFFFFFFF4006C
:106720000000000000FFFFFFFFFFFF40000000002F
:1067300000FFFFFFFFFFFFFFFFFFFFFFD3FFFFFF94
:10674000FFFFFFFFFFFFFFFFFDFFFFFFFFFFFFFF5B
:10675000FFFFFFFFFFFFFFFFFFFFFFFFFFFFFFFF49
:10676000FFFFFFFFFFFFFFFFFFFFFFFFFFFFFFFF39
:10677000FFFFFFFFFFFFFFFFFFFFFFFFFFFFFFFF29
:10678000FFFFFFFFFFFFFFFFFFFFFFFFFFFFFFFF19
:10679000FFFFFFFFFFFFFFFFFFFFFFFFFFFFFFFF09
:1067A000FFFFFFFFFFFFFFFFFFFFFFFFFFFFFFFFF9
:1067B000FFFFFFFFFFFFFFFFFFFFFFFFFFFFFFFFE9
:1067C000FFFFFFFFFFFFFFFFFFFFFFFFFFDFFFFFF9
:1067D000FFFFFFFFFFFFFFFFFD3DFFFFFFFFFFFF8D
:1067E000FFFFFFFFD300000000000AA00000000030
:1067F000000000000000BFFB0000000000000000DF
:10680000000BFFFFB00000000000000000BFFFFF12
:10681000FB000000000000000BFFFFFFFFB00000C6
:1068200000000000BFFFFFFFFFFB00000000000BA7
:10683000FFFFFFFFFFFFB000000000BFFFFFFFFFF3
:10684000FFFFFA00000000EFFFFFFFFFFFFFFE0069
:1068500000000002222FFFFFF222200000000000B3
:10686000000FFFFFF000000000000000000FFFFF1E
:10687000F000000000000000000FFFFFF00000002B
:1068800000000000000FFFFFF0000000000000000B
:10689000000FFFFFF000000000000000000FFFFFEE
:1068A000F000000000255555520FFFFFF02555550B
:1068B00052EFFFFFF90CFFFFC09FFFFFFEFFFFFF3E
:1068C000FF20011002FFFFFFFFFFFFFFFFF9888895
:1068D0009FFFFFFFFFFFFFFFFFFFFFFFFFFFFFFF28
:1068E000FFFFFFFFFFFFFFFFFF71E71EFFFFFFFF3F
:1068F000FFFFFFFFFFB6FB6FFFBFFFFFFFFFFFFFC5
:10690000FFFFFFFFFB000000000000000000000090
:10691000000000000000000000000DEA630000001D
:1069200000000000000006FFFFFF800000000000E4
:10693000000000DFFFFFFF00000000000000004F2C
:10694000FFFFFFF0000000000000000AFFFFFFFE55
:106950000000000000000001FFFFFFFFC00000007A
:10696000000000004FFFFFFFF900000000000000E2
:10697000009FFFFFFF6000000000000000006FFFAD
:10698000FFF20000000000000000006FFFFC0000AC
:10699000000000000000000AFFFF6000000000008F
:1069A00000000004FFFFE000000000000000000104
:1069B000DFFFF7000000000000000000BFFFFD0047
:1069C0000000000140000000AFFFFF300000003A6F
:1069D000FFA00001BFFFFF70000005CFFFFF7003A5
:1069E000DFFFFFA000000DFFFFFFFF6AFFFFFFB00A
:1069F000000000EFFFFFFFFFFFFFFFA00000000A05
:106A0000FFFFFFFFFFFFFF70000000006FFFFFFFB1
:106A1000FFFFFD300000000003FFFFFFFFFFE70066
:106A200000000000000FFFFFFFFC600000000000FE
:106A300000008FFEC962000000000000000000029C
:106A400042000000000000000002CFFFC200000072
:106A5000003773002EFFFFFE20000008FFFF90AFFD
:106A6000FFCFFFA000009FFFFFB0EFF404FFE000A6
:106A700009FFFFFB00FFF101FFF0009FFFFFB000E7
:106A8000CFFB5BFFC009FFFFFB00005FFFFFFFF5CF
:106A90009FFFFFB0000008FFFFFFFFFFFFFB0000AC
:106AA000000039BEFFFFFFFFB0000000000002EF52
:106AB000FFFFFB00000000000000AFFFFFF500003B
:106AC0000000000249FFFFFFFF5000000002CFFF5F
:106AD000FFFFFFFFF50000002EFFFFFFFBEFFFFFB2
:106AE000500000AFFFCFFFD02EFFFFF50000EFF406
:106AF00004FFE002EFFFFF5000FFF101FFF0002E66
:106B0000FFFFF500CFFB5BFFC00002EFFFFF505F10
:106B1000FFFFFF5000002EFFFFD008FFFFF800002E
:106B20000001AEEA200039B930000000000000008A
:106B3000000000BFFFFFFFF07A000000000FFFFF22
:106B4000FFFF08FB00000000FFFFFFFFF08FFB00CE
:106B500000000FFFFFFFFF08FFFA478840FFFFFF1D
:106B6000FFF048887FFFF80FFFFFFFFF400000FFA6
:106B7000FF80FFFFFFFFFFFFFFFFFFF80FFFFFFF9B
:106B8000FFFFFFFFFFFF80FFFFFFFFFFFFFFFFFF94
:106B9000F80FFFFFFFFFFFFFFFFFFF80FFFFFFFF7B
:106BA000FFFFFFFFFFF80FFFFFFFFFFFFFFFFFFFEC
:106BB00080FFFFFFFFFFFFFFFFFFF80FFFFFFFFF5B
:106BC000FFFFFFFFFF80FFFFFFFFFFFFFFFFFFF85B
:106BD0000FFFFFFFFFFFFFFFFFFF80FFFFFFFFFF34
:106BE000FFFFFFFFF80FFFFFFFFFFFFFFFFFFF802B
:106BF000FFFFFFFFFFFFFFFFFFFC04788888888806
:106C00008874FFFFFA100000000000000FFFFFFF74
:106C1000FFFFFFFF000000FFFFFFFFFFFFFFF0008F
:106C2000000BFFFFFFFFFFFFFB0000000144444497
:106C300044444442000006FFFFFFFFFFFFFFF8004F
:106C400000EFFFFFFFFFFFFFFFF8000FFFCBBBBB15
:106C5000BBBBBDFFF800FFF000000000000FFFF815
:106C60000FFF000000000000FFFFF7FFF000000032
:106C700000000FFFFFEFFF000000000000FFFFFF1C
:106C8000FFF000000000000FFFFFFFFF54444444EA
:106C90004445FFFFFFFFFFFFFFFFFFFFFFFFFFFF79
:106CA000FFFFFFFFFFFFFFFFFFFFFFFFFFFFFECE26
:106CB000FFFFFFFFFFFFFFFFF80008FFFFFFFFFFE1
:106CC000FFFFFC00000CFFFFFFFFFFFFFF80000045
:106CD0008FFFFFFFFFFFFFFA00000AFFFFFFFFFF2C
:106CE000FFFFF20002FFFFFFFFFFFFFFFFF757FF6D
:106CF000FFFFFFFFFFFFFFFFFFFFFFFFFFFFBFFFE4
:106D0000FFFFFFFFFFFFFFFFB18BBBBBBBBBBBBBED
:106D1000BBBB81133333333333333333331FFFFF81
:106D2000FFFFFFFFFFFFFFFEFFFFFFFFFFFFFFFF74
:106D3000FFFFFFFFFFFFFFFFFFFFFFFFFE133333E8
:106D400033333333333333100000000000000000CE
:106D50000000000000000000000000000000000033
:106D60000000000000000057777777777777777714
:106D7000775FFFFFFFFFFFFFFFFFFFFFFFFFFFFF4B
:106D8000FFFFFFFFFFFFFCEEEEEEEEEEEEEEEEEEAF
:106D9000EB00000000000000000000000000000008
:106DA00000000000000000000000000000000000E3
:106DB0000133333333333333333331FFFFFFFFFFDB
:106DC000FFFFFFFFFFEFFFFFFFFFFFFFFFFFFFFFE3
:106DD000FFFFFFFFFFFFFFFFFFFFE13333333333DD
:106DE00033333333313DFFFFFFFFFFFFFFFFFFFF73
:106DF000D3DFFFFFFFFFFFFFFFFFFFFFFDFFFFFFF1
:106E0000FFFFFFFFFFFFFFFFFFEFFFFFFFFFFFFFA2
:106E1000FFFFFFFFFE2DFFFFFFFFFFFFFFFFFFFF55
:106E2000D2009FFFFFFFFFFFFFFFFFF900E405FF18
:106E3000FFFFFFFFFFFFFF504EFF802CFFFFFFFF14
:106E4000FFFFC208FFFFFC208FFFFFFFFFF901CF0C
:106E5000FFFFFFF504EFFFFFFE405EFFFFFFFFFFB8
:106E6000901CFFFFB109FFFFFFFFFFFFFD206DD664
:106E700002DFFFFFFFFFFFFFFFF600006FFFFFFFD6
:106E8000FFFFFFFFFFFFD99DFFFFFFFFFFFFFFFF9A
:106E9000FFFFFFFFFFFFFFFFFFFFFFFFFFFFFFFF02
:106EA000FFFFFFFFFFDFFFFFFFFFFFFFFFFFFFFF12
:106EB000FD3DFFFFFFFFFFFFFFFFFFFFD3004FFF81
:106EC000FFFFF300000009FFFFFFFF60000000BFAD
:106ED000FFFFFFF10000000DFFFFFFFC00000000BE
:106EE000FFFFFFFF700000001FFFFFFFF200000028
:106EF00003FFFFFFFC000000005FFFFFFFC8888763
:106F00003008FFFFFFFFFFFFFF00AFFFFFFFFFFFA6
:106F1000FFA00CFFFFFFFFFFFFF200EFFFFFFFFFEF
:106F2000FFF8000FFFFFFFFFFFFE0000378888AF6C
:106F3000FFFF500000000008FFFFC000000000003D
:106F4000CFFFF300000000000FFFFA000000000078
:106F500003FFFF1000000000007FFF700000000032
:106F6000000BFFD0000000000000FFF40000000054
:106F700000003FFB00000000000006FF20000000B2
:106F80000000004F7000000000000003DFD300008D
:106F9000000000047888FFEFF88874000000FFFF0D
:106FA000FF909FFFFFF000000FFFFFF909FFFFFFB9
:106FB000000000FFFFFFFEFFFFFFF000000FFFFFDC
:106FC000FFFFFFFFFF000000FFFFFFE500000000E4
:106FD00000000FFFFFF407888888033000FFFFFFE1
:106FE00007FFFFFFF08F400FFFFFF08FFFFFFF084D
:106FF000FF40FFFFFF08FFFFFFF08FFF4FFFFFF095
:107000008FFFFFFF08FFFEFFFFFF08FFFFFFF000FD
:10701000000FFFFFF08FFFFFFFB88888FFFFFF081A
:10702000FFFFFFFFFFFFFFFFFFF08FFFFFFFFFFFEF
:10703000FFFFFFFF08FFFFFFFFFFFFFFFFFFF08FD6
:10704000FFFFFFFFFFFFFFFFFF08FFFFFFFFFFFF47
:10705000F47888808FFFFFFFFFFFFF00000008FF2C
:10706000FFFFFFFFFFF00000008FFFFFFFFFFFFFAC
:1070700000000007FFFFFFFFFFFFF00000004FFFD1
:10708000FFFFFFFFFB0000000008F8000000000009
:1070900000000000FFF000000000000000016FFF92
:1070A0005100000000000008FFFFFFF80000000092
:1070B000000CFFFFFFFFFB000000000AFFFFFFFFC7
:1070C000FFF900000004FFFFFFFFFFFFF3000000D7
:1070D000AFFFFFFFFFFFFF9000000EFFFFFFFFFF6E
:1070E000FFFD000000FFFFFFFFFFFFFFF000000FAC
:1070F000FFFFFFFFFFFFFF000001FFFFFFFFFFFF9C
:10710000FFF100004FFFFFFFFFFFFFFF400008FF00
:10711000FFFFFFFFFFFFF80000DFFFFFFFFFFFFFA4
:10712000FFD0005FFFFFFFFFFFFFFFFF503FFFFFAC
:10713000FFFFFFFFFFFFFF3DFFFFFFFFFFFFFFFF21
:10714000FFFDDFFFFFFFFFFFFFFFFFFFD278888813
:10715000888888888888720000000000000000008D
:1071600000000000006FFFFF600000000000000151
:10717000FFFFE10000000000000003CFC30000009B
:10718000003DFFFFFFFFFFFFFFFFFFFFFFFD3DFF94
:10719000FFFFFFFFFFFFFFFFFFFFFFFDFFFFFFFF01
:1071A000FFFFFFFFFFFFFFFFFFFFFF101F9009F131
:1071B00001F9009F101FFFFFF000F8008F000F8003
:1071C00008F000FFFFFF101F9009F101F9009F1068
:1071D0001FFFFFFFFFFFFFFFFFFFFFFFFFFFFFFF9F
:1071E000FFFFB88FE88BFB88FE88BFFFFFFFFFF42F
:1071F00000CC004F400CC004FFFFFFFFFF400CC05D
:1072000004F400CC004FFFFFFFFFFB88FE88BFB8EF
:107210008FE88BFFFFFFFFFFFFFFFFFFFFFFFFFF79
:10722000FFFFFFFFF101F9000000000009F101FF7D
:10723000FFFF000F8000000000008F000FFFFFF134
:1072400001F9000000000009F101FFFFFFFFFFFF4F
:10725000FFFFFFFFFFFFFFFFFFDFFFFFFFFFFFFF5E
:10726000FFFFFFFFFFFFD3DFFFFFFFFFFFFFFFFF7A
:10727000FFFFFFD30000000000000000000000003E
:1072800000000000000000000000003AFC200000A8
:10729000000000000000004BFFFFC00000000000E5
:1072A0000000005CFFFFFFF0000000000000006E27
:1072B000FFFFFFFFA00000000000018EFFFFFFFFA7
:1072C000FF3000000000029FFFFFFFFFFFFB0000F8
:1072D000000003AFFFFFFFFFFFFFF400000004CF3B
:1072E000FFFFFFFFFFFFFFC0000006DFFFFFFFFF04
:1072F000FFFFFFFF500003EFFFFFFFFFFFFFFFFF58
:10730000FE00000DFFFFFFFFFFFFFFFFFFF6000085
:107310000FFFFFFFFFFFFFFFFFFFE0000009FFFF80
:10732000FFFFFFFFFFFFFF80000000578888888C69
:10733000FFFFFFFF100000000000000008FFFFFF3C
:10734000F9000000000000000008FFFFFFF200004D
:1073500000000000000008FFFFFFA0000000000088
:1073600000000008FFFFFF300000000000000000E8
:1073700008FFFFFC00000000000000000008FFFF05
:10738000F400000000000000000008FFFFD0000033
:107390000000000000000007FFFF60000000000088
:1073A0000000000005FFFE000000000000000000DB
:1073B00000009FD30000000000000000000000005B
:1073C000000000000000BFFFFFFFFF80E40000FF9F
:1073D000FFFFFFFF80FF4000FFFFFFFFFF80FFF484
:1073E00000FFFFFFFFFF80FFFF40FFFFFFFFFF8069
:1073F000FFFFF4FFFFFFFFFF80FFFFFEFFFFFFFF28
:10740000FF80000000FFFFFFFFFFF8888888FFFF74
:10741000FFFFFFFFFFFFFFFFFFFFFFFFFFFFFFFF7C
:10742000FFFFFFFFFFFFFFFFFFFFFFFFFFFFFFFF6C
:10743000FFFFFFFFFFFFFFFFFFFFFFFFFFFFFFFF5C
:10744000FFFFFFFFFFFFFFFFFFFFFFFFFFFFFFFF4C
:10745000FFFFFFFFFFFFFFFFFFFFFFFFFFFFFFFF3C
:10746000FFFFFFFFFFFFFFFFFFFFFFFFFFFFFFFF2C
:10747000FFFFFFFFFFFFFFFFFFFFFFFFFFFFFFFF1C
:10748000FFFFFFFFFFFFFFFFFFFFFFFFFFFFFFFF0C
:10749000FFFFFFFFFFBFFFFFFFFFFFFFFFFB00003E
:1074A00000000000000000000000000000000000DC
:1074B0000000035677653000000000000000000265
:1074C0007CFFFFFFFFFFC720000000000005CFFF8B
:1074D000FFFFFFFFFFFFFC5000000003DFFFFFFF87
:1074E000FFFFFFFFFFFFFD3000008FFFFFFFC965BB
:1074F00044569CFFFFFFF8001CFFFFFD61000000E9
:10750000000016DFFFFFC1DFFFFE5000000000009B
:10751000000005EFFFFD9FFF90000000000000004D
:10752000000009FFF909F600000048CDFFDC8400E7
:1075300000006F90001000006EFFFFFFFFFFE600ED
:107540000001000000003DFFFFFFFFFFFFFFD30031
:107550000000000005FFFFFFFECCEFFFFFFF500023
:1075600000000008FFFFC51000015CFFFF80000065
:10757000000000AFE400000000004EFA0000000030
:107580000000061000000000000160000000000084
:1075900000000000003200000000000000000000B9
:1075A0000000001DFFC100000000000000000000FE
:1075B0000000BFFFFB000000000000000000000012
:1075C00000FFFFFF000000000000000000000000BE
:1075D000DFFFFD0000000000000000000000005F71
:1075E000FFF500000000000000000000000004AAF9
:1075F000400000000000000144444444444444442A
:107600004444444430006FFFFFFFFFFFFFFFFFFFD4
:10761000FFFFFFFD00EFFFFFFFFFFFFFFFFFFFFF8B
:10762000FFFFFF60FFFBBBBBBBBBBBBBBBBBBBBBB5
:10763000BDFFA1FFF00000000000000000000008F6
:10764000FFFEFFF08FFFFFFFFFFFFFFFFFFF08FFC1
:10765000FFFFF08FFFFFFFFFFFFFFFFFFF05BFFFF3
:10766000FFF08FFFFFFFFFFFFFFFFFFF000FFFFF98
:10767000F08FFFFFFFFFFFFFFFFFFF000FFFFFF097
:107680008FFFFFFFFFFFFFFFFFFF024FFFFFF08FA6
:10769000FFFFFFFFFFFFFFFFFF08FFFFFFF00000FE
:1076A000000000000000000008FFFFFFF444444415
:1076B000444444444444444AFFD7FFFFFFFFFFFFD4
:1076C000FFFFFFFFFFFFFFFF70BFFFFFFFFFFFFF99
:1076D000FFFFFFFFFFFFFF3018BBBBBBBBBBBBBB4C
:1076E000BBBBBBBBBBA4000144444444444444442E
:1076F0004444444430006FFFFFFFFFFFFFFFFFFFE4
:10770000FFFFFFFD00EFFFFFFFFFFFFFFFFFFFFF9A
:10771000FFFFFF60FFFBBBBBBBBBBBBBBBBBBBBBC4
:10772000BDFFA1FFF0000000000000000000000805
:10773000FFFEFFF0BFFFFFFFFFFFFFF4000008FFA9
:10774000FFFFF0BFFFFFFFFFFFFFF4000005BFFFDB
:10775000FFF0BFFFFFFFFFFFFFF40000000FFFFF80
:10776000F0BFFFFFFFFFFFFFF40000000FFFFFF07F
:10777000BFFFFFFFFFFFFFF40000024FFFFFF0BF5E
:10778000FFFFFFFFFFFFF4000008FFFFFFF0000016
:10779000000000000000000008FFFFFFF444444424
:1077A000444444444444444AFFD7FFFFFFFFFFFFE3
:1077B000FFFFFFFFFFFFFFFF70BFFFFFFFFFFFFFA8
:1077C000FFFFFFFFFFFFFF3018BBBBBBBBBBBBBB5B
:1077D000BBBBBBBBBBA4000144444444444444443D
:1077E0004444444430006FFFFFFFFFFFFFFFFFFFF3
:1077F000FFFFFFFD00EFFFFFFFFFFFFFFFFFFFFFAA
:10780000FFFFFF60FFFBBBBBBBBBBBBBBBBBBBBBD3
:10781000BDFFA1FFF0000000000000000000000814
:10782000FFFEFFF08FFFFFFFFFF00000000008FFEA
:10783000FFFFF08FFFFFFFFFF00000000005BFFF1C
:10784000FFF08FFFFFFFFFF000000000000FFFFFC1
:10785000F08FFFFFFFFFF000000000000FFFFFF0C0
:107860008FFFFFFFFFF000000000024FFFFFF08FCF
:10787000FFFFFFFFF00000000008FFFFFFF0000027
:10788000000000000000000008FFFFFFF444444433
:10789000444444444444444AFFD7FFFFFFFFFFFFF2
:1078A000FFFFFFFFFFFFFFFF70BFFFFFFFFFFFFFB7
:1078B000FFFFFFFFFFFFFF3018BBBBBBBBBBBBBB6A
:1078C000BBBBBBBBBBA4000144444444444444444C
:1078D0004444444430006FFFFFFFFFFFFFFFFFFF02
:1078E000FFFFFFFD00EFFFFFFFFFFFFFFFFFFFFFB9
:1078F000FFFFFF60FFFBBBBBBBBBBBBBBBBBBBBBE3
:10790000BDFFA1FFF0000000000000000000000823
:10791000FFFEFFF0BFFFFF4000000000000008FF77
:10792000FFFFF0BFFFFF4000000000000005BFFFA9
:10793000FFF0BFFFFF40000000000000000FFFFF4E
:10794000F0BFFFFF40000000000000000FFFFFF04D
:10795000BFFFFF40000000000000024FFFFFF0BF2C
:10796000FFFF4000000000000008FFFFFFF00000E4
:10797000000000000000000008FFFFFFF444444442
:10798000444444444444444AFFD7FFFFFFFFFFFF01
:10799000FFFFFFFFFFFFFFFF70BFFFFFFFFFFFFFC6
:1079A000FFFFFFFFFFFFFF3018BBBBBBBBBBBBBB79
:1079B000BBBBBBBBBBA4000144444444444444445B
:1079C0004444444430006FFFFFFFFFFFFFFFFFFF11
:1079D000FFFFFFFD00EFFFFFFFFFFFFFFFFFFFFFC8
:1079E000FFFFFF60FFFBBBBBBBBBBBBBBBBBBBBBF2
:1079F000BDFFA1FFF0000000000000000000000833
:107A0000FFFEFFF00000000000000000000008FF83
:107A1000FFFFF00000000000000000000005BFFFB5
:107A2000FFF000000000000000000000000FFFFF5A
:107A3000F000000000000000000000000FFFFFF059
:107A400000000000000000000000024FFFFFF000F7
:107A500000000000000000000008FFFFFFF0000031
:107A6000000000000000000008FFFFFFF444444451
:107A7000444444444444444AFFD7FFFFFFFFFFFF10
:107A8000FFFFFFFFFFFFFFFF70BFFFFFFFFFFFFFD5
:107A9000FFFFFFFFFFFFFF3018BBBBBBBBBBBBBB88
:107AA000BBBBBBBBBBA4000000000000000000018A
:107AB00000000000000000000000000000002DFE9B
:107AC000300000000000000000000000277DFFFDE6
:107AD00000000000000000000000004FFFFFFFF06A
:107AE000000000000000000000000EF53AFFFB005F
:107AF00000000000000000000007F60009DA0000A6
:107B0000000000000002000000ED00000000000086
:107B1000000000009FFE50006F60000000000000A9
:107B2000A400008FFFFF301EE00000000000000FE7
:107B3000FA100EFFFFFDBEFEBBBBBBBBBBBBBBFF5A
:107B4000FF60EFFFFFFFFFFFFFFFFFFFFFFFFFFFF4
:107B5000FB0AFFFFF500001CF20000000000FFD44C
:107B6000001CFFF90000002FA0000000000E7000B4
:107B700000046300000000BF2000000000000000BF
:107B800000000000000003FB008FFFF50000000074
:107B90000000000000000AF84BFFFF60000000003A
:107BA0000000000000000BFFFFFFF60000000000D7
:107BB000000000000000035CFFFF60000000000008
:107BC000000000000000009FFFF500000000000022
:107BD0000000000000000011100000000000000282
:107BE0008CEFFEA60000000009FFFFFFFFFE300043
:107BF000000CFFFFF4FFFFFF40000AFFFFFF05FF3F
:107C0000FFFE1002FFFFFFF005FFFFF8009FFFFFE0
:107C1000FF0006FFFFE00EFFFCFFF01607FFFF214D
:107C2000FFF809FF01F607FFF54FFFD109F01F70BC
:107C30006FFF86FFFFD10701705FFFF97FFFFFD164
:107C400000003FFFFFA7FFFFFFC1002EFFFFFB7FEC
:107C5000FFFFFF3005FFFFFFB7FFFFFF400006FFFC
:107C6000FFFA6FFFFF40300307FFFFA4FFFF404E06
:107C700001E208FFF82FFF704FF01F902FFF60EF19
:107C8000FF7FFF01B02EFFF30AFFFFFFF0002EFF82
:107C9000FF004FFFFFFF002EFFFF9000BFFFFFF030
:107CA0002EFFFFF20001DFFFFF3EFFFFF7000000A5
:107CB000AFFFFFFFFFF70000000028CEFFEC8200BF
:107CC000000000001ACCCCCA10000002444449FF56
:107CD000FFFFF9444442FFFFFFFFFFFFFFFFFFFFED
:107CE000FFFFFFFFFFFFFFFFFFFFFF9BBBBBBBBB18
:107CF000BBBBBBBBBB80000000000000000000005D
:107D000008FFFFFFFFFFFFFFFFF8008FFFFFFFFFF0
:107D1000FFFFFFFF8008FFFFFFFFFFFFFFFFF800EF
:107D20008FFF66FFD1DFF66FFF8008FFF44FFC0C7A
:107D3000FF44FFF8008FFF44FFC0CFF44FFF8008DF
:107D4000FFF44FFC0CFF44FFF8008FFF44FFC0CF4F
:107D5000F44FFF8008FFF44FFC0CFF44FFF8008F46
:107D6000FF44FFC0CFF44FFF8008FFF44FFC0CFF2F
:107D700044FFF8008FFF44FFC0CFF44FFF8008FF9F
:107D8000F44FFC0CFF44FFF8008FFF44FFC0CFF41A
:107D90004FFF8008FFF66FFD1DFF66FFF8007FFFB5
:107DA000FFFFFFFFFFFFFF7005FFFFFFFFFFFFFF6C
:107DB000FFF50009FFFFFFFFFFFFFFF900000000D4
:107DC0000000000000006EE5000000000000000060
:107DD00000008FFFF60000000000000000008FFF91
:107DE000FFF600000000000000001FFFFFFFF5008D
:107DF000000000000000503FFFFFFFE00000000017
:107E000000008FB03FFFFFFE0000000000008FFF6A
:107E1000B03FFFFF6000000000008FFFFFB03FFF9A
:107E20008000000000008FFFFFFFB03F80000000D7
:107E300000008FFFFFFFFFB01000000000008FFF69
:107E4000FFFFFFFF5000000000008FFFFFFFFFFF5C
:107E50008000000000008FFFFFFFFFFF8000000098
:107E600000008FFFFFFFFFFF8000000000008FFF7A
:107E7000FFFFFFFF8000000000008FFFFFFFFFFFFC
:107E80008000000000008FFFFFFFFFFF8000000068
:107E900000005FFFFFFFFFFF80000000000008FF01
:107EA000FFFFFFFF80000000000000AFFFFFFFFFAB
:107EB000800000000000000BFFFFFFFF80000000BB
:107EC00000000000DFFFFFFF800000000000000056
:107ED0000FFFFFFF800000000000000000BFDBA8D4
:107EE0005000000000000000000000000000000042
:107EF00000000000000000000002BFFFFFFFFFFFC6
:107F0000FFFFFFFE800000003EFFFFFFFFFFFFFFBF
:107F1000FFFFFFF8000003EFFFFFFFFFFFFFFFFF82
:107F2000FFFFFE00003EFFFFFFFFCFFFFFFCFFFF54
:107F3000FFFF0003EFFFFFFFF806FFFF608FFFFF6B
:107F4000FF003EFFFFFFFFC0006FF6000CFFFFFFCA
:107F500003EFFFFFFFFFF6000660006FFFFFFF3F2C
:107F6000FFFFFFFFFFFF60000006FFFFFFFFDFFFD7
:107F7000FFFFFFFFFFF600006FFFFFFFFFDFFFFFC8
:107F8000FFFFFFFFF600006FFFFFFFFF3FFFFFFF58
:107F9000FFFFFF60000006FFFFFFFF03FFFFFFFF83
:107FA000FFF6000660006FFFFFFF003EFFFFFFFFD0
:107FB000C0006FF6000CFFFFFF0003EFFFFFFFF8AC
:107FC00006FFFF608FFFFFFF00003EFFFFFFFFCFB8
:107FD000FFFFFCFFFFFFFF000003EFFFFFFFFFFFBE
:107FE000FFFFFFFFFFFE0000003EFFFFFFFFFFFF60
:107FF000FFFFFFFFF800000002BFFFFFFFFFFFFFD2
:10800000FFFFFE80000008FFFFFFFFFE8000008FE3
:10801000FFFFFFFFFFF80008FFFFFFFFFFFFFE006D
:108020008FF408F00E900FFF08FFF408F00E900F89
:10803000FF8FFFF408F00E900FFFFFFFF408F00E23
:10804000900FFFFFFFFA8CF88FC88FFFFFFFFFFF35
:10805000FFFFFFFFFFFFFFFFFFFFFFFFFFFFFFFF30
:10806000FFFFFFFFFFFFFFFFFFFFFFFFFFFFFFFF20
:10807000FFFFFFFFFFFFFFFFFFFFFFFFFFFFFFFF10
:10808000FFFFFFFFFFFFFFFFFFFFFFFFFFFFFFFF00
:10809000FFFFFFFFFFFFFFFFFFFFFFFFFFFFFFFFF0
:1080A000FFFFFFFFFFFFFFFFFFFFFFFFFFFFFFFFE0
:1080B000FFFFFFFFFFFFFFFFFFFFFFFFFFFFFFFFD0
:1080C000FFEFFFFFFFFFFFFFFFFE8FFFFFFFFFFF41
:1080D000FFFFF808EFFFFFFFFFFFFE80000000003A
:1080E000000000000000000200000000000000008E
:1080F00000000007F1000000000000000000000781
:10810000FF1000000300000000000006FFF1000067
:108110001CF7000000000000AFFF10001DFF9000E2
:10812000000000000AFFF1002DFFF9000000000030
:1081300000AFFF102EFFFFA222222222222BFFF1EE
:108140003EFFFFFFFFFFFFFFFFFFFFFF1DFFFFFFE2
:10815000FFFFFFFFFFFFFFFFF18FFFFFFFFFFFFFAD
:10816000FFFFFFFFFF008FFFFFD999999999999918
:108170009960007FFFF9000000000000000000008F
:108180006FFF90000000000000000000005FF8009A
:10819000000000000000000000004A200000000075
:1081A0000000000000000000000000000000700659
:1081B00000000000000070060411010022006009A8
:1081C0000707010A3B00E01011110000CC00E00E8F
:1081D0000E1700FD6D0140141411000017027010FD
:1081E000101201FFA70210050307010AB2021008CE
:1081F000061702FBF7022008061700FB3C03A00944
:108200000A0A00086E03F00D0C0B0103B0037005A1
:10821000040701FCBE03300907030106C90370050A
:1082200004040100D10370080B17FFFE5004001076
:108230000E110100C704E008071100000305C00D7E
:108240000D1100007205C00D0D110000E1051010A8
:10825000101100006906C00D0D110000D806D00EE7
:108260000E1101004F07600E0E110000C607700FBF
:108270000E1101003D08D00E0E110000B40870056B
:10828000040D0100CE087005041101FCF008F00D8A
:108290000C0B01033209F00D0C0801056209F00D09
:1082A0000C0B0103A409C00D0D110000130AD01816
:1082B000171601FB100B90111311FF00B20B3012B7
:1082C0000F110200320C601110110100BA0CD01312
:1082D000111102004B0D10100D110200BA0D400FCC
:1082E0000D110200290E801210110100B10E801331
:1082F0000F110200310F7007031102004B0F500CD9
:108300000B11FF00A90F4011101102003110400E97
:108310000D110200A010F01613110200421180137B
:108320000F110200C2113014131101006412501118
:108330000F110200E4123014131401FDA213701186
:108340000F1102002214E00E0E1100009914100EFD
:108350000E110000101500130F11020090151011DE
:108360001311FF003216001B1B11000018172010FC
:1083700010110000A017800F1111FF003118C00F5D
:108380000F110100B1180008061702FBF61870085B
:108390000B17FFFE75190008061700FBBA19000E2F
:1083A0000C0A0103F619000C0C0200FF021A600E01
:1083B0000703020F0D1A600E0C0D01005B1A60100E
:1083C0000E120200D91AB00D0C0D0100271B60100F
:1083D0000E120100A51BB00E0D0D0100FA1B800846
:1083E0000A120000541C90100E1201FBD21C6010E7
:1083F0000D120200471DB006041201006B1DD006CD
:108400000917FDFBD31DD00E0D120200481EB00649
:1084100003120200631E6019160D0200F21E6010A6
:108420000D0D0200471F400F0E0D0100A21F60102E
:108430000E1202FB202060100E1201FB9E20D009BC
:10844000080D0200D220000C0C0D00002021F009C4
:108450000A100000702140100D0D0200C521700DA2
:108460000F0DFF0027229015160D0000B622400DBB
:108470000D0D00000B23700D0F12FFFB9223800CDB
:108480000C0D0000E0237008071701FB31243007B2
:10849000031702FB54247008081700FBB024F00DEA
:1084A0000C040107C824100A080A0109F0249007E7
:1084B00005050104FD240018181900FD29260018DF
:1084C0001812000001270018181600FE09280018CD
:1084D00018120000E1288010111200007A290018FB
:1084E000181800FD9A2A0018181800FDBA2B001B56
:1084F0001B1600FEE32C0018181800FD032E001BAD
:108500001B120000F62E0018181A00FC2E30000C6A
:108510000C1300FFA0300012121300FF4B31001BA0
:108520001B1800FD8F3200181812000067338010EE
:10853000111800FD333400150F1603FED834001552
:10854000151A00FCE9350015151600FED036001589
:10855000151600FEB73700150F1603FE5C38001520
:108560001716FFFE5939000F0D1601FEE839000FEE
:108570000D1601FE773A0015151600FE5E3B00153C
:10858000150600069D3B001B1B120000903C001EC0
:108590001F18FFFD043E001B1D18FFFD603F001863
:1085A000181600FE68400015150E0002FB4000156D
:1085B000150E00028E41001E1F13FFFFB54200186A
:1085C000181200008D430018181800FDAD44001863
:1085D0001919FFFDE6450015161600FED8460015D0
:1085E000151800FDD4470015151600FEBB480015F0
:1085F000151400FF8D49001818120000654A000F7D
:108600001118FFFD314B0015151800FD2D4C0015FC
:10861000151800FD294D001B1B1200001C4E0018F0
:108620001A1AFFFC6E4F0012121800FD4650001E71
:108630001E1700FE9F51001E1E1000018F52001ECB
:108640001E1000017F53001E1E1000016F54001EFB
:108650001E1000015F55001E1E1000014F56001E27
:108660001F1400FF85570015131801FD69580015E8
:10867000151800FD655900181919FFFC9E5A001EB7
:108680001E120000AC5B0012121800FD845C201862
:10869000191000010000721F51EF58EF5BEF5CEF03
:1086A0005DEF61EF63EF65EF69EF6CEF71EF76EF10
:1086B00077EF78EF8EEF93EF98EF9BEF9CEF9DEFC6
:1086C000A1EFA2EFA3EFA4EFB7EFB8EFBEEFC0EFBB
:1086D000C1EFC4EFC7EFC8EFC9EFCBEFE3EFE5EFB2
:1086E00014F015F017F019F030F037F03AF043F0CD
:1086F0006CF074F0ABF03BF190F191F192F193F1E9
:1087000094F1D7F1E3F13DF254F2AAF412F7F2F743
:10871000200000005F0001000000000000000000D9
:1087200000000200B0000000F3F760009486030828
:10873000000000003E0003000000010200030405E9
:1087400002060708090A090A0B0C000D0E0F10118A
:1087500012130C14140000001516171819161A1B02
:108760001C1D1D1E1F201D1D1621222303241E2536
:1087700025262728292A2B002C002D2E2F30313298
:10878000332D343435302D2D2E2E36373839333ABB
:108790003A3B3A3C290000093D0900000000000076
:1087A00000000000000000000000000000000000C9
:1087B00000000000000000000000000000000000B9
:1087C00000000000000000000000000000000000A9
:1087D0000000000000000000010200030405020682
:1087E0000708090A090A0B0C0D0E0F10110C1213C1
:1087F000141515000000161718191719191917194B
:10880000191A1919191917191719031B1C1D1D1EDF
:108810001F20212223002400252627272700272682
:10882000282926262A2A272A272A2B2C2D2E2E2FA6
:108830002E30000023093109000000000000000074
:108840000000000000000000000000000000000028
:108850000000000000000000000000000000000018
:108860000000000000000000000000000000000008
:1088700000000000000100000000000000010000F6
:1088800004000000000300000000000000000000E1
:1088900000000000000001000000000000000000D7
:1088A00000000000000111000AF800000000EBE9E0
:1088B00003120807F103130110040C00000000006C
:1088C0000000000000001703FD0000000000000091
:1088D00000000000000800F40000000000F8070895
:1088E0000000FC00FD0400FC00FCFEF8000000009D
:1088F000FC0000FBFA0000FC00F800000000000093
:10890000000000FCFC00FA00F600D20000F80008AD
:108910000C0000F804040D08F9080000EA0000004B
:108920000000000000000000F20000000000000055
:1089300000000000000000F6FBED00F1FD0000006B
:1089400000010F00F4FDFF0100F90000FDE400004C
:10895000000000000000000000E1FD0F000000002A
:108960000000000000000000F00000000000000017
:108970000000000D00040000F800000000000000EE
:10898000000000000000000000000F0301000000D4
:1089900000000000000000000000000000000000D7
:1089A00000000000000000000000000000000000C7
:1089B00000000000F20000000000000000000000C5
:1089C00000000000000000000000000308040CFC90
:1089D000000008FCF3CB030A0801FB000E000C00AA
:1089E0000C00DC00FB0C000DFC0804000001FC0086
:1089F00000F91F001F000C001005070C000000F21A
:108A00000000000001FD0003F9FBF80300FC00007A
:108A100000F10000000000000000000000E700007E
:108A20000000000000000000000000000001EB005A
:108A3000E800000000FD0026FBFB0404FD00FB0431
:108A40000000EC0000000000000000000000DB005F
:108A500004000000000000000000000000E8001713
:108A60000000F2000D00E6DBE6F80C0000E6000571
:108A7000F700FA0000000000000000000000000AFB
:108A80000CD10000000000000000000000001200F7
:108A90000300000000000303FBF800FFFFFC0000E0
:108AA000FD000000F800FD00F7F800F6F3F3F90010
:108AB000F800F800000000FD0000040003FC0001C5
:108AC00000000004FD000000FD0404FF000000F9A8
:108AD00000FF0000000000010005FD00FB00F900A0
:108AE00000FD000C0000FC0000000000FF01FDFD87
:108AF0000000FC00FC000000000000000000FEFE82
:108B000000FCFB0000000000010000FD00FCFCFC7C
:108B1000000000000000000000FE00000000FDFB5F
:108B200000FA00F4FDF4080000F804080A00F6FF5B
:108B3000FB00FFEE04FD03EC04000001EC00ECFD83
:108B4000DFFD00ED00080B0005000000000100F94A
:108B5000FB00F4000000FC000000FC00000000002E
:108B6000FEFE00FEFB00000000000000FCFC00FD1B
:108B7000FBFD0000FC000000000000000000000001
:108B8000FDFD00FB00FD00F8040000FB02040400F2
:108B90000000000000FD0000000000030000FC00D9
:108BA000FCFDFB000000000000000300FD000000D1
:108BB00000FCFA00F9000CFD01F400000AEDECF0F5
:108BC000F80400FDE7F900F900F806F9E700F600FF
:108BD0000002FF03FD000400F4F100EDF7F8F7F4E4
:108BE000FBF6FFF9F602000100FC000000030004A0
:108BF0000000000000000000000000FC00FE00FF7C
:108C0000FC00F9F8F8FF00F4000000000000FD008F
:108C100000000002FE000000040000000000000050
:108C2000001200000000000003000000FC00000033
:108C30000000000000000000F90004000000000037
:108C40000000000000000000FD000000F90000002E
:108C500000EDF4000000FAED0000FC0400F6000056
:108C60000000000000000000FA0000F90000000011
:108C700000000000000000000400F90000000005F2
:108C80000003F8F800FCFCFB000000000000F4000A
:108C9000FC00FAFC00F8F6F4FD00F800F400000017
:108CA000001F0000020000FB000400EF00000000B5
:108CB00000DCF90D0CFDF00004FA00EDFEFB04E50C
:108CC000FC050006F3FAF2F3F00000E900160000DC
:108CD000FE000000FEFEFCF6F3FFDC0000000000DA
:108CE0000000000001000000000000000000000083
:108CF0000000000000FC00FEFCFA0000F800FC0090
:108D00000000000000000000000000000000FF0064
:108D1000F8000008FF0500F804FDFFF6FC00FBFC6E
:108D2000FD00FAF90000FDFFFDF9FB0000FC000466
:108D3000FD00F8000000F800F900F9F90400000057
:108D40000000000000F80400FB00FDFBF4FDFDFD49
:108D5000FFFDFBFF0000000000FCFDFD0000000027
:108D600005FD00FD000000FDFBFDFDFBFD00030F08
:108D7000FF00F600FD0800FCF0FB060000EEF90421
:108D8000F90300FDFDF400FA020000F90000000400
:108D900004F8F900F9FCFAFCFC00F902F9F90C00FE
:108DA00000000000000000000400000000000000BF
:108DB00000000000000000000000000000000000B3
:108DC000F9000000000000000000000000000000AA
:108DD0000000000000000000000000000000000093
:108DE000000000000000000000000000FD00000086
:108DF0000000000000000000000000000000000073
:108E000000000000000000000000FDFC0000000069
:108E10000000000000000000FA0000FB0000FCFC65
:108E200000000000FC00000000FE0000000000FD4B
:108E300000000000FA00F8000000F30003F8080149
:108E4000FDEE0000F8FC00F1F6F50000EFFCF1F19A
:108E5000EE00F600031AFB00F7FCFFFCF9F6F9F24E
:108E6000F0F7FC0000FD00010000E5FD0C08F8F241
:108E70000001F400EDFDFC08DDFB010000E7FBEC68
:108E8000FCE40000E500170100FD00000000FEFD0D
:108E9000F1FD00E700000000F400FD00FFF5EE002A
:108EA00000FEFAF4FC00FD00000000EFFCF3F4FD0E
:108EB000F9F6FCF900F8FDF3FA00FBF9FCF9000201
:108EC00000FDF3000800F900000000050003F810A1
:108ED00000FCFCFB000000000000F400FC00FAFCB9
:108EE00000F8F6F4FD00F8030F000000001F00007A
:108EF000020000FB00040000000000000000FF0072
:108F000000000000FDF80000000000FE000000FC72
:108F1000FC0000F8FC0000F80007FE000000000064
:108F2000000200000000060803FD00F4FA000CF344
:108F3000F4F8F80F0704DFFD08FC00FC04FCF30064
:108F4000FC04FBFDF4FD00000C0800F500EBFB0B3E
:108F5000FBF101FBF3F3FC0F0400FA00F600030D34
:108F6000F7F2F1F60C0001E4FD04F9FDF700F8F268
:108F7000FAFAFD0000F7F8FC000C09FCEB00EBFB33
:108F800000F3EAFFF4F9F3F50A0000FB00F8FD0036
:108F9000FCF90007F3040000EC00FCF8F9FDF4F61E
:108FA000F3F700F4FCF7F9F4FC00000112F900F407
:108FB000FC00FCF8F7F6F5F1FBF80800FA00EDFB11
:108FC0000208F4F2F8F30DFC02DCF908F8F9F200FB
:108FD000F4F0FBFCFDFCF8F4FF00000C0BFDE700D7
:108FE000E9F709F1E6F8F3F0EDF30800000000FB03
:108FF000000004FB0803F9080000F4FF00FF000173
:1090000001FD000000000000FC00000000030C0156
:1090100000FB00000000FDFDFB000000010300005C
:1090200000000300FD000F00070101FB0008000025
:10903000000300000000000000000000000C000B16
:109040000000000000000000000000000000E90037
:10905000FC07000C00002605F8F80404FD01ED00F3
:109060000012E90000000000000000000000E60F10
:1090700036000000000000000000000000E90000D1
:1090800000000000000000000000000000000000E0
:109090000000000000000000FA0000F9FD000000E0
:1090A00000000000000000000000000000000000C0
:1090B000FD00F600000100000432F8FD0C0AF60481
:1090C00000000404FB00000000000000000000009D
:1090D000CE0B0000000000000000000000000000B7
:1090E000000000F5000000F600000000F8FE00009F
:1090F00000F800FB00EE000000000000000000008F
:1091000000E60000000001000000000000FC00007C
:10911000F900FA00F6000000F904FB0000F6FCF785
:109120000000F600FC00EE00FC0000E1F9F1FCF2AA
:109130000000E600F6FE0000000000000000FAF962
:10914000FDF900000000F800F805FC0800FDF7FD3F
:10915000F9F900FBFEFD03F6FF000000DEFDFB0059
:10916000F800FDEEFD0000FDFD000000000300FD25
:10917000F9FD0700000000000000000000000000F2
:1091800000000000000000000000000000000000DF
:1091900000000000000000000000000000000500CA
:1091A0000000000000F800FD000000F804000000CE
:1091B000F6FCF80000F500FC00EE00000000DB000B
:1091C000F8F2ED0000E600FDFA00000000000000EB
:1091D00000FCFAFEFA01000007FB000C13FCFCF493
:1091E00005130708F60510050B080A00000000002B
:1091F0000000000000001812F9FC00FD1F111F0004
:1092000000000400000E0000FA0000000000000052
:109210000000FD000000000000000005000000004C
:10922000E0FBFDF0ED0000E60000000000000000A3
:10923000000000000000000000FA00000000000034
:10924000000000FD0000000000000000050000001C
:1092500000E0FBFDF0ED0000F10000000000000068
:10926000000000000000000000000000FD00000001
:10927000F70400FC030704F400FFFD0400030000F2
:109280000000F600FDFDF800FDF10018FC00F8FDFF
:1092900000FDF900FCF5F8FB000000FA00000000FA
:1092A0000000000000FD00000000000000000500BC
:1092B000000000E0FBFDF0ED0000E6000000000013
:1092C000001300000000000000000000FA00F4FBA2
:1092D000FD0CFDFCF101FE01FDF601080103010397
:1092E000F7F1FB00F1F9F6F0F100FAF8FBFBFDFDF8
:1092F000FBFD00FDFF060006FD000C000000000065
:1093000000000000000000FDFCFC0000F600FE0074
:10931000F90000000000000000000000E90000006B
:109320000000000000000000FCFC00FB000000004A
:10933000FD0000F9FC0400F9F9FD00F5FDF8FDFB66
:1093400000F90000000000000000000000E6000C32
:109350000000F900000000FB00FC0000FE0000FD22
:1093600000F7000010FBF3F4030404FFF503060309
:109370000C030DFDF60000F10000F4F60000F8000B
:10938000FBF900FA00FA00FD0600FDF4FC0E0000F7
:10939000FD00F8000005F70004FC030000F300FDE9
:1093A000FF00FC04FD000000F0FBF800F40000EEFC
:1093B000000EFC00F9000200FC00FCF400FC0400BC
:1093C000000000FD000004FB010000FBFD00FB00AD
:1093D000000000000000000000000000000000008D
:1093E000E800080000FD000000000100FCFC000097
:1093F000000800090000000000E8EA01110C07F174
:109400000310000E00080000000000000000000033
:109410000014000000000000000000000000000038
:10942000000000007488030838870308D687030803
:109430003D31000058240308A48103081087030865
:109440002494030810000228D4010020C9E4010874
:10945000EDE301081B00050000FE01003494030841
:1094600000000000000000000DFFF90DFFF90CFFE7
:10947000F80BFFF80BFFF70AFFF60AFFF609FFF5F6
:1094800009FFF408FFF407FFF307FFF306FFF206F6
:10949000FFF105FFF104FFF004FFF003FFF003FF0D
:1094A000E001BB900000000000000000000013007D
:1094B00006FFE31FFFFC2FFFFE0EFFFA03CFB17F75
:1094C000FD0003FFF17FFD0003FFF16FFC0002FFD1
:1094D000F06FFC0002FFF06FFC0002FFF05FFB008A
:1094E00001FFF05FFB0001FFF05FFA0001FFE04FBA
:1094F000FA0000FFE04FFA0000FFE04FF90000FF24
:10950000D001110000111000000000DFF000000089
:109510008FF50000000000000FFD0000000AFF3082
:10952000000000000001FFB0000000CFF1000000CB
:109530000000003FF90000000EFF000000000000E6
:1095400005FF70000000FFD00000000000007FF564
:109550000000002FFB0000000000000AFF300000A8
:1095600004FF90000000AFFFFFFFFFFFFFFFFFFFC2
:10957000FFFFF00AFFFFFFFFFFFFFFFFFFFFFFFFFF
:1095800000AFFFFFFFFFFFFFFFFFFFFFFFF0000047
:10959000001FFB0000000BFF10000000000003FF95
:1095A000A0000000DFF00000000000005FF80000F5
:1095B000000FFE00000000000007FF60000000FF39
:1095C000C00000000000008FF40000002FFA00002F
:1095D000000000000AFF20000004FF9000000000CF
:1095E0000000CFF10000006FF70000000000000E47
:1095F000FF00000007FF50000000000000FFD00047
:1096000000009FF40000000EFFFFFFFFFFFFFFFFC1
:10961000FFFFFFFC00EFFFFFFFFFFFFFFFFFFFFF6C
:10962000FFC00EFFFFFFFFFFFFFFFFFFFFFFFC007C
:10963000000007FF60000001FFC000000000000004
:109640009FF40000003FFA0000000000000BFF2024
:10965000000005FF80000000000000DFF0000000B7
:109660007FF60000000000000FFE00000009FF4030
:10967000000000000001FFC0000000BFF200000079
:109680000000003FFA0000000DFF00000000000095
:1096900000000000AFE00000000000000000000A31
:1096A000FE00000000000000000000AFE00000002D
:1096B0000000000000000AFE0000000000000000A2
:1096C0000000AFE000000000000000027BDFFFFEB2
:1096D000C840000000002BFFFFFFFFFFFFD7000086
:1096E000004FFFFFFFFFFFFFFFFC00002FFFFFEA1F
:1096F000DFF9BEFFFF90000CFFFE500AFE00028F54
:10970000F30003FFFF2000AFE000001700008FFF11
:1097100080000AFE00000000000AFFF40000AFE035
:109720000000000000AFFF40000AFE000000000043
:1097300008FFF90000AFE000000000005FFFF60046
:109740000AFE000000000000DFFFFC50AFE0000058
:1097500000000003FFFFFFFEFE000000000000030A
:10976000EFFFFFFFFEA50000000000008EFFFFFFDF
:10977000FFFF910000000000049EFFFFFFFFF700C5
:1097800000000000000AFFFFFFFFF80000000000DB
:1097900000AFE05BFFFFF500000000000AFE0004E0
:1097A000EFFFC00000000000AFE00003FFFF10006B
:1097B0000000000AFE00000DFFF20000000000AFF4
:1097C000E00000CFFF20050000000AFE00000EFFB1
:1097D000F006F9100000AFE00007FFFC00DFFF8299
:1097E000000AFE0018FFFF402FFFFFFDA9DFF8BFB2
:1097F000FFFFA0003DFFFFFFFFFFFFFFFFB00000E6
:1098000007DFFFFFFFFFFFFE600000000037BDEF36
:10981000FFFDA50000000000000000AFE000000018
:109820000000000000000AFE000000000000000030
:109830000000AFE00000000000000000000AFE0091
:109840000000000000000000005870000000000050
:1098500000007DFFD700000000000007FF9000001F
:10986000002EFFFFFFE200000000002FFE100000AE
:1098700001EFFA66AFFE1000000000CFF400000018
:1098800009FF600005FF9000000006FFA000000037
:109890000FFB000000BFF00000002FFE10000000D2
:1098A0004FF50000005FF4000000BFF5000000006D
:1098B0007FF20000002FF6000006FFA0000000006D
:1098C0007FF10000001FF700001FFE1000000000E5
:1098D0007FF20000002FF60000BFF500000000003E
:1098E0005FF40000004FF50006FFB000000000002C
:1098F0001FF90000008FF1001FFE100000000000A3
:109900000CFF200002FFB000BFF5000000000000C7
:1099100003FFE5005EFF3005FFB00000000000001F
:10992000006FFFFFFFF6001EFF10029DFEB5000056
:109930000004DFFFFD4000AFF6004FFFFFFFA00077
:1099400000000244200005FFB003FFF967DFF900C3
:109950000000000000001EFF200CFF30000BFF3055
:10996000000000000000AFF6003FF7000001FFA07C
:10997000000000000005FFC0007FF1000000AFE024
:1099800000000000001EFF2000AFE00000007FF29A
:109990000000000000AFF70000BFD00000006FF330
:1099A0000000000004FFC00000BFD00000006FF303
:1099B000000000000EFF200000AFE00000007FF27A
:1099C000000000009FF70000007FF1000000BFE0F2
:1099D00000000004FFC00000003FF7000001FFA0EE
:1099E0000000000EFF200000000CFF30000BFF30D5
:1099F0000000009FF70000000003FFF957DFF900A7
:109A0000000004FFC000000000005FFFFFFFA00097
:109A100000000DFF300000000000029DFEB50000B8
:109A2000000000017BEFFDA300000000000000002B
:109A30005FFFFFFFFFA000000000000006FFFFFE29
:109A4000FFFFFA0000000000001FFFF71003BFFF38
:109A50004000000000007FFF5000000DFF9000005C
:109A6000000000AFFE00000009FFB0000000000091
:109A7000BFFD00000008FFB00000000000AFFF00C5
:109A800000000DFF8000000000006FFF7000009FCD
:109A9000FF2000000000000EFFF2001BFFF8000096
:109AA0000000000006FFFE15EFFFA0000000000010
:109AB0000000AFFFFFFFF800000000000000000BF7
:109AC000FFFFFE4000000000000000007FFFFFF2EB
:109AD00000000000000000002CFFFFFFFD10000050
:109AE0000000000003EFFFC3CFFFD10000077200AA
:109AF000003FFFF7000CFFFD10000EFF5001EFFFCD
:109B0000400000CFFFD1002FFF2008FFF60000002B
:109B10000CFFFD108FFE000EFFD000000000CFFFF5
:109B2000D1EFF9001FFFA0000000000CFFFEFFF2C4
:109B3000002FFF900000000000CFFFFFA0002FFFCC
:109B4000C000000000001CFFFF30000EFFF5000009
:109B50000000001CFFFFC10008FFFF6000000006BE
:109B6000EFFFFFFC1000DFFFFE96456AEFFFFACF24
:109B7000FFC0001DFFFFFFFFFFFFFF701DFFF9008B
:109B8000007FFFFFFFFFFFB20001DFE10000015A8D
:109B9000DEFEDB620000001D30000000000000005F
:109BA0000000000000007FFD7FFD6FFC6FFC6FFC7C
:109BB0005FFB5FFB5FFA4FFA4FFA4FF901110000AC
:109BC0000BFFE000004FFF700000CFFE000003FF1E
:109BD000F8000009FFF100000FFFC000005FFF6008
:109BE00000009FFF100000EFFD000001FFF90000E2
:109BF00005FFF6000008FFF300000AFFF000000D6B
:109C0000FFE000000FFFC000000FFFB000001FFFCB
:109C1000A000002FFF9000002FFF9000003FFF905A
:109C200000002FFF9000002FFF9000001FFFA000FA
:109C3000000FFFB000000FFFC000000DFFE00000AC
:109C40000AFFF0000008FFF3000005FFF600000126
:109C5000FFF9000000EFFD0000009FFF1000004F23
:109C6000FF6000000EFFC0000009FFF1000003FFCD
:109C7000F8000000BFFE0000004FFF7000000BFF67
:109C8000E07FFF300000EFFC000007FFF400001F42
:109C9000FFB00000AFFF200004FFF700000EFFD070
:109CA0000000AFFF100005FFF600001FFFA000003E
:109CB000EFFD00000BFFF000009FFF300006FFF5F6
:109CC00000004FFF700003FFF800002FFF9000011D
:109CD000FFFA00001FFFB00000FFFB00001FFFB0F5
:109CE0000001FFFA00002FFF900003FFF800004F73
:109CF000FF700006FFF500009FFF30000BFFF00033
:109D000000EFFD00001FFF900005FFF60000AFFF11
:109D100010000EFFD00004FFF70000AFFF10001F7F
:109D2000FFB00007FFF30000EFFB00007FFF3000F3
:109D3000000000003FF30000000000003FF30000BF
:109D4000000010002FF200010007F7002FF2007F43
:109D5000701EFFD42FF24DFFE005EFFFCFFCFFFE9A
:109D6000500007FFFFFFFF700000001DFFFFD10044
:109D7000000003CFFFFFFC3000019FFFFFFFFFF952
:109D8000101EFFF83FF38FFFE10AFB202FF202CFF6
:109D9000A00150002FF20005100000003FF300006A
:109DA000000000003FF3000000000000155100001B
:109DB0000000000000FFF5000000000000000FFFA1
:109DC0005000000000000000FFF50000000000004F
:109DD000000FFF5000000000000000FFF500000031
:109DE000000000000FFF5000000000000000FFF521
:109DF000000000013333334FFF733333325FFFFF13
:109E0000FFFFFFFFFFFF95FFFFFFFFFFFFFFFFF9D2
:109E10005FFFFFFFFFFFFFFFFF900000000FFF50FD
:109E200000000000000000FFF5000000000000003E
:109E30000FFF5000000000000000FFF500000000D0
:109E40000000000FFF5000000000000000FFF500C0
:109E50000000000000000FFF50000000003640002E
:109E60006FFF800EFFFF00FFFFF20CFFFF002DFFD2
:109E7000C0008FF7000CFF1000FFC0004FF7000874
:109E8000FF2000CFC000466666666660BFFFFFFF2A
:109E9000FFF0BFFFFFFFFFF0BFFFFFFFFFF0005924
:109EA00060009FFFA00FFFFF11FFFFF20CFFFD00FE
:109EB0002BFC200000000000000078830000000060
:109EC000000004FFF300000000000009FFD00000C4
:109ED000000000000EFF800000000000004FFF3077
:109EE000000000000000AFFD00000000000000FFC7
:109EF000F800000000000005FFF200000000000074
:109F00000AFFD00000000000000FFF7000000000FA
:109F100000005FFF20000000000000BFFC00000008
:109F200000000001FFF700000000000006FFF10044
:109F300000000000000BFFC00000000000001FFF39
:109F4000600000000000006FFF1000000000000033
:109F5000CFFB00000000000001FFF6000000000041
:109F60000007FFF10000000000000CFFB00000003F
:109F70000000002FFF500000000000007FFF0000E5
:109F80000000000000DFFA00000000000002FFF502
:109F900000000000000007FFF00000000000000DBE
:109FA000FFA00000000000002FFF400000000000A4
:109FB000008FFE00000000000000DFF9000000003C
:109FC000000003FFF400000000000008FFE00000B4
:109FD000000000000EFF900000000000003FFF3076
:109FE0000000000000009FFE00000000000000EFE5
:109FF000F800000000000004FFF300000000000073
:10A0000009FFD00000000000000EFF8000000000EB
:10A0100000000000000049DFFEC820000000000032
:10A02000004DFFFFFFFFFA100000000008FFFFFFD8
:10A03000FFFFFFE4000000008FFFFFECACFFFFFF1D
:10A0400030000005FFFFD4000017FFFFE100000E05
:10A05000FFFC000000003EFFFA00007FFFD0000080
:10A06000000004FFFF2000EFFF500000000000AFE1
:10A07000FF9004FFFE0000000000003FFFE008FF2B
:10A08000F80000000000000DFFF30BFFF4000000DB
:10A090000000000AFFF60EFFF200000000000007BB
:10A0A000FFF80FFFF000000000000005FFFA0FFFAF
:10A0B000F000000000000004FFFB1FFFE0000000B4
:10A0C00000000003FFFC0FFFF00000000000000490
:10A0D000FFFB0FFFF000000000000005FFFA0EFF7D
:10A0E000F200000000000007FFF80BFFF400000082
:10A0F0000000000AFFF608FFF80000000000000D55
:10A10000FFF304FFFE0000000000003FFFE000EF4F
:10A11000FF500000000000AFFF90007FFFD0000064
:10A12000000004FFFF20000EFFFB000000002EFFD8
:10A13000FA000005FFFFD4000007FFFFE100000068
:10A140008FFFFFEBACFFFFFF3000000008FFFFFFB9
:10A15000FFFFFFE400000000004DFFFFFFFFFB20BA
:10A160000000000000004ADFFEC820000000BFFF22
:10A17000FFFFFF9BFFFFFFFFF9BFFFFFFFFF969968
:10A18000999BFFF90000005FFF90000005FFF900B8
:10A1900000005FFF90000005FFF90000005FFF90E6
:10A1A000000005FFF90000005FFF90000005FFF9C7
:10A1B0000000005FFF90000005FFF90000005FFF56
:10A1C00090000005FFF90000005FFF90000005FF10
:10A1D000F90000005FFF90000005FFF90000005F3C
:10A1E000FF90000005FFF90000005FFF90000005F0
:10A1F000FFF90000005FFF90000005FFF90000007C
:10A200005FFF90000005FFF90000005FFF90000075
:10A21000016ADEFFEB820000000002AFFFFFFFFFDC
:10A22000FFB10000007FFFFFFFFFFFFFFE300009CE
:10A23000FFFFFFDBABDFFFFFE1002FFFFE61000050
:10A2400002AFFFFA0003EF900000000009FFFF00DB
:10A250000027000000000000EFFF400000000000A9
:10A26000000000BFFF5000000000000000009FFF42
:10A27000500000000000000000BFFF3000000000A0
:10A2800000000000FFFF100000000000000006FFBB
:10A29000FB00000000000000001EFFF500000000B1
:10A2A00000000000CFFFC0000000000000000AFF17
:10A2B000FE1000000000000000AFFFF300000000EF
:10A2C0000000000AFFFF4000000000000000AFFF98
:10A2D000F4000000000000000BFFFF400000000041
:10A2E000000000BFFFF4000000000000000BFFFFB3
:10A2F0004000000000000000BFFFF400000000006C
:10A3000000000BFFFF3000000000000000BFFFF363
:10A31000000000000000000BFFFF30000000000004
:10A320000000CFFFFC9999999999999507FFFFFF34
:10A33000FFFFFFFFFFFFF908FFFFFFFFFFFFFFFF2A
:10A34000FFF908FFFFFFFFFFFFFFFFFFF908FFFF17
:10A35000FFFFFFFFFFFFFF0008FFFFFFFFFFFFFF03
:10A36000FFFF0008FFFFFFFFFFFFFFFFFE00049954
:10A370009999999999AFFFF600000000000000003C
:10A38000CFFF900000000000000009FFFC0000006B
:10A3900000000000005FFFE100000000000000037B
:10A3A000FFFF40000000000000001EFFF70000005B
:10A3B0000000000000BFFFA0000000000000000837
:10A3C000FFFD00000000000000005FFFE200000051
:10A3D0000000000000FFFFFCA500000000000001DD
:10A3E000FFFFFFFFE6000000000001FFFFFFFFFF8F
:10A3F000A0000000000044457BFFFFF900000000C2
:10A40000000000001BFFFF30000000000000000003
:10A41000CFFFA000000000000000003FFFE00000B0
:10A420000000000000000FFFF0000000000000002E
:10A43000000FFFF000000000000000001FFFF0010F
:10A44000500000000000007FFFC00AF9100000006B
:10A450000003FFFF703FFFF9400000018FFFFE0087
:10A460009FFFFFFFDBABDFFFFFF40008FFFFFFFFF5
:10A47000FFFFFFFF50000029FFFFFFFFFFFFB200BB
:10A48000000000048BDEFFEB720000000000000003
:10A490000000008FFFC0000000000000000000046A
:10A4A000FFFE100000000000000000001EFFF4008E
:10A4B000000000000000000000CFFF80000000004E
:10A4C000000000000008FFFC000000000000000089
:10A4D00000004FFFF200000000000000000001EF4C
:10A4E000FF500000000000000000000CFFF9000019
:10A4F00000000000000000008FFFC000000000000E
:10A500000000000004FFFF20000000000000000029
:10A51000001EFFF500000000000000000000CFFF5B
:10A520009000000000000000000008FFFD00000097
:10A53000BEED00000000004FFFF2000000CFFF0062
:10A5400000000001EFFF60000000CFFF00000000EE
:10A550000CFFFA00000000CFFF000000008FFFD0CA
:10A5600000000000CFFF00000004FFFF20000000FB
:10A5700000CFFF0000001EFFFD8888888888EFFF5D
:10A580008888827FFFFFFFFFFFFFFFFFFFFFFFF4D1
:10A590007FFFFFFFFFFFFFFFFFFFFFFFF47FFFFFD6
:10A5A000FFFFFFFFFFFFFFFFFFF4000000000000C0
:10A5B0000000EFFF0000000000000000000000EFBE
:10A5C000FF0000000000000000000000EFFF00009E
:10A5D000000000000000000000EFFF00000000008D
:10A5E000000000000000EFFF00000000000000007D
:10A5F000000000EFFF00000000000000000000006D
:10A60000EFFF0000000000DFFFFFFFFFFFFFFF0084
:10A610000000FFFFFFFFFFFFFFFF000000FFFFFF45
:10A62000FFFFFFFFFF000002FFFC9999999999999C
:10A63000000003FFF7000000000000000005FFF528
:10A64000000000000000000007FFF4000000000010
:10A6500000000008FFF200000000000000000AFFF8
:10A66000F100000000000000000BFFF000000000FF
:10A67000000000000DFFE000000000000000000EE0
:10A68000FFE999876410000000000FFFFFFFFFFF44
:10A69000FD710000002FFFFFFFFFFFFFFE600000C5
:10A6A0003FFFFFFFFFFFFFFFF70000000000000279
:10A6B00047CFFFFF400000000000000004EFFFD084
:10A6C00000000000000000003FFFF200000000005A
:10A6D0000000000BFFF6000000000000000008FF73
:10A6E000F8000000000000000007FFF80000000074
:10A6F0000000000009FFF700610000000000000EEC
:10A70000FFF302FE400000000000AFFFE00BFFFC83
:10A71000620000004CFFFF601FFFFFFFECBBCFFF9C
:10A72000FFFC0002CFFFFFFFFFFFFFFFB0000005AF
:10A73000CFFFFFFFFFFFE700000000026ACEFFEC43
:10A740009500000000000000048CEFFEDA610000BC
:10A750000000006DFFFFFFFFFFF900000001CFFFC9
:10A76000FFFFFFFFFFB0000002EFFFFFEB999BEF41
:10A77000F3000001DFFFFA2000000048000000AFF6
:10A78000FFE400000000000000003FFFF3000000B5
:10A7900000000000000BFFF60000000000000000B9
:10A7A00001FFFE0000000000000000006FFF8000BD
:10A7B000000000000000000AFFF40000000000009C
:10A7C000000000DFFF10016BDFFEB71000000FFF7D
:10A7D000F008FFFFFFFFFF800000FFFF1DFFFFFFEE
:10A7E000FFFFFFD1001FFFFCFFFE86569EFFFFC04C
:10A7F00000FFFFFFF600000008FFFF800FFFFFF4DF
:10A800000000000007FFFF00EFFFF800000000005D
:10A810000DFFF40CFFFF1000000000007FFF709F91
:10A82000FFF0000000000005FFF906FFFE00000039
:10A830000000005FFF801FFFF1000000000007FF25
:10A84000F700AFFF800000000000DFFF3003FFFFD4
:10A8500030000000007FFFD00008FFFF6000000014
:10A860008FFFF500000CFFFFE96569EFFFF90000BD
:10A87000000BFFFFFFFFFFFFFA0000000006EFFFE5
:10A88000FFFFFFE500000000000059CEFFDA500096
:10A890000000CFFFFFFFFFFFFFFFFFFFF5CFFFFF30
:10A8A000FFFFFFFFFFFFFFF5CFFFFFFFFFFFFFFFF2
:10A8B000FFFFF4CFFF999999999999AFFFF0CFFFD6
:10A8C0000000000000008FFF90CFFF00000000009C
:10A8D00000FFFF20CFFF000000000006FFFB00CFBD
:10A8E000FF00000000000DFFF4009CCC0000000001
:10A8F000004FFFD00000000000000000BFFF60001C
:10A9000000000000000002FFFF0000000000000047
:10A910000009FFF800000000000000001FFFF20027
:10A92000000000000000007FFFB0000000000000F9
:10A930000000EFFF400000000000000005FFFD00E8
:10A94000000000000000000CFFF600000000000006
:10A9500000003FFFE00000000000000000AFFF80AB
:10A960000000000000000001FFFF100000000000D8
:10A97000000008FFFA00000000000000000EFFF3D6
:10A9800000000000000000006FFFC0000000000099
:10A99000000000DFFF500000000000000004FFFE88
:10A9A00000000000000000000BFFF80000000000A5
:10A9B0000000002FFFF100000000000000009FFFDA
:10A9C000A00000000000000001FFFF3000000000B8
:10A9D0000000000015ACEFFDC84000000000019F22
:10A9E000FFFFFFFFFFE600000002DFFFFFFFFFFFAA
:10A9F000FFFB000001EFFFFE96557AFFFFFB000012
:10AA00008FFFF700000001AFFFF4000EFFF600001B
:10AA1000000000AFFFB002FFFE000000000002FFD8
:10AA2000FE003FFFB000000000000FFFF001FFFD3F
:10AA3000000000000000FFFE000EFFF2000000001A
:10AA4000006FFFA0007FFFD1000000004FFFF40067
:10AA500000CFFFF8410015AFFFF8000001BFFFFF76
:10AA6000FFFFFFFFF800000000BFFFFFFFFFFFF840
:10AA700000000005EFFFFFFFFFFFFFFC200006FFC7
:10AA8000FFF9532236BFFFFE2002FFFFA1000000A6
:10AA9000003DFFFD00AFFFB000000000001EFFF60C
:10AAA0000FFFF20000000000005FFFC2FFFD00008A
:10AAB0000000000001FFFE3FFFC00000000000009A
:10AAC0000FFFF2FFFE00000000000002FFFE0FFF7C
:10AAD000F40000000000008FFFB0AFFFD1000000C5
:10AAE00000003FFFF602FFFFD4000000006FFFFEF2
:10AAF0000007FFFFFD96557AEFFFFF300007FFFFCD
:10AB0000FFFFFFFFFFFE40000003BFFFFFFFFFFF4F
:10AB1000F9100000000027BDFFFECA610000000020
:10AB200000027BEFFDC83000000000009FFFFFFF28
:10AB3000FFFC300000002EFFFFFFFFFFFFF70000CB
:10AB400001EFFFFC8657AFFFFF70000BFFFE4000D8
:10AB500000008FFFF3003FFFE20000000006FFFD52
:10AB6000009FFF700000000000BFFF50CFFF2000DB
:10AB7000000000005FFFB0DFFF0000000000003FAA
:10AB8000FFF1DFFF1000000000004FFFF4BFFF5097
:10AB900000000000009FFFF77FFFC00000000002E0
:10ABA000FFFFF91FFFFA000000003EFFFFFA07FF5A
:10ABB000FFE730014AFFFEFFFB00AFFFFFFFFFFF93
:10ABC000FFD5FFFB0007FFFFFFFFFFFB14FFFB00AC
:10ABD0000029EFFFFFFA4005FFFA0000000245429E
:10ABE000000007FFF700000000000000000BFFF569
:10ABF00000000000000000000EFFF1000000000057
:10AC00000000005FFFC00000000000000000DFFF48
:10AC1000600000000000000009FFFE0000000000CE
:10AC20000000009FFFF500001A300000004DFFFFFC
:10AC30009000009FFEA989BFFFFFFB000001FFFFFE
:10AC4000FFFFFFFFFF80000002CFFFFFFFFFFFB30A
:10AC500000000000038BEFFFDB720000000001BF6B
:10AC6000C200CFFFD01FFFFF20FFFFF109FFFA0056
:10AC70000596000000000000000000000000000039
:10AC800000000000000000000000000000000000C4
:10AC9000000000000000005960009FFFA00FFFFFB0
:10ACA00011FFFFF20CFFFD002BFC2001BFC200CF03
:10ACB000FFD01FFFFF20FFFFF109FFFA00059600FC
:10ACC0000000000000000000000000000000000084
:10ACD0000000000000000000000000000000000074
:10ACE000000000003640006FFF800EFFFF00FFFFF6
:10ACF000F20CFFFF002DFFC0008FF7000CFF1000CB
:10AD0000FFC0004FF70008FF2000CFC00000000088
:10AD1000000000000000300000000000000029F9E1
:10AD200000000000000005CFFF9000000000028E30
:10AD3000FFFFF9000000005BFFFFFFD600000018D6
:10AD4000EFFFFFF930000004BFFFFFFC60000001CF
:10AD50007EFFFFFF93000000005FFFFFC6000000C2
:10AD6000000005FFFD300000000000005FFFFE82D4
:10AD7000000000000002BFFFFFFC500000000000C8
:10AD800018EFFFFFE92000000000005BFFFFFFC697
:10AD90000000000000028EFFFFFF92000000000094
:10ADA00005CFFFFFF800000000000029FFFF900022
:10ADB0000000000000006CF900000000000000002E
:10ADC00003505FFFFFFFFFFFFFFFFF95FFFFFFFF48
:10ADD000FFFFFFFFF95FFFFFFFFFFFFFFFFF914452
:10ADE0004444444444444442000000000000000045
:10ADF0000000000000000000000000000000000053
:10AE00000000000000000000000000000000000042
:10AE10000000000000000001444444444444444411
:10AE2000425FFFFFFFFFFFFFFFFF95FFFFFFFFFFF9
:10AE3000FFFFFFF95FFFFFFFFFFFFFFFFF90110024
:10AE40000000000000000005FB40000000000000C2
:10AE5000005FFFD710000000000004FFFFFFA40008
:10AE60000000000004BFFFFFFD710000000000179C
:10AE7000EFFFFFFA3000000000004AFFFFFFD6009E
:10AE800000000000017DFFFFFF92000000000004B1
:10AE9000AFFFFF900000000000001AFFF900000063
:10AEA0000000016DFFFF90000000003AFFFFFFD49B
:10AEB00000000017DFFFFFFA30000004AFFFFFFDC6
:10AEC000710000017DFFFFFFA400000004FFFFFFF1
:10AED000E710000000005FFFFB40000000000005DD
:10AEE000FE810000000000000025000000000000BE
:10AEF0000000000000027BDFFFEB83000000003B4E
:10AF0000FFFFFFFFFFFC2000008FFFFFFFFFFFFFA1
:10AF1000FF4000AFFFFFEA989BFFFFFF205FFFFCB1
:10AF2000400000019FFFFA006FF700000000009F43
:10AF3000FFF00026000000000001FFFF20000000DD
:10AF4000000000000EFFF20000000000000000EF13
:10AF5000FF10000000000000002FFFD000000000E4
:10AF60000000000BFFF70000000000000009FFFEDA
:10AF7000000000000000000AFFFF30000000000099
:10AF8000000AFFFF300000000000000BFFFE300051
:10AF9000000000000008FFFE30000000000000027A
:10AFA000FFFF40000000000000008FFFA000000035
:10AFB000000000000CFFF40000000000000000ACE6
:10AFC000CC20000000000000000000000000000095
:10AFD0000000000000000000000000000000000071
:10AFE000000000000000000000023000000000002F
:10AFF00000000009FFD10000000000000004FFFF76
:10B0000080000000000000006FFFFA000000000058
:10B01000000002FFFF600000000000000005DE806D
:10B02000000000000000000000000159BDEFFEDA42
:10B03000840000000000000000000000005CFFFF32
:10B04000FFFFFFFFFE92000000000000000000056F
:10B05000DFFFFFFDCBCDEFFFFFFA10000000000087
:10B0600000001BFFFFC730000000149EFFFF6000C0
:10B0700000000000002DFFFB300000000000000574
:10B08000DFFF9000000000002EFFE5000000000040
:10B09000000000007FFFA0000000001EFFD10000A4
:10B0A00000000000000000004EFF900000000CFFB8
:10B0B000D000000000021000000122103FFF5000ED
:10B0C0000006FFE100000028DFFFFC7100CFFB005D
:10B0D0004FFE100000EFF50000008FFFFFFFFFE6BE
:10B0E0000CFFB0009FF800007FFB000000BFFFFFD7
:10B0F000FFFFFFF7CFFB0001FFF0000DFF40000056
:10B10000AFFFFA41014BFFFFFFB00008FF5003FF04
:10B11000D000005FFFE300000005FFFFFB00002FF1
:10B12000FB007FF800000DFFF30000000004FFFFAC
:10B13000B00000DFF00AFF400004FFF9000000004B
:10B14000000AFFFB00000AFF20DFF100008FFF2054
:10B1500000000000003FFFB000007FF40FFF000080
:10B160000BFFE0000000000000EFFB000005FF50B7
:10B17000FFE00000DFFC0000000000000CFFB0005A
:10B18000004FF61FFD00000DFFB0000000000000A2
:10B19000BFFB000004FF60FFE00000DFFC000000D8
:10B1A0000000000CFFB000005FF50FFF00000BFF78
:10B1B000E0000000000000EFFB000007FF40DFF1AF
:10B1C00000007FFF3000000000004FFFB000009F34
:10B1D000F20AFF400003FFFA00000000000BFFFB33
:10B1E00000000DFF007FF800000CFFF500000000DC
:10B1F00006FFFFC00002FFA002FFD000003FFFF6E5
:10B2000000000007FFFFFF1000BFF5000DFF40002A
:10B21000008FFFFC63236DFFF8FFFB33AFFD0000E1
:10B220006FFB0000009FFFFFFFFFFFF50FFFFFFF19
:10B23000FF300000EFF50000005EFFFFFFFFD300CE
:10B240004FFFFFFF50000006FFE200000006BEFFB8
:10B25000DA5000003AEFD9200000000CFFD10000C6
:10B260000000000000000000000000000000001EC0
:10B27000FFD10000000000000000000000000000FE
:10B280000000002FFFE500000000000000000000AB
:10B29000000000000000002EFFFB30000000000056
:10B2A00000230000000000000000001BFFFFC7306B
:10B2B00000000026BFB000000000000000000005F4
:10B2C000EFFFFFFEDCCDFFFFFF10000000000000DD
:10B2D000000000006CFFFFFFFFFFFFFD60000000AB
:10B2E00000000000000000000169CEFFFEC96200FE
:10B2F00000000000000000000000000009FFFC004A
:10B30000000000000000000000000001FFFFF4004A
:10B3100000000000000000000000007FFFFFB00000
:10B32000000000000000000000000EFFFFFF2000F2
:10B3300000000000000000000005FFFCFFF9000015
:10B34000000000000000000000CFFF1EFFF0000022
:10B3500000000000000000003FFFA07FFF70000021
:10B36000000000000000000AFFF301FFFD000000E4
:10B3700000000000000001FFFD000AFFF5000000D2
:10B380000000000000008FFF60003FFFC0000000D1
:10B3900000000000000EFFF00000CFFF30000000B2
:10B3A0000000000006FFF9000006FFFA00000000A0
:10B3B00000000000DFFF2000000EFFF10000000091
:10B3C0000000004FFFB00000008FFF800000000071
:10B3D00000000BFFF500000002FFFE00000000006F
:10B3E0000002FFFE000000000BFFF600000000005E
:10B3F000009FFF70000000004FFFD0000000000021
:10B400001FFFF10000000000DFFF40000000000708
:10B41000FFFC44444444444AFFFB0000000000EFAA
:10B42000FFFFFFFFFFFFFFFFFFF2000000005FFFD5
:10B43000FFFFFFFFFFFFFFFFFF900000000CFFFF7B
:10B44000FFFFFFFFFFFFFFFFFF10000003FFFE00F5
:10B450000000000000000BFFF7000000AFFF7000CD
:10B460000000000000004FFFE000001FFFF100009F
:10B47000000000000000DFFF500008FFF90000009E
:10B48000000000000006FFFC0000EFFF20000000AD
:10B4900000000000000EFFF3006FFFB0000000008E
:10B4A00000000000008FFFA00DFFF400000000006E
:10B4B0000000000001FFFF10CFFFFFFFFFFFFFECC8
:10B4C000950000000CFFFFFFFFFFFFFFFFFE600085
:10B4D00000CFFFFFFFFFFFFFFFFFFFA0000CFFF704
:10B4E0005555555568CFFFFF9000CFFF3000000045
:10B4F00000002CFFFF200CFFF30000000000000EF6
:10B50000FFF800CFFF300000000000007FFFB00C0C
:10B51000FFF300000000000004FFFC00CFFF30003C
:10B5200000000000004FFFB00CFFF300000000001F
:10B530000007FFF800CFFF30000000000000EFFF21
:10B54000300CFFF3000000000002CFFFB000CFFF7F
:10B5500075555555568CFFFFD1000CFFFFFFFFFFBF
:10B56000FFFFFFFFA10000CFFFFFFFFFFFFFFFFF77
:10B57000FD60000CFFFFFFFFFFFFFFFFFFFFC100AB
:10B58000CFFF3000000000025BFFFFC00CFFF300A4
:10B59000000000000003EFFF70CFFF30000000004C
:10B5A000000005FFFD0CFFF3000000000000000F8D
:10B5B000FFF1CFFF3000000000000000CFFF3CFF94
:10B5C000F3000000000000000DFFF3CFFF3000008B
:10B5D0000000000000FFFF2CFFF30000000000004F
:10B5E000008FFFE0CFFF300000000000008FFFF869
:10B5F0000CFFF755555555567AFFFFFE00CFFFFF5C
:10B60000FFFFFFFFFFFFFFFE200CFFFFFFFFFFFF1D
:10B61000FFFFFFF91000CFFFFFFFFFFFFFFEC96034
:10B62000000000000000000017ADEFFEC950000050
:10B630000000000004BFFFFFFFFFFFE81000000054
:10B64000001BFFFFFFFFFFFFFFFE400000003EFF6B
:10B65000FFFFECABCFFFFFFF7000003FFFFFE820D4
:10B66000000004AFFFFF20002EFFFF90000000004D
:10B67000003DFF50000CFFFF500000000000000BD9
:10B68000500005FFFF600000000000000000000007
:10B69000DFFFA0000000000000000000003FFFF1FD
:10B6A0000000000000000000000008FFFA00000099
:10B6B0000000000000000000CFFF5000000000006C
:10B6C00000000000000FFFF100000000000000007B
:10B6D000000000FFFF00000000000000000000006C
:10B6E0001FFFE00000000000000000000000FFFF5E
:10B6F00000000000000000000000000FFFF100004B
:10B70000000000000000000000CFFF50000000001B
:10B7100000000000000008FFFA0000000000000028
:10B72000000000003FFFF1000000000000000000EA
:10B730000000DFFFA0000000000000000000000586
:10B74000FFFF50000000000000000000000CFFFFA1
:10B75000500000000000001B5000002EFFFF900072
:10B76000000000003DFF6000003FFFFFE7200000F9
:10B7700004AFFFFF2000003EFFFFFFEBABCFFFFF5A
:10B78000FF600000001BFFFFFFFFFFFFFFFE400008
:10B7900000000004CFFFFFFFFFFFE70000000000F4
:10B7A000000027ADEFFEC940000000CFFFFFFFFF04
:10B7B000FFFEDA720000000000CFFFFFFFFFFFFF77
:10B7C000FFFFC500000000CFFFFFFFFFFFFFFFFFEF
:10B7D000FFC2000000CFFFA99999999BDFFFFFFFEF
:10B7E000500000CFFF3000000000016DFFFFF500AA
:10B7F00000CFFF300000000000006FFFFF3000CFDF
:10B80000FF3000000000000003EFFFD000CFFF304A
:10B81000000000000000003FFFF700CFFF300000F5
:10B82000000000000007FFFE00CFFF300000000016
:10B8300000000000EFFF50CFFF30000000000000CC
:10B8400000008FFFA0CFFF300000000000000000CC
:10B850003FFFD0CFFF3000000000000000000FFFCE
:10B86000F0CFFF3000000000000000000EFFF1CF1D
:10B87000FF3000000000000000000EFFF1CFFF309D
:10B8800000000000000000000EFFF1CFFF300000BC
:10B890000000000000000FFFF0CFFF3000000000AC
:10B8A000000000003FFFD0CFFF300000000000008C
:10B8B00000008FFFA0CFFF3000000000000000005C
:10B8C000EFFF50CFFF300000000000000007FFFE38
:10B8D00000CFFF30000000000000003FFFF700CF66
:10B8E000FF3000000000000003EFFFD000CFFF306A
:10B8F0000000000000006FFFFF3000CFFF300000AD
:10B900000000016DFFFFF50000CFFFA99999999BF9
:10B91000DFFFFFFF500000CFFFFFFFFFFFFFFFFF34
:10B92000FFC2000000CFFFFFFFFFFFFFFFFFC500CA
:10B93000000000CFFFFFFFFFFFFEDA7200000000F3
:10B9400000CFFFFFFFFFFFFFFFFFFF0CFFFFFFFF29
:10B95000FFFFFFFFFFF0CFFFFFFFFFFFFFFFFFFF36
:10B960000CFFFA9999999999999980CFFF30000025
:10B9700000000000000CFFF30000000000000000C9
:10B98000CFFF30000000000000000CFFF3000000BB
:10B990000000000000CFFF30000000000000000C9D
:10B9A000FFF30000000000000000CFFF30000000A7
:10B9B000000000000CFFF30000000000000000CFBA
:10B9C000FF97777777777777100CFFFFFFFFFFFF01
:10B9D000FFFFF300CFFFFFFFFFFFFFFFFF300CFF74
:10B9E000FFFFFFFFFFFFFFF300CFFF30000000006D
:10B9F0000000000CFFF30000000000000000CFFF7B
:10BA000030000000000000000CFFF3000000000008
:10BA1000000000CFFF30000000000000000CFFF32A
:10BA20000000000000000000CFFF30000000000018
:10BA300000000CFFF30000000000000000CFFF300A
:10BA4000000000000000000CFFFA9999999999995B
:10BA50009994CFFFFFFFFFFFFFFFFFFF8CFFFFFF6A
:10BA6000FFFFFFFFFFFFF8CFFFFFFFFFFFFFFFFF1D
:10BA7000FF80CFFFFFFFFFFFFFFFFFFFCFFFFFFFB5
:10BA8000FFFFFFFFFFFFCFFFFFFFFFFFFFFFFFFFF6
:10BA9000CFFFA999999999999998CFFF3000000003
:10BAA00000000000CFFF3000000000000000CFFFCA
:10BAB0003000000000000000CFFF30000000000058
:10BAC0000000CFFF3000000000000000CFFF30007A
:10BAD000000000000000CFFF300000000000000068
:10BAE000CFFF3000000000000000CFFF300000005A
:10BAF00000000000CFFF3000000000000000CFFF7A
:10BB0000FFFFFFFFFFFFFF30CFFFFFFFFFFFFFFF44
:10BB1000FF30CFFFFFFFFFFFFFFFFF30CFFFA88801
:10BB2000888888888810CFFF30000000000000005F
:10BB3000CFFF3000000000000000CFFF3000000009
:10BB400000000000CFFF3000000000000000CFFF29
:10BB50003000000000000000CFFF300000000000B7
:10BB60000000CFFF3000000000000000CFFF3000D9
:10BB7000000000000000CFFF3000000000000000C7
:10BB8000CFFF3000000000000000CFFF30000000B9
:10BB900000000000000000000016ADEFFECA6100CA
:10BBA000000000000004BFFFFFFFFFFFFA200000BD
:10BBB00000001BFFFFFFFFFFFFFFFF800000003EB4
:10BBC000FFFFFFECBBCEFFFFFFB000003FFFFFE831
:10BBD000200000038EFFFF60002EFFFF900000009A
:10BBE000000019FF90000CFFFF5000000000000053
:10BBF00005900005FFFF500000000000000000005D
:10BC000000DFFFA0000000000000000000003FFF78
:10BC1000F10000000000000000000008FFFA000032
:10BC2000000000000000000000CFFF5000000000F6
:10BC30000000000000000FFFF10000000000000005
:10BC400000000000FFFF00000000000000000000F6
:10BC5000001FFFE000000000000000004AAA40FFB3
:10BC6000FF000000000000000006FFF70FFFF100DA
:10BC7000000000000000006FFF70CFFF50000000C8
:10BC80000000000006FFF708FFFA000000000000B7
:10BC900000006FFF703FFFF1000000000000000691
:10BCA000FFF700DFFFA0000000000000006FFF7042
:10BCB00005FFFF6000000000000006FFF7000CFF1A
:10BCC000FF500000000000006FFF70002EFFFF908B
:10BCD000000000000009FFF700003FFFFFE8200020
:10BCE00000017DFFFF7000003EFFFFFFECAABEFFDA
:10BCF000FFFFE30000001AFFFFFFFFFFFFFFFFA1B0
:10BD00000000000004BFFFFFFFFFFFFA300000004B
:10BD100000000016ADEFFDC951000000CFFF30005C
:10BD2000000000000000BFFF4CFFF3000000000017
:10BD300000000BFFF4CFFF3000000000000000BF48
:10BD4000FF4CFFF3000000000000000BFFF4CFFFEA
:10BD50003000000000000000BFFF4CFFF3000000B7
:10BD6000000000000BFFF4CFFF30000000000000D7
:10BD700000BFFF4CFFF3000000000000000BFFF4C9
:10BD8000CFFF3000000000000000BFFF4CFFF300B9
:10BD90000000000000000BFFF4CFFF3000000000A7
:10BDA000000000BFFF4CFFF3000000000000000B8C
:10BDB000FFF4CFFFA999999999999999EFFF4CFFB1
:10BDC000FFFFFFFFFFFFFFFFFFFFF4CFFFFFFFFFBE
:10BDD000FFFFFFFFFFFFFF4CFFFFFFFFFFFFFFFF26
:10BDE000FFFFFFF4CFFF3000000000000000BFFFA6
:10BDF0004CFFF3000000000000000BFFF4CFFF3009
:10BE000000000000000000BFFF4CFFF30000000036
:10BE10000000000BFFF4CFFF300000000000000026
:10BE2000BFFF4CFFF3000000000000000BFFF4CF49
:10BE3000FF3000000000000000BFFF4CFFF30000D7
:10BE400000000000000BFFF4CFFF300000000000F6
:10BE50000000BFFF4CFFF3000000000000000BFFDC
:10BE6000F4CFFF3000000000000000BFFF4CFFF3E4
:10BE7000000000000000000BFFF4CFFF30000000C6
:10BE800000000000BFFF40CFFF3CFFF3CFFF3CFFAF
:10BE9000F3CFFF3CFFF3CFFF3CFFF3CFFF3CFFF3BB
:10BEA000CFFF3CFFF3CFFF3CFFF3CFFF3CFFF3CFCF
:10BEB000FF3CFFF3CFFF3CFFF3CFFF3CFFF3CFFF8F
:10BEC0003CFFF3CFFF3CFFF3CFFF3CFFF3CFFF304E
:10BED0000008FFFFFFFFFFFFF90008FFFFFFFFFF64
:10BEE000FFF90008FFFFFFFFFFFFF9000499999990
:10BEF000999BFFF900000000000006FFF900000018
:10BF000000000006FFF900000000000006FFF90035
:10BF1000000000000006FFF900000000000006FF1E
:10BF2000F900000000000006FFF90000000000001A
:10BF300006FFF900000000000006FFF90000000005
:10BF4000000006FFF900000000000006FFF90000F5
:10BF50000000000006FFF900000000000006FFF9E5
:10BF600000000000000006FFF900000000000006CD
:10BF7000FFF900000000000006FFF90000000000CB
:10BF80000006FFF800000000000007FFF7000000B7
:10BF900000000009FFF60064000000000DFFF3043C
:10BFA000FF300000004FFFF01EFFF7000004EFFF1E
:10BFB000A00CFFFFFB99CFFFFF2001DFFFFFFFFF7A
:10BFC000FFF6000008FFFFFFFFFE5000000017BE55
:10BFD000FFDA600000CFFF300000000000002EFFFD
:10BFE000F70CFFF30000000000001EFFF900CFFF78
:10BFF0003000000000001DFFFA000CFFF3000000FD
:10C0000000001DFFFB0000CFFF30000000000CFF10
:10C01000FC00000CFFF3000000000BFFFD1000000F
:10C02000CFFF300000000AFFFE1000000CFFF300FD
:10C0300000000AFFFE20000000CFFF30000009FFD3
:10C04000FF300000000CFFF3000008FFFF4000007D
:10C050000000CFFF300007FFFF50000000000CFF82
:10C06000F30006FFFF600000000000CFFF3005FF77
:10C07000FF7000000000000CFFF304FFFFF500005C
:10C0800000000000CFFF33FFFFFFF30000000000BF
:10C090000CFFF6FFFFFFFFD10000000000CFFFFF05
:10C0A000FFD7FFFFB0000000000CFFFFFFE209FF19
:10C0B000FF8000000000CFFFFFE2000BFFFF5000F9
:10C0C00000000CFFFFE200000DFFFF20000000CF8A
:10C0D000FFF30000002EFFFD1000000CFFF5000034
:10C0E00000003FFFFB000000CFFF30000000006FAA
:10C0F000FFF800000CFFF300000000008FFFF500C8
:10C1000000CFFF300000000000BFFFF2000CFFF383
:10C11000000000000000DFFFD100CFFF3000000072
:10C12000000002EFFFB00CFFF3000000000000036E
:10C13000FFFF80CFFF3000000000000005FFFF5030
:10C14000CFFF3000000000000000CFFF30000000F3
:10C1500000000000CFFF3000000000000000CFFF13
:10C160003000000000000000CFFF300000000000A1
:10C170000000CFFF3000000000000000CFFF3000C3
:10C18000000000000000CFFF3000000000000000B1
:10C19000CFFF3000000000000000CFFF30000000A3
:10C1A00000000000CFFF3000000000000000CFFFC3
:10C1B0003000000000000000CFFF30000000000051
:10C1C0000000CFFF3000000000000000CFFF300073
:10C1D000000000000000CFFF300000000000000061
:10C1E000CFFF3000000000000000CFFF3000000053
:10C1F00000000000CFFF3000000000000000CFFF73
:10C200003000000000000000CFFF30000000000000
:10C210000000CFFF3000000000000000CFFF300022
:10C22000000000000000CFFF300000000000000010
:10C23000CFFF3000000000000000CFFFA9999999BE
:10C2400099999993CFFFFFFFFFFFFFFFFFF5CFFF06
:10C25000FFFFFFFFFFFFFFF5CFFFFFFFFFFFFFFF28
:10C26000FFF5CFFC00000000000000000000009F70
:10C27000FFCFFF5000000000000000000002FFFFA1
:10C28000CFFFE00000000000000000000BFFFFCF28
:10C29000FFF70000000000000000004FFFFFCFFF8D
:10C2A000FF100000000000000000DFFFFFCFFFFFD5
:10C2B000A00000000000000006FFFFFFCFFFFFF31B
:10C2C000000000000000001EFFFFFFCFFFFFFC008A
:10C2D0000000000000008FFFFFFFCFFFBFFF5000F6
:10C2E0000000000002FFFCEFFFCFFF2FFFE0000087
:10C2F0000000000BFFF3EFFFCFFF08FFF700000087
:10C3000000004FFF90DFFFCFFF00EFFF10000000A5
:10C3100000CFFF10DFFFCFFF005FFFA0000000068F
:10C32000FFF700DFFFCFFF000CFFF30000000EFF60
:10C33000D000DFFFCFFF0003FFFC0000008FFF40B5
:10C3400000DFFFCFFF00009FFF500001FFFB000058
:10C35000DFFFCFFF00001FFFE0000AFFF20000DF59
:10C36000FFCFFF000007FFF8003FFF900000DFFF56
:10C37000CFFF000000DFFF10CFFE100000DFFFCF77
:10C38000FF0000004FFFA5FFF6000000DFFFCFFF1A
:10C390000000000BFFFEFFD0000000DFFFCFFF001A
:10C3A000000002FFFFFF40000000DFFFCFFF0000A2
:10C3B00000009FFFFB00000000DFFFCFFF00000038
:10C3C000001EFFF200000000DFFFCFFF00000000B2
:10C3D00006FF8000000000DFFFCFFF00000000002C
:10C3E000771000000000DFFFCFFF0000000000001A
:10C3F0000000000000DFFFCFFF0000000000000091
:10C4000000000000DFFFCFFF000000000000000080
:10C41000000000DFFFCFFD0000000000000000BFB3
:10C42000FF4CFFFA000000000000000BFFF4CFFFFC
:10C43000F600000000000000BFFF4CFFFFF300000B
:10C44000000000000BFFF4CFFFFFE1000000000040
:10C4500000BFFF4CFFFFFFB000000000000BFFF427
:10C46000CFFFFFFF800000000000BFFF4CFFFDFF7B
:10C47000FF40000000000BFFF4CFFF4DFFFF200046
:10C48000000000BFFF4CFFF32FFFFD000000000B7A
:10C49000FFF4CFFF305FFFFA00000000BFFF4CFF4A
:10C4A000F3009FFFF60000000BFFF4CFFF3000CF3A
:10C4B000FFF3000000BFFF4CFFF30001EFFFE100BE
:10C4C000000BFFF4CFFF300004FFFFB00000BFFF00
:10C4D0004CFFF3000007FFFF80000BFFF4CFFF309D
:10C4E00000000BFFFF4000BFFF4CFFF30000001DEA
:10C4F000FFFE200BFFF4CFFF300000003FFFFD00E8
:10C50000BFFF4CFFF3000000006FFFFA0BFFF4CFFA
:10C51000FF30000000009FFFF6BFFF4CFFF300005C
:10C52000000000CFFFFDFFF4CFFF3000000000014E
:10C53000EFFFFFFF4CFFF3000000000004FFFFFFD0
:10C54000F4CFFF30000000000007FFFFFF4CFFF3B7
:10C550000000000000000BFFFFF4CFFF30000000E0
:10C560000000001DFFFF4CFFF30000000000000072
:10C570003FFFF4CFFF30000000000000006FFF40DD
:10C58000000000000016ADEFFEC9500000000000E2
:10C5900000000004BFFFFFFFFFFFF81000000000D5
:10C5A00000001AFFFFFFFFFFFFFFFF600000000019
:10C5B000003EFFFFFFEBABCFFFFFFFB0000000002E
:10C5C0003FFFFFE720000004AFFFFFC00000001E98
:10C5D000FFFF9000000000002CFFFFA000000BFFF9
:10C5E000FF500000000000000AFFFF600005FFFF91
:10C5F00060000000000000000CFFFE0000DFFFA054
:10C6000000000000000000001FFFF7003FFFF100E6
:10C6100000000000000000007FFFD008FFFA0000CB
:10C620000000000000000000FFFF20CFFF500000CE
:10C63000000000000000000BFFF60FFFF1000000FB
:10C64000000000000000008FFF80FFFF00000000DE
:10C6500000000000000005FFFA1FFFE000000000DE
:10C660000000000000005FFFA0FFFF0000000000CE
:10C67000000000000005FFFA0FFFF10000000000BD
:10C6800000000000008FFF80CFFF5000000000007E
:10C69000000000000BFFF608FFFA00000000000099
:10C6A00000000000FFFF203FFFF10000000000003D
:10C6B0000000007FFFD000DFFFA0000000000000AE
:10C6C00000001EFFF70005FFFF5000000000000003
:10C6D000000BFFFE00000BFFFF50000000000000F9
:10C6E0000AFFFF6000002EFFFF8000000000002C0A
:10C6F000FFFFA00000003FFFFFE720000003AFFFA7
:10C70000FFC0000000003EFFFFFFEBABCFFFFFFFCD
:10C71000B000000000001AFFFFFFFFFFFFFFFF70E7
:10C7200000000000000004BFFFFFFFFFFFF9100042
:10C730000000000000000016ADEFFEC95000000030
:10C740000000CFFFFFFFFFFFEDA61000000CFFFF72
:10C75000FFFFFFFFFFFFB20000CFFFFFFFFFFFFF64
:10C76000FFFFF6000CFFFA9999999ADFFFFFF70097
:10C77000CFFF300000000017FFFFF40CFFF30000B4
:10C7800000000001DFFFC0CFFF300000000000020A
:10C79000FFFF3CFFF30000000000000AFFF8CFFF9E
:10C7A000300000000000005FFFACFFF3000000005D
:10C7B000000003FFFCCFFF300000000000003FFF3F
:10C7C000CCFFF300000000000005FFFACFFF3000AF
:10C7D0000000000000AFFF8CFFF30000000000002D
:10C7E0002FFFF3CFFF3000000000001DFFFD0CFF06
:10C7F000F300000000017EFFFF40CFFFA999999947
:10C80000ADFFFFFF700CFFFFFFFFFFFFFFFFFF709B
:10C8100000CFFFFFFFFFFFFFFFFB20000CFFFFFF2C
:10C82000FFFFFEDA72000000CFFF300000000000C2
:10C830000000000CFFF3000000000000000000CF2B
:10C84000FF3000000000000000000CFFF3000000BB
:10C85000000000000000CFFF3000000000000000DA
:10C86000000CFFF3000000000000000000CFFF30CC
:10C8700000000000000000000CFFF30000000000BA
:10C8800000000000CFFF30000000000000000000AA
:10C89000000000000016ADEFFEC9500000000000CF
:10C8A0000000000003BFFFFFFFFFFFF810000000C3
:10C8B000000000001AFFFFFFFFFFFFFFFF60000006
:10C8C000000000002EFFFFFFEBABCFFFFFFFA0003B
:10C8D000000000003FFFFFE720000004AFFFFFC0A3
:10C8E000000000001EFFFF9000000000003DFFFF61
:10C8F000A00000000BFFFF500000000000000BFF35
:10C90000FF50000004FFFF60000000000000000C6A
:10C91000FFFE000000CFFFA00000000000000000AC
:10C920001FFFF700003FFFF10000000000000000C3
:10C93000007FFFD00008FFFA0000000000000000A8
:10C940000001FFFF2000BFFF5000000000000000BA
:10C9500000000BFFF5000EFFF100000000000000DA
:10C960000000008FFF8000FFFF00000000000000BB
:10C9700000000006FFF9001FFFE0000000000000BB
:10C98000000000005FFFA000FFFF000000000000AB
:10C990000000000005FFFA000FFFF100000000009A
:10C9A00000000000007FFF8000CFFF40000000007B
:10C9B00000000000000BFFF60009FFF90000000076
:10C9C000000000000000FFFF20004FFFF10000000A
:10C9D0000000000000006FFFE00000EFFF9000008B
:10C9E0000000000000001EFFF7000007FFFF4000EE
:10C9F0000000000000000AFFFF1000000DFFFF30E4
:10CA000000000000000009FFFF700000003FFFFF72
:10CA10007000000000001BFFFFB0000000006FFF6F
:10CA2000FFD5000000028FFFFFD100000000006F63
:10CA3000FFFFFFC989ADFFFFFFC10000000000003C
:10CA40003EFFFFFFFFFFFFFFFF9000000000000020
:10CA50000007EFFFFFFFFFFFFB20000000000000CA
:10CA600000000059CEFFFFFE710000000000000032
:10CA7000000000000000BFFFF700000000470000BA
:10CA800000000000000000BFFFF90000006FF4008C
:10CA90000000000000000000BFFFFE8547CFFFD070
:10CAA0000000000000000000008FFFFFFFFFFFE21A
:10CAB000000000000000000000004DFFFFFFFFB17C
:10CAC000000000000000000000000005ADFFD930AC
:10CAD0000000CFFFFFFFFFFFEDA610000000CFFF1B
:10CAE000FFFFFFFFFFFFFA200000CFFFFFFFFFFF68
:10CAF000FFFFFFF50000CFFFA9999999ADFFFFFF58
:10CB00005000CFFF300000000017FFFFF300CFFF01
:10CB10003000000000002EFFFB00CFFF30000000BF
:10CB2000000003FFFF20CFFF30000000000000BF27
:10CB3000FF70CFFF300000000000006FFFA0CFFFAC
:10CB4000300000000000004FFFB0CFFF30000000B9
:10CB50000000003FFFC0CFFF300000000000004F8A
:10CB6000FFB0CFFF300000000000008FFF90CFFF2C
:10CB700030000000000000EFFF50CFFF3000000049
:10CB8000000008FFFF00CFFF3000000000008FFF13
:10CB9000F800CFFF30000000148EFFFFD000CFFF61
:10CBA000FFFFFFFFFFFFFFFD1000CFFFFFFFFFFFB5
:10CBB000FFFFFFA10000CFFFFFFFFFFFFFFFE3002C
:10CBC0000000CFFF988888877FFFF4000000CFFF28
:10CBD0003000000005FFFE100000CFFF3000000015
:10CBE00000AFFFA00000CFFF30000000001EFFF6E6
:10CBF0000000CFFF300000000004FFFF2000CFFF47
:10CC00003000000000008FFFC000CFFF30000000A8
:10CC100000000DFFF800CFFF30000000000002FF11
:10CC2000FF30CFFF300000000000006FFFD0000099
:10CC30000016ADEFFEDA6200000000019FFFFFFF6B
:10CC4000FFFFFC50000003EFFFFFFFFFFFFFFFB0FF
:10CC50000002FFFFFFB9889CFFFFFA0000CFFFF63C
:10CC6000000000004AFF30003FFFF300000000001A
:10CC700002800008FFF8000000000000000000AF84
:10CC8000FF4000000000000000000AFFF500000067
:10CC90000000000000008FFFA00000000000000066
:10CCA0000005FFFF6000000000000000000EFFFF15
:10CCB000B400000000000000003FFFFFFEA62000BF
:10CCC00000000000003EFFFFFFFFE95000000000F1
:10CCD0000007EFFFFFFFFFF910000000000049EF21
:10CCE000FFFFFFFF7000000000000026AEFFFFFF07
:10CCF0008000000000000000039FFFFF50000000C4
:10CD000000000000002DFFFC0000000000000000FB
:10CD1000003FFFF1000000000000000000DFFF20E6
:10CD200000000000000000000CFFF2007000000096
:10CD300000000000FFFF007FC30000000000009F14
:10CD4000FFB00EFFFB5100000002AFFFF402EFFF47
:10CD5000FFFCA988ADFFFFF90002BFFFFFFFFFFF47
:10CD6000FFFFFA0000004BFFFFFFFFFFFFD50000B1
:10CD700000000159CEFFFEB830000000DFFFFFFFCA
:10CD8000FFFFFFFFFFFFFFF5DFFFFFFFFFFFFFFFDD
:10CD9000FFFFFFF5DFFFFFFFFFFFFFFFFFFFFFF5D7
:10CDA000799999999AFFFE999999999200000000B2
:10CDB00003FFFB00000000000000000003FFFB0079
:10CDC000000000000000000003FFFB000000000066
:10CDD0000000000003FFFB00000000000000000056
:10CDE00003FFFB00000000000000000003FFFB0049
:10CDF000000000000000000003FFFB000000000036
:10CE00000000000003FFFB00000000000000000025
:10CE100003FFFB00000000000000000003FFFB0018
:10CE2000000000000000000003FFFB000000000005
:10CE30000000000003FFFB000000000000000000F5
:10CE400003FFFB00000000000000000003FFFB00E8
:10CE5000000000000000000003FFFB0000000000D5
:10CE60000000000003FFFB000000000000000000C5
:10CE700003FFFB00000000000000000003FFFB00B8
:10CE8000000000000000000003FFFB0000000000A5
:10CE90000000000003FFFB00000000000000000095
:10CEA00003FFFB00000000000000000003FFFB0088
:10CEB000000000000000000003FFFB000000000075
:10CEC0000000000003FFFB00000000000000000065
:10CED00003FFFB00000000000FFFF0000000000057
:10CEE00000003FFFA0FFFF0000000000000003FF64
:10CEF000FA0FFFF0000000000000003FFFA0FFFF5E
:10CF00000000000000000003FFFA0FFFF000000027
:10CF1000000000003FFFA0FFFF0000000000000035
:10CF200003FFFA0FFFF0000000000000003FFFA029
:10CF3000FFFF0000000000000003FFFA0FFFF000F9
:10CF40000000000000003FFFA0FFFF000000000005
:10CF5000000003FFFA0FFFF0000000000000003F98
:10CF6000FFA0FFFF0000000000000003FFFA0FFF1A
:10CF7000F0000000000000003FFFA0FFFF000000E5
:10CF80000000000003FFFA0FFFF0000000000000A7
:10CF9000003FFFA0FFFF0000000000000003FFFAB9
:10CFA0000FFFF0000000000000004FFF90FFFF00A7
:10CFB00000000000000005FFF80EFFF10000000077
:10CFC0000000006FFF70CFFF40000000000000096C
:10CFD000FFF508FFF900000000000000DFFF205F00
:10CFE000FFE00000000000004FFFE000EFFF8000C6
:10CFF000000000000DFFF80007FFFF6000000000C8
:10D000000BFFFF10000DFFFFB30000005DFFFF707E
:10D0100000002EFFFFFECABCFFFFFFA00000002D96
:10D02000FFFFFFFFFFFFFF900000000008FFFFFF72
:10D03000FFFFFD500000000000015ADEFFDC84000D
:10D040000000000DFFF70000000000000000000BD2
:10D05000FFF406FFFE0000000000000000002FFFAC
:10D06000D000FFFF5000000000000000008FFF70A4
:10D07000008FFFC00000000000000000EFFF100064
:10D080002FFFF20000000000000006FFF900000B77
:10D09000FFF9000000000000000DFFF2000004FF97
:10D0A000FF100000000000004FFFC0000000DFFF85
:10D0B00070000000000000AFFF500000006FFFD0C4
:10D0C000000000000001FFFE000000000FFFF40060
:10D0D0000000000008FFF70000000009FFFB00004F
:10D0E0000000000EFFF10000000002FFFF20000022
:10D0F00000006FFFA00000000000BFFF90000000D4
:10D1000000DFFF3000000000004FFFF000000003D0
:10D11000FFFC0000000000000DFFF60000000AFF09
:10D12000F500000000000007FFFD0000001FFFE009
:10D1300000000000000001FFFF4000008FFF8000A2
:10D140000000000000009FFFA00000EFFF100000A3
:10D1500000000000002FFFF10005FFFA00000000B2
:10D16000000000000CFFF8000CFFF40000000000BD
:10D1700000000005FFFE003FFFD00000000000009F
:10D18000000000EFFF50AFFF600000000000000053
:10D1900000007FFFC1FFFF00000000000000000052
:10D1A000001FFFFBFFF9000000000000000000006E
:10D1B0000AFFFFFFF2000000000000000000000373
:10D1C000FFFFFFB00000000000000000000000CFE3
:10D1D000FFFF4000000000000000000000005FFFB3
:10D1E000FD0000000000000000000000000EFFF73E
:10D1F0000000000000008FFF90000000000000050C
:10D20000FFFA000000000000003FFF93FFFE000057
:10D210000000000000AFFFF000000000000008FF69
:10D22000F40EFFF30000000000000FFFFF500000AD
:10D2300000000000DFFE009FFF80000000000005EE
:10D24000FFFFFA0000000000003FFFA004FFFD0008
:10D250000000000000AFFFFFF0000000000008FF2A
:10D26000F4000EFFF200000000000FFFFFFF40007F
:10D2700000000000DFFF00009FFF700000000005BD
:10D28000FFF9FFFA00000000002FFFA00004FFFCE0
:10D290000000000000AFFF0EFFE00000000007FFED
:10D2A000F500000FFFF2000000000FFFA09FFF40FD
:10D2B00000000000DFFF000000AFFF70000000056D
:10D2C000FFF503FFF9000000002FFFB0000005FF8D
:10D2D000FC00000000AFFF000EFFE000000007FFB1
:10D2E000F60000000FFFF10000000FFFB0009FFFED
:10D2F00040000000CFFF10000000AFFF60000005FD
:10D30000FFF50003FFF90000001FFFB0000000055B
:10D31000FFFB000000AFFF00000EFFE0000007FF72
:10D32000F6000000001FFFF100000FFFB000009F9B
:10D33000FF300000CFFF1000000000BFFF500005CD
:10D34000FFF6000004FFF800001FFFC0000000000F
:10D3500006FFFA0000AFFF1000000EFFE00006FF1E
:10D36000F700000000001FFFF0000FFFB0000000FA
:10D370009FFF3000BFFF100000000000CFFF5005EE
:10D38000FFF600000004FFF8001FFFC000000000CF
:10D390000006FFFA00AFFF100000000EFFD006FFEE
:10D3A000F70000000000001FFFF00FFFB0000000BA
:10D3B000009FFF30BFFF20000000000000CFFF45AE
:10D3C000FFF60000000004FFF81FFFD0000000007F
:10D3D000000007FFF9BFFF10000000000EFFD6FF9E
:10D3E000F8000000000000002FFFEFFFB000000079
:10D3F00000009FFFDFFF2000000000000000DFFFB3
:10D40000FFF6000000000004FFFFFFD00000000056
:10D4100000000007FFFFFF1000000000000EFFFFEC
:10D42000F800000000000000002FFFFFB000000027
:10D430000000009FFFFF300000000000000000DF40
:10D44000FFF600000000000004FFFFE00000000005
:10D450000000000008FFFF100000000000000FFFA8
:10D46000F9000000000007FFFF200000000000009E
:10D470001EFFF5000CFFFC0000000000000BFFFA8F
:10D4800000002FFFF7000000000006FFFD00000075
:10D490006FFFF30000000002FFFF30000000BFFF3D
:10D4A000D000000000CFFF8000000001EFFF9000DF
:10D4B00000008FFFC00000000004FFFF4000003F9D
:10D4C000FFF2000000000009FFFE10000DFFF60053
:10D4D00000000000000DFFFB0009FFFA0000000043
:10D4E0000000003FFFF604FFFE10000000000000F7
:10D4F000007FFFF3EFFF400000000000000000CFBE
:10D50000FFFFFF80000000000000000002FFFFFF9F
:10D51000D000000000000000000006FFFFF2000045
:10D5200000000000000000003FFFFF20000000009E
:10D5300000000000000DFFFFFD00000000000000E3
:10D5400000000AFFFFFFF9000000000000000005D6
:10D55000FFFF6FFFF40000000000000001EFFF601C
:10D560009FFFE100000000000000CFFFB000DFFFE0
:10D57000A00000000000007FFFE10003FFFF60004B
:10D58000000000003FFFF5000007FFFF2000000043
:10D59000000DFFF90000000CFFFC0000000009FF77
:10D5A000FD000000001FFFF800000004FFFF300036
:10D5B0000000005FFFF3000001EFFF8000000000AB
:10D5C00000AFFFD00000BFFFD0000000000001EF5F
:10D5D000FFA0006FFFF200000000000004FFFF50FA
:10D5E0002FFFF70000000000000008FFFE100DFFF5
:10D5F000F600000000000000003FFFC004FFFE1026
:10D6000000000000000000CFFF2000BFFF900000DE
:10D610000000000006FFF900002FFFF200000000EC
:10D6200000001EFFE1000008FFFC000000000000F9
:10D630009FFF60000000EFFF500000000002FFFCB1
:10D64000000000005FFFE0000000000BFFF300009F
:10D6500000000BFFF8000000005FFFA000000000CA
:10D6600002FFFF20000000EFFF1000000000009FFD
:10D67000FFB0000008FFF70000000000001EFFF4EC
:10D6800000002FFFD000000000000006FFFD00009A
:10D69000BFFF4000000000000000CFFF7004FFFB50
:10D6A00000000000000000003FFFF10DFFF200004D
:10D6B0000000000000000AFFF97FFF80000000006A
:10D6C0000000000001FFFFFFFE000000000000005E
:10D6D0000000007FFFFFF5000000000000000000D8
:10D6E000000DFFFFC000000000000000000000046B
:10D6F000FFFF300000000000000000000000FFFEFF
:10D70000000000000000000000000000FFFE00001C
:10D7100000000000000000000000FFFE000000000C
:10D720000000000000000000FFFE000000000000FC
:10D73000000000000000FFFE0000000000000000EC
:10D7400000000000FFFE00000000000000000000DC
:10D750000000FFFE000000000000000000000000CC
:10D76000FFFE000000000000000000000000FFFEBF
:10D77000000000000000000000000000FFFE0000AC
:10D78000000000000FFFFFFFFFFFFFFFFFFFFFF99B
:10D7900000FFFFFFFFFFFFFFFFFFFFFF900FFFFFF7
:10D7A000FFFFFFFFFFFFFFFFF900999999999999F2
:10D7B00099999EFFFE10000000000000000006FF87
:10D7C000FF40000000000000000003FFFF80000099
:10D7D00000000000000001EFFFB0000000000000AA
:10D7E000000000BFFFE10000000000000000008F0B
:10D7F000FFF30000000000000000004FFFF60000F3
:10D80000000000000000002EFFFA000000000000F1
:10D810000000000DFFFD0000000000000000000AF5
:10D82000FFFF20000000000000000006FFFF400096
:10D830000000000000000003FFFF80000000000067
:10D8400000000001EFFFB000000000000000000039
:10D85000BFFFE10000000000000000008FFFF300A8
:10D8600000000000000000004FFFF6000000000074
:10D87000000000002EFFFA00000000000000000081
:10D880000DFFFD0000000000000000000AFFFF2067
:10D89000000000000000000006FFFF500000000034
:10D8A0000000000003FFFF900000000000000000E7
:10D8B00001EFFFC0000000000000000000BFFFFA01
:10D8C0009999999999999999914FFFFFFFFFFFFFB6
:10D8D000FFFFFFFFFF24FFFFFFFFFFFFFFFFFFFF33
:10D8E000FFF24FFFFFFFFFFFFFFFFFFFFFFF20CF14
:10D8F000FFFFFF9CFFFFFFF9CFFFFFFF9CFFF444FA
:10D9000042CFFF00000CFFF00000CFFF00000CFF33
:10D91000F00000CFFF00000CFFF00000CFFF000080
:10D920000CFFF00000CFFF00000CFFF00000CFFF65
:10D9300000000CFFF00000CFFF00000CFFF0000023
:10D94000CFFF00000CFFF00000CFFF00000CFFF045
:10D950000000CFFF00000CFFF00000CFFF00000C24
:10D96000FFF00000CFFF00000CFFF00000CFFF0031
:10D97000000CFFF00000CFFF00000CFFF00000CF14
:10D98000FF00000CFFF00000CFFF00000CFFF4339D
:10D9900032CFFFFFFF9CFFFFFFF9CFFFFFFF903863
:10D9A00087000000000000002FFF40000000000082
:10D9B000000DFFA000000000000007FFF0000000C5
:10D9C00000000002FFF500000000000000CFFA0098
:10D9D0000000000000007FFF000000000000001FAA
:10D9E000FF500000000000000CFFB000000000002D
:10D9F0000006FFF100000000000001FFF60000003B
:10DA000000000000BFFB000000000000006FFF10DE
:10DA10000000000000001FFF600000000000000B7D
:10DA2000FFC000000000000006FFF1000000000041
:10DA30000000FFF700000000000000BFFC00000035
:10DA4000000000005FFF200000000000000FFF70DA
:10DA50000000000000000AFFC000000000000005F8
:10DA6000FFF200000000000000FFF70000000000CF
:10DA70000000AFFD000000000000004FFF2000008C
:10DA8000000000000EFF8000000000000009FFD031
:10DA900000000000000004FFF30000000000000090
:10DAA000EFF8000000000000009FFE0000000000F2
:10DAB00000003FFF300000000000000EFF9000005B
:10DAC0000000000008FFE000000000000003FFF479
:10DAD00000000000000000DFF9000000000000006E
:10DAE0008FFE000000000000002FFF40000000003B
:10DAF00000000DFFA000000000000007FFF03FFF46
:10DB0000FFFFF23FFFFFFFF23FFFFFFFF204444C35
:10DB1000FFF200000BFFF200000BFFF200000BFF12
:10DB2000F200000BFFF200000BFFF200000BFFF20F
:10DB300000000BFFF200000BFFF200000BFFF200F1
:10DB4000000BFFF200000BFFF200000BFFF20000E1
:10DB50000BFFF200000BFFF200000BFFF200000BC6
:10DB6000FFF200000BFFF200000BFFF200000BFFC2
:10DB7000F200000BFFF200000BFFF200000BFFF2BF
:10DB800000000BFFF200000BFFF200000BFFF200A1
:10DB9000000BFFF200000BFFF200000BFFF2000091
:10DBA0000BFFF200000BFFF200000BFFF203333C0F
:10DBB000FFF23FFFFFFFF23FFFFFFFF23FFFFFFFDC
:10DBC000F20000002FFF700000000000008FFFE057
:10DBD000000000000000EFFFF5000000000006FF5D
:10DBE000CFFB00000000000CFF2CFF200000000015
:10DBF0003FFC06FF8000000000AFF500FFE00000E2
:10DC00000001FFE0009FF600000007FF80003FFCDE
:10DC10000000000DFF20000CFF3000004FFB000053
:10DC200006FF900000BFF5000000FFF10002FFE0DA
:10DC30000000009FF70008FF800000002FFD000E8D
:10DC4000FF100000000CFF406FFB0000000005FF0C
:10DC5000B0CFF40000000000EFF188888888888841
:10DC600088888888FFFFFFFFFFFFFFFFFFFFFFFFA0
:10DC7000FFFFFFFFFFFFFFFF0788860000003EFF5A
:10DC8000F80000001CFFF800000009FFF800000089
:10DC900007FFF800000004EFF8000048BDEFED9525
:10DCA00000000006DFFFFFFFFFFD30002CFFFFFF3D
:10DCB000FFFFFFFF5001EFFFFB8779CFFFFF20073A
:10DCC000FC500000004EFFF9000600000000003F7D
:10DCD000FFF000000000000000BFFF300000000067
:10DCE000000007FFF5000000000000006FFF60006B
:10DCF000058BCDDDDDDEFFF7006EFFFFFFFFFFFFD1
:10DD0000FF708FFFFFFFFFFFFFFFF73FFFF93100BD
:10DD100000006FFF7AFFF60000000006FFF7EFFE3D
:10DD200000000000006FFF7FFFD0000000000AFF2E
:10DD3000F7EFFF0000000004FFFF7AFFF80000008B
:10DD400004FFFFF74FFFFC52114AFFFFFF709FFFD8
:10DD5000FFFFFFFFF7FFF7007FFFFFFFFFE43FFF3D
:10DD6000700017CEFFDA6003FFF75FFF700000005E
:10DD7000000000000005FFF70000000000000000A8
:10DD8000005FFF70000000000000000005FFF700CA
:10DD900000000000000000005FFF700000000000B5
:10DDA00000000005FFF70000000000000000005F19
:10DDB000FF70000000000000000005FFF7000000F9
:10DDC0000000000000005FFF700000000000000085
:10DDD0000005FFF70016BDFFEB610000005FFF705C
:10DDE0005EFFFFFFFFF8000005FFF79FFFFFFFFF4B
:10DDF000FFFD10005FFFEFFFFC979BFFFFFD10058D
:10DE0000FFFFFFB20000019FFFFB005FFFFF8000EC
:10DE10000000006FFFF505FFFFB000000000009F4D
:10DE2000FFC05FFFF2000000000001FFFF15FFFCD4
:10DE30000000000000000AFFF55FFF9000000000F6
:10DE400000007FFF85FFF700000000000005FFF9DC
:10DE50005FFF700000000000005FFF95FFF9000009
:10DE60000000000007FFF75FFFD000000000000087
:10DE7000AFFF55FFFF3000000000001FFFF15FFF04
:10DE8000FC00000000000AFFFC05FFFFF900000095
:10DE90000007FFFF505FFFFFFB2000001AFFFFB0ED
:10DEA00005FFFCFFFFC979BFFFFFE1005FFF59FFDE
:10DEB000FFFFFFFFFFD10005FFF506EFFFFFFFFFAC
:10DEC0008000005FFF50016BDFFEB6100000000015
:10DED0000000038CEFFEB610000000003CFFFFFFC7
:10DEE000FFFF800000007FFFFFFFFFFFFFC100007A
:10DEF0008FFFFFD978AFFFFFB0005FFFFC3000005D
:10DF000007FFFF400EFFFA0000000004FE4007FF7D
:10DF1000FD0000000000040000CFFF5000000000E2
:10DF20000000000FFFE00000000000000003FFFB06
:10DF300000000000000000004FFF90000000000003
:10DF4000000004FFF900000000000000003FFFB0E7
:10DF50000000000000000000FFFE000000000000C4
:10DF600000000CFFF500000000000000006FFFD073
:10DF70000000000000400000EFFFA0000000004F84
:10DF8000E50005FFFFC30000007FFFF40008FFFF6E
:10DF9000FD978AFFFFFB000007FFFFFFFFFFFFFC6D
:10DFA00000000003CFFFFFFFFFF700000000003874
:10DFB000CEFFEB6100000000000000000000003F09
:10DFC000FFA0000000000000000003FFFA000000B6
:10DFD0000000000000003FFFA00000000000000063
:10DFE0000003FFFA0000000000000000003FFFA057
:10DFF000000000000000000003FFFA000000000025
:10E00000000000003FFFA00000000000000000032F
:10E01000FFFA0000000000000000003FFFA0000029
:10E02000005ADFFEC72003FFFA000005EFFFFFFFE5
:10E03000FF803FFFA0000AFFFFFFFFFFFFC4FFFAC2
:10E04000000AFFFFFC978BFFFFEFFFA007FFFFC356
:10E050000000018FFFFFFA01FFFFA0000000004F4A
:10E06000FFFFA08FFFD000000000007FFFFA0DFF30
:10E07000F5000000000000EFFFA1FFFE000000001F
:10E08000000008FFFA3FFFB00000000000005FFF43
:10E09000A4FFF900000000000003FFFA4FFF90000A
:10E0A00000000000003FFFA3FFFB00000000000095
:10E0B00005FFFA1FFFE00000000000008FFFA0DF57
:10E0C000FF5000000000000EFFFA07FFFD000000F7
:10E0D000000007FFFFA01FFFFB0000000005FFFF7F
:10E0E000FA007FFFFC30000018FFFFFFA000AFFF29
:10E0F000FFD978BFFFFCFFFA0000AFFFFFFFFFFF73
:10E10000FC1FFFA000006EFFFFFFFFF800FFFA00FA
:10E11000000005ADFFEC72000FFFA000000005AD90
:10E12000FFEC83000000000005EFFFFFFFFFB200DF
:10E130000000009FFFFFFFFFFFFF4000000AFFFFFE
:10E14000D9657AFFFFF400006FFFF60000001AFFA8
:10E15000FE1001FFFF30000000008FFF9007FFF668
:10E1600000000000000CFFF00DFFE00000000000C8
:10E1700005FFF50FFFA0000000000000FFF93FFFC2
:10E18000EDDDDDDDDDDDDDFFFB4FFFFFFFFFFFFF31
:10E19000FFFFFFFC4FFFFFFFFFFFFFFFFFFFFC3F05
:10E1A000FF9000000000000000000FFFD000000002
:10E1B00000000000000CFFF4000000000000000060
:10E1C00007FFFD000000000000000000EFFFB000AE
:10E1D00000000006C000005FFFFD40000001AFFA34
:10E1E000000008FFFFFD9879CFFFFF3000007FFFA0
:10E1F000FFFFFFFFFFF500000003CFFFFFFFFFFB66
:10E200002000000000038CEFFDC83000000000007B
:10E21000029DFFEA400000007FFFFFFFF5000006BF
:10E22000FFFFFFFFF100001FFFFC646CA000006F08
:10E23000FFA00000100000AFFF300000000000CF82
:10E24000FF000000000000CFFF000000000000CF32
:10E25000FF000000006FFFFFFFFFFFFF206FFFFFC9
:10E26000FFFFFFFF206FFFFFFFFFFFFF201333DFE4
:10E27000FF433333000000CFFF000000000000CF59
:10E28000FF000000000000CFFF000000000000CFF2
:10E29000FF000000000000CFFF000000000000CFE2
:10E2A000FF000000000000CFFF000000000000CFD2
:10E2B000FF000000000000CFFF000000000000CFC2
:10E2C000FF000000000000CFFF000000000000CFB2
:10E2D000FF000000000000CFFF000000000000CFA2
:10E2E000FF000000000000CFFF000000000000CF92
:10E2F000FF000000000000CFFF000000000000CF82
:10E30000FF0000000000000005ADFFEC83000BFFE4
:10E31000E000006EFFFFFFFFFB20BFFE0000BFFF1D
:10E32000FFFFFFFFFF4BFFE000CFFFFFC9789DFF1E
:10E33000FFEFFE009FFFFB20000004DFFFFFE02F48
:10E34000FFF80000000000CFFFFE09FFFB00000007
:10E35000000001EFFFE0EFFF20000000000007FFDA
:10E36000FE2FFFD00000000000001FFFE4FFFA00B6
:10E37000000000000000EFFE4FFF900000000000D2
:10E38000000DFFE4FFFA00000000000000FFFE2F78
:10E39000FFD00000000000002FFFE0EFFF30000082
:10E3A00000000008FFFE09FFFC000000000002EF73
:10E3B000FFE02FFFF90000000001CFFFFE008FFFFC
:10E3C000FC30000005EFFFFFE000CFFFFFD978AE83
:10E3D000FFFFFFFE0000BFFFFFFFFFFFFF3EFFE06C
:10E3E00000006EFFFFFFFFFB20FFFE00000005ADF9
:10E3F000FFEC83000FFFC0000000000000000002DF
:10E40000FFFB0000000000000000006FFF80000024
:10E410000000000000000CFFF4000CA00000000051
:10E420000008FFFE0006FFE8200000001AFFFF7052
:10E4300000FFFFFFEA8779CFFFFFB00005EFFFFF86
:10E44000FFFFFFFFFFC10000017EFFFFFFFFFFFE98
:10E450007000000000037ADEFFEC950000005FFF13
:10E46000700000000000000005FFF7000000000041
:10E470000000005FFF700000000000000005FFF7D3
:10E4800000000000000000005FFF700000000000BE
:10E49000000005FFF700000000000000005FFF70B3
:10E4A0000000000000000005FFF700000000000071
:10E4B00000005FFF700000000000000005FFF70093
:10E4C00016BDFFDA6000005FFF707FFFFFFFFFE413
:10E4D0000005FFF8BFFFFFFFFFFFF6005FFFFFFF34
:10E4E000FB99AEFFFFF305FFFFFF70000006FFFF83
:10E4F000C05FFFFF4000000005FFFF25FFFF800019
:10E500000000000BFFF65FFFF100000000005FFF5E
:10E5100095FFFB000000000002FFFB5FFF90000082
:10E520000000001FFFC5FFF8000000000001FFFC15
:10E530005FFF7000000000001FFFC5FFF700000034
:10E54000000001FFFC5FFF7000000000001FFFC51E
:10E55000FFF7000000000001FFFC5FFF70000000FB
:10E5600000001FFFC5FFF7000000000001FFFC5F77
:10E57000FF7000000000001FFFC5FFF70000000053
:10E580000001FFFC5FFF7000000000001FFFC5FFDF
:10E59000F7000000000001FFFC5FFF7000000000BA
:10E5A000001FFFC0003740007FFF900EFFFF10FFED
:10E5B000FFF109FFFA0006960000000000000000CD
:10E5C0000000000000000005FFF7005FFF7005FF7E
:10E5D000F7005FFF7005FFF7005FFF7005FFF700B2
:10E5E0005FFF7005FFF7005FFF7005FFF7005FFF3B
:10E5F0007005FFF7005FFF7005FFF7005FFF700514
:10E60000FFF7005FFF7005FFF7005FFF7005FFF782
:10E61000005FFF70000000002750000000004FFF67
:10E62000C00000000BFFFF40000000CFFFF400001F
:10E630000005FFFD0000000004971000000000002E
:10E6400000000000000000000000000000000000CA
:10E65000000000000000000002FFFB000000002F8F
:10E66000FFB000000002FFFB000000002FFFB00021
:10E67000000002FFFB000000002FFFB000000002BE
:10E68000FFFB000000002FFFB000000002FFFB00B6
:10E690000000002FFFB000000002FFFB00000000A0
:10E6A0002FFFB000000002FFFB000000002FFFB0B2
:10E6B00000000002FFFB000000002FFFB000000080
:10E6C00002FFFB000000002FFFB000000002FFFB74
:10E6D000000000002FFFB000000002FFFB00000060
:10E6E000002FFFB000000002FFFA000000003FFF13
:10E6F000A000000006FFF800100000DFFF400CC77C
:10E7000057DFFFE003FFFFFFFFF5008FFFFFFFF77D
:10E7100000005BEFFD9200005FFF70000000000052
:10E720000000005FFF7000000000000000005FFFBD
:10E730007000000000000000005FFF70000000009B
:10E74000000000005FFF7000000000000000005F9C
:10E75000FF7000000000000000005FFF700000007C
:10E7600000000000005FFF700000000000000000DB
:10E770005FFF7000000000000000005FFF700000FD
:10E78000000007FFFF305FFF70000000008FFFF404
:10E79000005FFF7000000009FFFF40005FFF700096
:10E7A0000000AFFFF400005FFF7000000AFFFF40B1
:10E7B00000005FFF700000BFFFF40000005FFF700B
:10E7C000000CFFFF500000005FFF7001CFFFF5005D
:10E7D0000000005FFF701DFFFF50000000005FFFA2
:10E7E00071DFFFFF20000000005FFFAEFFFFFFC0F2
:10E7F000000000005FFFFFFFFFFFF9000000005F67
:10E80000FFFFFE39FFFF500000005FFFFFE200CF77
:10E81000FFF20000005FFFFE20001EFFFD00000071
:10E820005FFFD2000003FFFFA000005FFF70000049
:10E83000007FFFF600005FFF700000000AFFFF206E
:10E84000005FFF7000000000DFFFD0005FFF70007E
:10E850000000002FFFFA005FFF700000000005FFBE
:10E86000FF605FFF7000000000008FFFF35FFF7527
:10E87000FFF75FFF75FFF75FFF75FFF75FFF75FF3E
:10E88000F75FFF75FFF75FFF75FFF75FFF75FFF736
:10E890005FFF75FFF75FFF75FFF75FFF75FFF75FBE
:10E8A000FF75FFF75FFF75FFF75FFF75FFF75FFF0E
:10E8B00075FFF75FFF75FFF75FFF705FFF50028C1A
:10E8C000EFEC9300000016BEFFEB7100005FFF51FC
:10E8D000AFFFFFFFFFA10007FFFFFFFFFF60005F2B
:10E8E000FF6DFFFFFFFFFFFE10CFFFFFFFFFFFF8F1
:10E8F000005FFFFFFFB7568EFFFFBBFFFFA656AFBF
:10E90000FFFF505FFFFFD30000009FFFFFFFA1004C
:10E910000002DFFFD05FFFFE100000000BFFFFFAD8
:10E92000000000001FFFF45FFFF50000000003FF80
:10E93000FFF10000000008FFF85FFFE000000000AA
:10E9400000EFFF900000000003FFFB5FFFB000003E
:10E95000000000CFFF500000000001FFFC5FFF80BF
:10E960000000000000BFFF300000000000FFFD5F5E
:10E97000FF700000000000BFFF200000000000FF4B
:10E98000FD5FFF700000000000BFFF2000000000DE
:10E9900000FFFD5FFF700000000000BFFF200000CF
:10E9A000000000FFFD5FFF700000000000BFFF20BF
:10E9B0000000000000FFFD5FFF700000000000BFCE
:10E9C000FF200000000000FFFD5FFF70000000005E
:10E9D00000BFFF200000000000FFFD5FFF7000008F
:10E9E000000000BFFF200000000000FFFD5FFF707F
:10E9F0000000000000BFFF200000000000FFFD5FDE
:10EA0000FF700000000000BFFF200000000000FFBA
:10EA1000FD5FFF700000000000BFFF20000000004D
:10EA200000FFFD5FFF700000000000BFFF2000003E
:10EA3000000000FFFD5FFF700000000000BFFF202E
:10EA40000000000000FFFD5FFF50027BDFFDA6001D
:10EA50000005FFF519FFFFFFFFFE40005FFF6DFFA0
:10EA6000FFFFFFFFFF6005FFFFFFFC8657BFFFFFB3
:10EA7000305FFFFFE40000003EFFFC05FFFFE20007
:10EA80000000003FFFF25FFFF60000000000AFFF54
:10EA900065FFFE000000000005FFF95FFFB0000009
:10EAA0000000002FFFB5FFF8000000000001FFFC90
:10EAB0005FFF7000000000001FFFC5FFF7000000AF
:10EAC000000001FFFC5FFF7000000000001FFFC599
:10EAD000FFF7000000000001FFFC5FFF7000000076
:10EAE00000001FFFC5FFF7000000000001FFFC5FF2
:10EAF000FF7000000000001FFFC5FFF700000000CE
:10EB00000001FFFC5FFF7000000000001FFFC5FF59
:10EB1000F7000000000001FFFC5FFF700000000034
:10EB2000001FFFC5FFF7000000000001FFFC000010
:10EB300000049CEFFDA61000000000004CFFFFFF4A
:10EB4000FFFF70000000008FFFFFFFFFFFFFC1000D
:10EB500000009FFFFFC978AFFFFFD100005FFFFCFF
:10EB600030000018FFFFC0000EFFFA000000000494
:10EB7000FFFF6007FFFD000000000007FFFD00CF62
:10EB8000FF5000000000000EFFF30FFFE000000048
:10EB90000000008FFF73FFFB00000000000005FF76
:10EBA000F94FFF900000000000003FFFB4FFF900A4
:10EBB000000000000003FFFA3FFFB000000000006B
:10EBC000005FFF90FFFE00000000000008FFF70C50
:10EBD000FFF5000000000000EFFF307FFFD00000D5
:10EBE0000000007FFFD000EFFFB0000000004FFFEB
:10EBF000F50005FFFFC30000018FFFFB000008FFC9
:10EC0000FFFD978BFFFFFD10000008FFFFFFFFFFD8
:10EC1000FFFC1000000003CFFFFFFFFFF700000024
:10EC200000000039CEFFDA600000005FFF50016B8A
:10EC3000DFFEB610000005FFF507FFFFFFFFFF80B6
:10EC400000005FFF5BFFFFFFFFFFFFD10005FFFE3E
:10EC5000FFFE85458EFFFFD1005FFFFFF80000003B
:10EC600006FFFFB005FFFFF60000000004FFFF50A5
:10EC70005FFFFA000000000007FFFC05FFFF200017
:10EC8000000000000FFFF15FFFC000000000000067
:10EC90009FFF55FFF900000000000006FFF85FFF2E
:10ECA000700000000000005FFF95FFF8000000000A
:10ECB000000005FFF95FFF900000000000007FFFEB
:10ECC00075FFFD0000000000000BFFF55FFFF30083
:10ECD0000000000001FFFF15FFFFC0000000000062
:10ECE000AFFFC05FFFFF90000000007FFFF505FF52
:10ECF000FFFFB2000002AFFFFB005FFFDFFFFC97EA
:10ED00009BFFFFFE1005FFF78FFFFFFFFFFFFD10CA
:10ED1000005FFF705EFFFFFFFFF8000005FFF700D8
:10ED200005BDFFEB610000005FFF70000000000008
:10ED300000000005FFF70000000000000000005F79
:10ED4000FF70000000000000000005FFF700000059
:10ED50000000000000005FFF7000000000000000E5
:10ED60000005FFF70000000000000000005FFF70DA
:10ED7000000000000000000005FFF7000000000098
:10ED80000000000000000005ADFFEC72000FFFA0C6
:10ED900000005EFFFFFFFFF900FFFA0000AFFFFF7A
:10EDA000FFFFFFFD1FFFA000AFFFFFC978BFFFFC03
:10EDB000FFFA007FFFFC30000018FFFFFFA01FFFDD
:10EDC000FA0000000005FFFFFA08FFFD0000000048
:10EDD0000008FFFFA0DFFF5000000000000EFFFA58
:10EDE0001FFFE00000000000008FFFA3FFFB0000FA
:10EDF0000000000005FFFA4FFF9000000000000037
:10EE00003FFFA4FFF900000000000003FFFA3FFFEE
:10EE1000B00000000000005FFFA1FFFE0000000046
:10EE2000000008FFFA0DFFF5000000000000EFFFF2
:10EE3000A07FFFD000000000007FFFFA01FFFFB0BD
:10EE4000000000005FFFFFA007FFFFC30000018F6D
:10EE5000FFFFFA000AFFFFFD978BFFFFDFFFA00017
:10EE60000AFFFFFFFFFFFFC3FFFA000006EFFFFFEF
:10EE7000FFFF803FFFA00000005ADFFEC71003FF26
:10EE8000FA0000000000000000003FFFA0000000AA
:10EE9000000000000003FFFA000000000000000076
:10EEA000003FFFA0000000000000000003FFFA0088
:10EEB00000000000000000003FFFA0000000000074
:10EEC00000000003FFFA0000000000000000003F07
:10EED000FFA0000000000000000003FFFA5FFF50E9
:10EEE000016BDF05FFF507FFFFF05FFF5AFFFFFF34
:10EEF00005FFFBFFFFFDC05FFFFFFB300005FFFFCD
:10EF0000F80000005FFFFA00000005FFFF2000008E
:10EF1000005FFFD000000005FFF9000000005FFF68
:10EF20008000000005FFF7000000005FFF70000098
:10EF30000005FFF7000000005FFF7000000005FF04
:10EF4000F7000000005FFF7000000005FFF7000001
:10EF500000005FFF7000000005FFF7000000005F89
:10EF6000FF7000000005FFF7000000000000016ACC
:10EF7000DFFEDB8300000008FFFFFFFFFFFE6000F5
:10EF80000BFFFFFFFFFFFFFE0008FFFFD86678CFF3
:10EF9000FF6000FFFF6000000018C0004FFF9000FE
:10EFA000000000000005FFF7000000000000004F17
:10EFB000FFC000000000000001FFFFC400000000CF
:10EFC000000008FFFFFFB8520000000009FFFFFF2C
:10EFD000FFFEA400000004BFFFFFFFFFFC100000C5
:10EFE00000047ADFFFFFFD100000000000049FFF17
:10EFF000F8000000000000005FFFC00000000000FB
:10F000000000FFFD005200000000001FFFC01FF9BC
:10F01000300000001BFFF808FFFFEA8778AFFFFF12
:10F0200010CFFFFFFFFFFFFFFF40006DFFFFFFFF5F
:10F03000FFFC300000037ADEFFEC8300000000CF0D
:10F04000FF000000000000CFFF000000000000CF24
:10F05000FF000000000000CFFF000000000000CF14
:10F06000FF000000006FFFFFFFFFFFFF206FFFFFAB
:10F07000FFFFFFFF206FFFFFFFFFFFFF201333DFC6
:10F08000FF433333000000CFFF000000000000CF3B
:10F09000FF000000000000CFFF000000000000CFD4
:10F0A000FF000000000000CFFF000000000000CFC4
:10F0B000FF000000000000CFFF000000000000CFB4
:10F0C000FF000000000000CFFF000000000000CFA4
:10F0D000FF000000000000CFFF000000000000CF94
:10F0E000FF100000000000BFFF4000000000008F84
:10F0F000FFC000001000002FFFFD757DB00000096B
:10F10000FFFFFFFFF2000000AFFFFFFFF500000070
:10F1100004AEFFD9209FFF4000000000007FFF6980
:10F12000FFF4000000000007FFF69FFF4000000012
:10F1300000007FFF69FFF4000000000007FFF69F5A
:10F14000FF4000000000007FFF69FFF400000000A6
:10F150000007FFF69FFF4000000000007FFF69FFEF
:10F16000F4000000000007FFF69FFF4000000000D1
:10F17000007FFF69FFF4000000000007FFF69FFF1B
:10F180004000000000007FFF69FFF4000000000065
:10F1900007FFF68FFF4000000000008FFF67FFF6BB
:10F1A00000000000000BFFF66FFF90000000000061
:10F1B000FFFF63FFFE00000000007FFFF60FFFF877
:10F1C000000000003FFFFF608FFFF80000006FFFAE
:10F1D000FFF601EFFFFFB99AEFFFDFFF6003FFFFCC
:10F1E000FFFFFFFFC4FFF60002CFFFFFFFFF803FDE
:10F1F000FF60000049DEFEC72003FFF60DFFF200AE
:10F20000000000000009FFF307FFF8000000000005
:10F21000000FFFC001FFFE0000000000006FFF5064
:10F22000009FFF500000000000DFFE00002FFFC025
:10F230000000000004FFF800000CFFF300000000D5
:10F240000AFFF1000005FFF9000000001FFFA00009
:10F250000000EFFF000000008FFF300000007FFF84
:10F2600060000000EFFD000000001FFFD00000055F
:10F27000FFF6000000000AFFF400000CFFE00000B1
:10F28000000003FFFA00003FFF800000000000CFF5
:10F29000FF1000AFFF2000000000006FFF7001FFB3
:10F2A000FB0000000000000EFFE007FFF40000007C
:10F2B00000000008FFF50EFFD00000000000000273
:10F2C000FFFB5FFF7000000000000000BFFFDFFFDA
:10F2D00010000000000000004FFFFFF900000000D8
:10F2E000000000000DFFFFF2000000000000000021
:10F2F00006FFFFC0000000000000000000FFFF50FC
:10F30000000000009FFF100000000000BFFD000093
:10F3100000000000EFF83FFF600000000001FFFF69
:10F32000300000000004FFF20DFFC00000000007E5
:10F33000FFFF900000000009FFD008FFF10000006F
:10F34000000DFFFFE0000000000FFF7002FFF7005C
:10F350000000003FFFFFF4000000005FFF1000CF3F
:10F36000FD000000009FFEEFFA00000000BFFB0060
:10F37000007FFF20000000EFF89FFF00000001FF6A
:10F38000F600001FFF80000004FFF23FFF50000066
:10F3900006FFF000000BFFD000000AFFD00DFFB009
:10F3A00000000CFFA0000005FFF300001FFF700726
:10F3B000FFF100002FFF40000000FFF900006FFF89
:10F3C0001001FFF600007FFE00000000AFFE00000D
:10F3D000CFFB0000BFFC0000DFF9000000004FFF82
:10F3E0004002FFF500005FFF2003FFF30000000074
:10F3F0000EFFA007FFE000000FFF7009FFD0000024
:10F40000000009FFF00DFF9000000AFFD00EFF7012
:10F410000000000003FFF53FFF30000004FFF34F42
:10F42000FF200000000000DFFB9FFD00000000EF58
:10F43000F8AFFC0000000000007FFFEFF7000000C5
:10F44000008FFEFFF60000000000002FFFFFF1001C
:10F450000000002FFFFFF10000000000000CFFFF84
:10F46000B0000000000CFFFFB0000000000000062C
:10F47000FFFF500000000006FFFF500000000000EA
:10F480000001FFFF000000000001FFFF000000007E
:10F490000AFFF900000000007FFFB001DFFF50000D
:10F4A000000003FFFE10003FFFF20000001EFFF30C
:10F4B000000007FFFC000000AFFF70000000BFFF6E
:10F4C000800006FFFB000000001EFFF4002FFFE19C
:10F4D0000000000003FFFE10DFFF400000000000FE
:10F4E0007FFFC9FFF70000000000000BFFFFFFB027
:10F4F00000000000000001EFFFFE1000000000000F
:10F5000000004FFFF40000000000000000AFFFFA11
:10F510000000000000000006FFFFFF600000000088
:10F5200000002FFFFEFFF2000000000000DFFF548C
:10F53000FFFD000000000009FFFA008FFFA000009F
:10F5400000005FFFD0000CFFF600000002FFFF206C
:10F550000002FFFF2000000CFFF60000006FFFD04C
:10F5600000009FFFA00000000AFFFA0005FFFE1048
:10F5700000000000DFFF602EFFF300000000003FEE
:10F58000FFF20DFFF200000000000009FFF306FF8C
:10F59000F80000000000000FFFC000FFFE000000A8
:10F5A0000000006FFF50009FFF600000000000DFC0
:10F5B000FE00002FFFD00000000004FFF700000B4A
:10F5C000FFF4000000000AFFF1000004FFFA000051
:10F5D00000001FFF90000000DFFF100000008FFF01
:10F5E000200000006FFF80000000EFFC0000000022
:10F5F0000FFFE0000005FFF50000000008FFF50028
:10F60000000CFFE00000000002FFFC00003FFF7064
:10F610000000000000BFFF30009FFF10000000004E
:10F62000004FFFA001FFF90000000000000DFFF1F6
:10F6300007FFF200000000000006FFF70DFFC0000A
:10F64000000000000000EFFE5FFF5000000000001F
:10F6500000008FFFEFFE00000000000000002FFF01
:10F66000FFF700000000000000000AFFFFF10000AB
:10F6700000000000000004FFFF90000000000000F8
:10F68000000000DFFF20000000000000000001FF7C
:10F69000FB00000000000000000008FFF500000073
:10F6A0000000000000001EFFD00000000000076006
:10F6B0000000BFFF6000000000001FFD868EFFFC01
:10F6C0000000000000009FFFFFFFFFF200000000AD
:10F6D00000004EFFFFFFFE30000000000000007B36
:10F6E000EFEC70000000000000002FFFFFFFFFFFA5
:10F6F000FFFFFF02FFFFFFFFFFFFFFFFF02FFFFFF6
:10F70000FFFFFFFFFFFF00333333333336FFFF507C
:10F71000000000000000DFFF80000000000000AFDC
:10F72000FFC00000000000006FFFE10000000000CB
:10F73000003FFFF30000000000001DFFF700000085
:10F740000000000BFFFA00000000000007FFFD00B2
:10F75000000000000004FFFF20000000000001EF97
:10F76000FF50000000000000CFFF900000000000EC
:10F77000009FFFC00000000000005FFFE1000000EC
:10F780000000002FFFF40000000000000DFFF70054
:10F7900000000000000AFFFD44444444444415FFB7
:10F7A000FFFFFFFFFFFFFFF56FFFFFFFFFFFFFFF03
:10F7B000FF56FFFFFFFFFFFFFFFFF50000006CEFAC
:10F7C000F400001CFFFFF40000AFFFFFF40001FF96
:10F7D000FFC6410005FFFC00000007FFF700000026
:10F7E00008FFF500000008FFF500000008FFF50025
:10F7F000000008FFF500000008FFF500000008FF0A
:10F80000F500000008FFF500000008FFF50000000B
:10F8100008FFF500000008FFF400000009FFF300F6
:10F8200000003EFFF10000BFFFFFA00000BFFFF996
:10F83000000000BFFFFF600000347FFFF000000009
:10F840000AFFF300000008FFF400000008FFF500C5
:10F85000000008FFF500000008FFF500000008FFA9
:10F86000F500000008FFF500000008FFF5000000AB
:10F8700008FFF500000008FFF500000008FFF50094
:10F88000000007FFF700000005FFFC00000002FF7A
:10F89000FFB5310000AFFFFFF400001DFFFFF400D3
:10F8A00000006CEFF4CFFCCFFCCFFCCFFCCFFCCF43
:10F8B000FCCFFCCFFCCFFCCFFCCFFCCFFCCFFCCFF0
:10F8C000FCCFFCCFFCCFFCCFFCCFFCCFFCCFFCCFE0
:10F8D000FCCFFCCFFCCFFCCFFCCFFCCFFCCFFCCFD0
:10F8E000FCCFFCCFFCCFFCCFFCCFFCCFFCCFFCCFC0
:10F8F000FCCFFC3FFEC60000003FFFFFD100003FF1
:10F90000FFFFFB0000045BFFFF20000000CFFF6053
:10F910000000006FFF800000004FFF900000003FDC
:10F92000FF900000003FFF900000003FFF900000AC
:10F93000003FFF900000003FFF900000003FFF905D
:10F940000000003FFF900000003FFF900000003FDC
:10F95000FF900000002FFFA00000000FFFF3000049
:10F960000009FFFFFB0000009FFFFB000006FFFFF8
:10F97000FB00000EFFF84300002FFFB00000003F27
:10F98000FF900000003FFF900000003FFF9000004C
:10F99000003FFF900000003FFF900000003FFF90FD
:10F9A0000000003FFF900000003FFF900000003F7C
:10F9B000FF900000004FFF900000005FFF800000FC
:10F9C00000BFFF7000035BFFFF30003FFFFFFB0045
:10F9D000003FFFFFD100003FFEC700000000000015
:10F9E00000000000000000019EFFA300000007CB04
:10F9F00001EFFFFFF7000000CFD0BFFFFFFFFA00CD
:10FA0000002FFA2FFF502AFFFD413DFF66FF6000E7
:10FA100006FFFFFFFFE09FF0000003EFFFFFF4078A
:10FA2000BA000000008DFEA20000000002000000ED
:10FA300000007EFFFC5000002DFFFFFFFA0000DFFA
:10FA4000E61029FF9007FE2000006FF30EF700007C
:10FA5000000BFA1FF200000006FD2FF10000000568
:10FA6000FE1FF300000007FD0DF80000000DF90671
:10FA7000FF4000009FF200BFFA536CFF70000BFFC5
:10FA8000FFFFF80000004BEFD930000016840003A0
:10FA9000EFFFA00EFFFFF74FFFFFFC5FFFFFFD2F03
:10FAA000FFFFFA0AFFFFF2008EFC300000000000AA
:10FAB0000000000000000000000000000000000046
:10FAC0000000000000000000000000000000000036
:10FAD00037CFB1000000000000000000000000006F
:10FAE0000000049EFFFFFC0000000000000000007A
:10FAF00000000000026BFFFFFFFFFF00000000009E
:10FB00000000000000000048DFFFFFFFFFFFFF00D4
:10FB100000000000000000000015AFFFFFFFFFFF26
:10FB2000FFFFFF0000000000000000037CFFFFFF5C
:10FB3000FFFFFFFFFFFFFF0000000000000059EF84
:10FB4000FFFFFFFFFFFFFFFFFFFFFF0000000000C0
:10FB500006BFFFFFFFFFFFFFFFFFFFFFFFFFFF00ED
:10FB6000000000009FFFFFFFFFFFFFFFFFFFFFFF01
:10FB7000FFFFFF0000000000FFFFFFFFFFFFFFFF90
:10FB8000FFFFFFFFFFFFFF0000000000FFFFFFFF80
:10FB9000FFFFFFFFFFFFFFFFFFFFFF000000000070
:10FBA000FFFFFFFFFFFFFFFFFFFFFE940FFFFF00C0
:10FBB00000000000FFFFFFFFFFFFFFFFFFC7200067
:10FBC0000FFFFF0000000000FFFFFFFFFFFFFFEA45
:10FBD000510000000FFFFF0000000000FFFFFFFFCB
:10FBE000FFFD8300000000000FFFFF000000000089
:10FBF000FFFFFFFFB6100000000000000FFFFF0036
:10FC000000000000FFFFF9400000000000000000BD
:10FC10000FFFFF0000000000FFFFF00000000000E9
:10FC2000000000000FFFFF0000000000FFFFF000D9
:10FC300000000000000000000FFFFF0000000000B7
:10FC4000FFFFF00000000000000000000FFFFF00B9
:10FC500000000000FFFFF0000000000000000000B6
:10FC60000FFFFF0000000000FFFFF0000000000099
:10FC7000000000000FFFFF0000000000FFFFF00089
:10FC800000000000000000000FFFFF000000000067
:10FC9000FFFFF00000000000000000000FFFFF0069
:10FCA00000000000FFFFF000000000000000000066
:10FCB0000FFFFF0000000000FFFFF0000000000049
:10FCC0000039CFFECFFFFF0000000000FFFFF00073
:10FCD000000000001BFFFFFFFFFFFF00000000000F
:10FCE000FFFFF00000000001EFFFFFFFFFFFFF003C
:10FCF00000000000FFFFF0000000000AFFFFFFFF10
:10FD0000FFFFFF0000000000FFFFF0000000000EFA
:10FD1000FFFFFFFFFFFFFF00039CFFECFFFFF00072
:10FD20000000000EFFFFFFFFFFFFFE01BFFFFFFF10
:10FD3000FFFFF0000000000AFFFFFFFFFFFFFA1EB9
:10FD4000FFFFFFFFFFFFF00000000001EFFFFFFFDC
:10FD5000FFFFE1AFFFFFFFFFFFFFF000000000002B
:10FD60001BFFFFFFFFFB10EFFFFFFFFFFFFFF00098
:10FD7000000000000039DFFFD93000EFFFFFFFFF78
:10FD8000FFFFE0000000000000000000000000AFE6
:10FD9000FFFFFFFFFFFFA0000000000000000000C9
:10FDA0000000001EFFFFFFFFFFFE1000000000002C
:10FDB0000000000000000001BFFFFFFFFFB10000D6
:10FDC000000000000000000000000000039DFFFD97
:10FDD0009300000000000000000000000000005E32
:10FDE00080000BFFFFFFFFFFFFFFFFFFFFFFFF4054
:10FDF0000008E5EF80000BFFFFFFFFFFFFFFFFFFA5
:10FE0000FFFFFF500008FEFFE8889FFFFFFFFFFF96
:10FE1000FFFFFFFFFFFFFFD8888EFFFFFFFFFFFF01
:10FE2000FECCCCCCCCCCCCCCCCFFFFFFFFFFFFFF7B
:10FE3000FFFFFFFFF100000000000000008FFFFF48
:10FE4000FFFFFFFFA0001DFFF0000000000000000A
:10FE5000007FFF80000BFFFF80000BFFF000000021
:10FE600000000000007FFF400008FFFF80000BFF44
:10FE7000F000000000000000007FFF400008FFFFCE
:10FE800080000BFFF000000000000000007FFF403A
:10FE90000008FFFFA0001DFFF000000000000000B0
:10FEA000007FFF80000BFFFFFFFFFFFFF00000005F
:10FEB00000000000007FFFFFFFFFFFFFFFFFFFFFCD
:10FEC000F000000000000000007FFFFFFFFFFFFFC9
:10FED000E8889FFFF200000000000000009FFFD8AC
:10FEE000888EFFFF80000BFFFFEEEEEEEEEEEEEEF3
:10FEF000EEFFFF500008FFFF80000BFFFFFFFFFF3A
:10FF0000FFFFFFFFFFFFFF400008FFFF80000BFF28
:10FF1000FFFFFFFFFFFFFFFFFFFFFF400008FFFFA6
:10FF200080000BFFFFEEEEEEEEEEEEEEEEFFFF508A
:10FF30000008FFFFE8889FFFF200000000000000BB
:10FF4000009FFFD8888EFFFFFFFFFFFFF00000003B
:10FF500000000000007FFFFFFFFFFFFFFFFFFFFF2C
:10FF6000F000000000000000007FFFFFFFFFFFFF28
:10FF7000A0001DFFF000000000000000007FFF80D7
:10FF8000000BFFFF80000BFFF000000000000000EE
:10FF9000007FFF400008FFFF80000BFFF000000023
:10FFA00000000000007FFF400008FFFF80000BFF03
:10FFB000F000000000000000007FFF400008FFFF8D
:10FFC000A0001DFFF000000000000000007FFF8087
:10FFD000000BFFFFFFFFFFFFF1000000000000002B
:10FFE000008FFFFFFFFFFFFFFFFFFFFFFECCCCCC2A
:10FFF000CCCCCCCCCCFFFFFFFFFFFFFFE8889FFFFE
:020000040804EE
:10000000FFFFFFFFFFFFFFFFFFFFFFD8888EFFEF1F
:1000100080000BFFFFFFFFFFFFFFFFFFFFFFFF5011
:100020000008FE5E80000BFFFFFFFFFFFFFFFFFFEA
:10003000FFFFFF400008E50344444444100002442D
:1000400044444444444444444444309FFFFFFFFF3D
:10005000F4007FFFFFFFFFFFFFFFFFFFFFFFF9FF40
:10006000FFFFFFFFF900DFFFFFFFFFFFFFFFFFFFC5
:10007000FFFFFFFFFFFFFFFFFA00DFFFFFFFFFFFB4
:10008000FFFFFFFFFFFFFFFFFFFFFFFFFA00DFFFA4
:10009000FFFFFFFFFFFFFFFFFFFFFFFFFFFFFFFF70
:1000A000FA00DFFFFFFFFFFFFFFFFFFFFFFFFFFF84
:1000B000FFFFFFFFFA00DFFFFFFFFFFFFFFFFFFF74
:1000C000FFFFFFFFFFFFFFFFFA00DFFFFFFFFFFF64
:1000D000FFFFFFFFFFFFFFFFFFFFFFFFFA00DFFF54
:1000E000FFFFFFFFFFFFFFFFFFFFFFDFFFFFFFFF40
:1000F000F700BFFFFFFFFFFFFFFFFFFFFFFFFD2A2E
:10010000BBBBBBBB800019BBBBBBBBBBBBBBBBBBD7
:10011000BBBBA200000000000000000000000000C7
:1001200000000000000000000000000000000000CF
:1001300000000000000000000000005EFFFFFFFF65
:10014000C1003EFFFFFFFFFFFFFFFFFFFFFFE5EFE7
:10015000FFFFFFFFF800CFFFFFFFFFFFFFFFFFFFE5
:10016000FFFFFEFFFFFFFFFFFA00DFFFFFFFFFFFC4
:10017000FFFFFFFFFFFFFFFFFFFFFFFFFA00DFFFB3
:10018000FFFFFFFFFFFFFFFFFFFFFFFFFFFFFFFF7F
:10019000FA00DFFFFFFFFFFFFFFFFFFFFFFFFFFF93
:1001A000FFFFFFFFFA00DFFFFFFFFFFFFFFFFFFF83
:1001B000FFFFFFFFFFFFFFFFFA00DFFFFFFFFFFF73
:1001C000FFFFFFFFFFFFFFFFFFFFFFFFFA00DFFF63
:1001D000FFFFFFFFFFFFFFFFFFFFFFEFFFFFFFFF3F
:1001E000F800CFFFFFFFFFFFFFFFFFFFFFFFFE5EF7
:1001F000FFFFFFFFC1003EFFFFFFFFFFFFFFFFFF0D
:10020000FFFFE5000000000000000000000000000B
:1002100000000000000000000000000000000000DE
:1002200000000000000000000000000344444444BB
:100230001000024444444444444444444444309FF1
:10024000FFFFFFFFF4007FFFFFFFFFFFFFFFFFFF48
:10025000FFFFF9FFFFFFFFFFF900DFFFFFFFFFFFD9
:10026000FFFFFFFFFFFFFFFFFFFFFFFFFA00DFFFC2
:10027000FFFFFFFFFFFFFFFFFFFFFFFFFFFFFFFF8E
:10028000FA00DFFFFFFFFFFFFFFFFFFFFFFFFFFFA2
:10029000FFFFFFFFFA00DFFFFFFFFFFFFFFFFFFF92
:1002A000FFFFFFFFFFFFFFFFFA00DFFFFFFFFFFF82
:1002B000FFFFFFFFFFFFFFFFFFFFFFFFFA00DFFF72
:1002C000FFFFFFFFFFFFFFFFFFFFFFFFFFFFFFFF3E
:1002D000FA00DFFFFFFFFFFFFFFFFFFFFFFFFFDF72
:1002E000FFFFFFFFF700BFFFFFFFFFFFFFFFFFFF65
:1002F000FFFFFD2ABBBBBBBB800019BBBBBBBBBBAD
:10030000BBBBBBBBBBBBA2000000000000000000E9
:100310000000000000000002BD50000000000000CE
:1003200000000000000000000000002EFFF60000AA
:10033000000000000000000000000000000002EFCC
:10034000FFFF60000000000000000000000000004F
:1003500000002EFFFFFFF60000000000000000007C
:10036000000000000002EFFFFFFFFE0000000000A1
:100370000000000000000000002EFFFFFFFFFE0055
:1003800000000000000000000000000002EFFFFF7E
:10039000FFFFF4000000000000000000000000006B
:1003A0002EFFFFFFFFFF40000000000000000000E4
:1003B00000000002EFFFFFFFFFF40000000000005C
:1003C000000000000000002EFFFFFFFFFF400000C4
:1003D00005DB200000000000000002EFFFFFFFFF30
:1003E000F40000006FFFE2000000000000002EFF9C
:1003F000FFFFFFFF40000006FFFFFE20000000009F
:100400000002EFFFFFFFFFF40000006FFFFFFFE2BD
:1004100000000000002EFFFFFFFFFF40000000EF84
:10042000FFFFFFFE2000000002EFFFFFFFFFF400D0
:10043000000000EFFFFFFFFFE20000002EFFFFFFC4
:10044000FFFF40000000004FFFFFFFFFFE20000203
:10045000EFFFFFFFFFF4000000000004FFFFFFFFBD
:10046000FFE2002EFFFFFFFFFF4000000000000042
:100470004FFFFFFFFFFE22EFFFFFFFFFF400000032
:100480000000000004FFFFFFFFFFEEFFFFFFFFFF84
:100490004000000000000000004FFFFFFFFFFFFFD3
:1004A000FFFFFFF400000000000000000004FFFF59
:1004B000FFFFFFFFFFFFFF40000000000000000003
:1004C00000004FFFFFFFFFFFFFFFF40000000000F0
:1004D00000000000000004FFFFFFFFFFFFFF4000DF
:1004E00000000000000000000000004FFFFFFFFFC1
:1004F000FFF4000000000000000000000000000405
:10050000FFFFFFFFFF4000000000000000000000B0
:10051000000000004FFFFFFFF4000000000000009B
:10052000000000000000000004FFFFFF400000008A
:10053000000000000000000000000000004FFFF37A
:1005400000000000000000000000000000000000AB
:100550000003CC300000000000000000000000009C
:100560001793000000000000000079400002EFFF38
:10057000600000000000001CFFF8001EFFFFF600F6
:100580000000000001CFFFFF80BFFFFFFF60000001
:1005900000001CFFFFFFF3FFFFFFFFF6000000015C
:1005A000CFFFFFFFF7CFFFFFFFFF6000001CFFFF43
:1005B000FFFFF42EFFFFFFFFF60001CFFFFFFFFF5D
:1005C0009002EFFFFFFFFF601CFFFFFFFFF900003D
:1005D0002EFFFFFFFFF7CFFFFFFFFF90000002EFAE
:1005E000FFFFFFFFFFFFFFFFF9000000002EFFFFEE
:1005F000FFFFFFFFFFFF900000000002EFFFFFFF83
:10060000FFFFFFF90000000000002EFFFFFFFFFFCB
:10061000FF9000000000000002EFFFFFFFFFF90065
:1006200000000000000001DFFFFFFFFFF6000000F8
:10063000000000001CFFFFFFFFFFFF600000000044
:100640000001CFFFFFFFFFFFFFF600000000001CCE
:10065000FFFFFFFFFFFFFFFF6000000001CFFFFF74
:10066000FFFFFFFFFFFFF60000001CFFFFFFFFFA88
:10067000EFFFFFFFFF600001CFFFFFFFFF902EFFA6
:10068000FFFFFFF6001CFFFFFFFFF90002EFFFFF77
:10069000FFFF60AFFFFFFFFF9000002EFFFFFFFF97
:1006A000F2FFFFFFFFF900000002EFFFFFFFF7CFAF
:1006B000FFFFFF90000000002EFFFFFFF43FFFFF51
:1006C000F9000000000002EFFFFFB004FFFF900000
:1006D00000000000002EFFFB00003BC700000000F0
:1006E00000000002AC8000000000000000000007D5
:1006F000FFFF70000000000000000000000000008C
:100700000000000FFFFFF0000000000000000000EC
:10071000000000000000002FFFFFF20000000000BA
:1007200000000000000000000000002FFFFFF200AA
:1007300000000000000000000000008FE300002F18
:10074000FFFFF200003EF9000000000000000BFF78
:10075000FD00002FFFFFF20000DFFFC100000000DE
:100760000000CFFFFF60002FFFFFF20006FFFFFC3D
:1007700010000000000BFFFFFFD0002FFFFFF20072
:100780000DFFFFFFC0000000009FFFFFFFC0002F14
:10079000FFFFF2000CFFFFFFF800000003FFFFFF68
:1007A000FE30002FFFFFF20003EFFFFFFF400000CD
:1007B0000DFFFFFFD100002FFFFFF200001DFFFF24
:1007C000FFD000005FFFFFFE1000002FFFFFF200D0
:1007D0000002EFFFFFF60000CFFFFFF30000002F45
:1007E000FFFFF20000004FFFFFFD0003FFFFFF903F
:1007F0000000002FFFFFF20000000AFFFFFF30099A
:10080000FFFFFF100000002FFFFFF200000002FFBB
:10081000FFFF800DFFFFFA000000002FFFFFF20036
:10082000000000BFFFFFD00FFFFFF5000000002F0A
:10083000FFFFF2000000005FFFFFF03FFFFFF2004C
:100840000000002FFFFFF2000000002FFFFFF34F1A
:10085000FFFFF0000000002FFFFFF2000000000F7C
:10086000FFFFF45FFFFFE0000000002FFFFFF2003A
:100870000000000EFFFFF55FFFFFE0000000001F1B
:10088000FFFFF1000000000EFFFFF54FFFFFF0003B
:100890000000000DFFFFD0000000000FFFFFF43F3D
:1008A000FFFFF10000000001788710000000002F1A
:1008B000FFFFF30FFFFFF600000000000000000044
:1008C0000000006FFFFFF10DFFFFFA0000000000C5
:1008D00000000000000000BFFFFFD009FFFFFF1075
:1008E0000000000000000000000001FFFFFF900377
:1008F000FFFFFFA0000000000000000000000AFF52
:10090000FFFF4000EFFFFFF40000000000000000C8
:1009100000004FFFFFFE00006FFFFFFE2000000001
:10092000000000000002EFFFFFF700000DFFFFFFD7
:10093000D200000000000000002DFFFFFFE00000DB
:1009400004FFFFFFFE3000000000000004EFFFFF87
:10095000FF500000009FFFFFFFF9100000000002A1
:10096000AFFFFFFFF9000000000CFFFFFFFFFA518F
:10097000000016AFFFFFFFFFC00000000001DFFF17
:10098000FFFFFFFFFEEFFFFFFFFFFFFD1000000076
:1009900000001CFFFFFFFFFFFFFFFFFFFFFFFFC186
:1009A000000000000000009FFFFFFFFFFFFFFFFFB0
:1009B000FFFFF9000000000000000004DFFFFFFF60
:1009C000FFFFFFFFFFFE50000000000000000000DE
:1009D00006DFFFFFFFFFFFFFFE70000000000000CA
:1009E0000000000000039DFFFFFFFFD94000000052
:1009F000000000000000000000000003455431002A
:100A000000000000000000000000000000000034B2
:100A1000554300000000000000000000000000003E
:100A200000BFFFFFFFFB000000000000000000000F
:100A300000000000FFFFFFFFFF00000000000000BB
:100A400000000000000000FFFFFFFFFF00000000AB
:100A500000000000000000000000FFFFFFFFFF009B
:100A600000000000000000000000000000FFFFFF89
:100A7000FFFF000000000000000000050000007EF5
:100A8000FFFFFFFFFFE70000016000000000BFE67E
:100A9000004EFFFFFFFFFFFFFFE4007FFB000000B1
:100AA00008FFFFDAFFFFFFFFFFFFFFFFFFADFFFFC4
:100AB0008000003FFFFFFFFFFFFFFFFFFFFFFFFF83
:100AC000FFFFFFF30000DFFFFFFFFFFFFFFFFFFF60
:100AD000FFFFFFFFFFFFFD0006FFFFFFFFFFFFFF20
:100AE000FFFFFFFFFFFFFFFFFFFF600DFFFFFFFFA7
:100AF000FFFFFFFFFFFFFFFFFFFFFFFFFFD03FFFF5
:100B0000FFFFFFFFFFFFFECCEFFFFFFFFFFFFFFF39
:100B1000F37FFFFFFFFFFFFFFD400004DFFFFFFF4C
:100B2000FFFFFFF71AFFFFFFFFFFFFA00000000B12
:100B3000FFFFFFFFFFFFA1003DFFFFFFFFFD0000E4
:100B4000000000DFFFFFFFFFD3000000DFFFFFFF1B
:100B5000F400000000004FFFFFFFFD00000000EF69
:100B6000FFFFFFE000000000000EFFFFFFFD0000A0
:100B70000000FFFFFFFFC000000000000CFFFFFFB0
:100B8000FF00000000FFFFFFFFC000000000000C9E
:100B9000FFFFFFFF00000000EFFFFFFFE00000008D
:100BA00000000EFFFFFFFD00000000DFFFFFFFF46D
:100BB00000000000004FFFFFFFFD0000003DFFFFB1
:100BC000FFFFFC0000000000DFFFFFFFFFD3001A63
:100BD000FFFFFFFFFFFFA00000000AFFFFFFFFFF76
:100BE000FFA17FFFFFFFFFFFFFFC400004DFFFFFCF
:100BF000FFFFFFFFF73FFFFFFFFFFFFFFFFECCEF11
:100C0000FFFFFFFFFFFFFFF30DFFFFFFFFFFFFFFF2
:100C1000FFFFFFFFFFFFFFFFFFFFD006FFFFFFFF0C
:100C2000FFFFFFFFFFFFFFFFFFFFFFFFFF6000DF92
:100C3000FFFFFFFFFFFFFFFFFFFFFFFFFFFFFFFDC6
:100C400000003FFFFFFFFFFFFFFFFFFFFFFFFFFF72
:100C5000FFFFF3000008FFFFDAFFFFFFFFFFFFFFCA
:100C6000FFFFADFFFF80000000BFF7004EFFFFFF5A
:100C7000FFFFFFFFE4006EFB000000000610000015
:100C80007EFFFFFFFFFFE7000001600000000000A3
:100C900000000000FFFFFFFFFF0000000000000059
:100CA00000000000000000FFFFFFFFFF0000000049
:100CB00000000000000000000000FFFFFFFFFF0039
:100CC00000000000000000000000000000FFFFFF27
:100CD000FFFF000000000000000000000000000016
:100CE000BFFFFFFFFB00000000000000000000004D
:100CF0000000000034554300000000000000000028
:100D0000000000000000000000013100000000248D
:100D10004442000000000000000000000000001A33
:100D2000FFF90000001FFFFFF100000000000000BD
:100D300000000000002DFFFFFD200002FFFFFF204C
:100D400000000000000000000000004FFFFFFFFE59
:100D500040002FFFFFF20000000000000000000034
:100D6000007FFFFFFFFFFF6002FFFFFF200000008A
:100D700000000000000000AFFFFFFFFFFFFF902F0B
:100D8000FFFFF200000000000000000001CFFFFFA5
:100D9000FD7DFFFFFFB3FFFFFF200000000000000C
:100DA000000003EFFFFFFB000BFFFFFFEFFFFFF271
:100DB000000000000000000005FFFFFFF800000831
:100DC000FFFFFFFFFFFF200000000000000008FF02
:100DD000FFFFF500050005FFFFFFFFFFF200000029
:100DE000000000000BFFFFFFE3002DFD2003EFFFDD
:100DF000FFFFFF200000000000002DFFFFFFC100EB
:100E00004EFFFE4001CFFFFFFFF200000000000098
:100E10004EFFFFFFA0006FFFFFFF6000AFFFFFFF6F
:100E20004000000000006FFFFFFF70009FFFFFFF0A
:100E3000FF90007FFFFFFF50000000009FFFFFFFBB
:100E40005001CFFFFFFFFFFFC1005FFFFFFF8000EA
:100E50000001CFFFFFFE3002DFFFFFFFFFFFFFD2E9
:100E6000003EFFFFFFB10003EFFFFFFC1004FFFF98
:100E7000FFFFFFFFFFFFF4001CFFFFFFD205FFFF96
:100E8000FFF90007FFFFFFFFFFFFFFFFFFF700096C
:100E9000FFFFFFF5EFFFFFF7000AFFFFFFFFFFFF78
:100EA000FFFFFFFFFA0007FFFFFFE7FFFFF4001C53
:100EB000FFFFFFFFFFFFFFFFFFFFFFFC1004FFFF2F
:100EC000F70AFFD2003EFFFFFFFFFFFFFFFFFFFF1C
:100ED000FFFFFE3002DFFA000CB1004FFFFFFFFF03
:100EE000FFFFFFFFFFFFFFFFFFFF4001BC0000000F
:100EF0000008FFFFFFFFFFFFFFFFFFFFFFFFFFFFF8
:100F0000F8000000000000008FFFFFFFFFFFFFFF61
:100F1000FFFFFFFFFFFFFF8000000000000008FF51
:100F2000FFFFFFFFFFFFFFFFFFFFFFFFFFF80000D6
:100F300000000000008FFFFFFFFFFFDBBBBBDFFFF8
:100F4000FFFFFFFF8000000000000008FFFFFFFF21
:100F5000FFD0000000EFFFFFFFFFF80000000000DF
:100F600000008FFFFFFFFFFC0000000CFFFFFFFFF2
:100F7000FF8000000000000008FFFFFFFFFFC0002F
:100F80000000CFFFFFFFFFF8000000000000008F0F
:100F9000FFFFFFFFFC0000000CFFFFFFFFFF8000D2
:100FA000000000000008FFFFFFFFFFC0000000CFAF
:100FB000FFFFFFFFF8000000000000008FFFFFFFB1
:100FC000FFFC0000000CFFFFFFFFFF80000000009F
:100FD000000008FFFFFFFFFFC0000000CFFFFFFF82
:100FE000FFF8000000000000008FFFFFFFFFFC0083
:100FF00000000CFFFFFFFFFF800000000000000763
:10100000FFFFFFFFFFB0000000BFFFFFFFFFF70083
:101010000000000000001ABBBBBBBBB30000000314
:10102000BBBBBBBBBA10000000000000000000000A
:1010300003BCCCCCCB30000000000000000000005E
:10104000000000000DFFFFFFFFD0000000000000C7
:1010500000000000000000000FFFFFFFFFF0000095
:101060000000000000000000000000000FFFFFFF74
:10107000FFF0000000000000000000000000000081
:101080000FFFFFFFFFF00000000000000000000065
:10109000000000000FFFFFFFFFF000000000000055
:1010A00000000000000000000FFFFFFFFFF0000045
:1010B0000000000000000000000000000FFFFFFF24
:1010C000FFF0000000000000000000000000000031
:1010D0000FFFFFFFFFF00000000000000000000015
:1010E000000000000FFFFFFFFFF000000000000005
:1010F00000000000000000000FFFFFFFFFF00000F5
:101100000000000000000000000000000FFFFFFFD3
:10111000FFF00000000000000000000000000000E0
:101120000FFFFFFFFFF000000000000000000000C4
:10113000000000000FFFFFFFFFF0000000000000B4
:1011400000000000000000000FFFFFFFFFF00000A4
:10115000000000000000000009CCCCCCCFFFFFFF56
:10116000FFFCCCCCCC900000000000005FFFFFFF34
:10117000FFFFFFFFFFFFFFFFFFF500000000000083
:101180003FFFFFFFFFFFFFFFFFFFFFFFFFF3000039
:101190000000000005FFFFFFFFFFFFFFFFFFFFFF55
:1011A000FF50000000000000005FFFFFFFFFFFFF97
:1011B000FFFFFFFFF5000000000000000005FFFF3B
:1011C000FFFFFFFFFFFFFFFF5000000000000000D7
:1011D00000005FFFFFFFFFFFFFFFFFF500000000C3
:1011E00000000000000005FFFFFFFFFFFFFFFF50B2
:1011F00000000000000000000000004FFFFFFFFFA4
:10120000FFFFF400000000000000000000000004E8
:10121000FFFFFFFFFFFF4000000000000000000094
:10122000000000004FFFFFFFFFF40000000000007F
:10123000000000000000000004FFFFFFFF4000006E
:10124000000000000003444444444442004FFFFFB8
:10125000F400244444444444309FFFFFFFFFFFFF59
:101260003004FFFF4003FFFFFFFFFFFFF9FFFFFF19
:10127000FFFFFFFFF4004FF4004FFFFFFFFFFFFFF2
:10128000FFFFFFFFFFFFFFFFFF40000004FFFFFF26
:10129000FFFFFFFFFFFFFFFFFFFFFFFFFFF6000065
:1012A0006FFFFFFFFFFFFFFFFFFFFFFFFFFFFFFFDE
:1012B000FFFFC88CFFFFFFFFFFFFFFFFFFFFFFFFE8
:1012C000FFFFFFFFFFFFFFFFFFFFFFFFFFFFFFFF2E
:1012D000FFFFFFFFFFFFFFFFFFFFFFFFFFFFFFFF1E
:1012E000FFFFFFFFFFFFFFFFFFFFFFFFFFFFFFFF0E
:1012F000FFFFF902EF902EFFFFFFFFFFFFFFFFFF51
:10130000FFFFFFFFFFFFF300BF300BFFFFFFFFFFFB
:10131000FFFFFFFFFFFFFFFFFFFFFC46FFC46FFF64
:10132000FFEFFFFFFFFFFFFFFFFFFFFFFFFFFFFFDD
:10133000FFFFFFFFFE5EFFFFFFFFFFFFFFFFFFFF5F
:10134000FFFFFFFFFFFFFFFFE500000000019EFF22
:10135000FFFFFFFFFFFFFFFFFFFE91000000000007
:1013600000000001DFFFFFFFFFFFFFFFFFFFFFFFA8
:10137000FFD10000000000000000AFFFFFFFFFFFF3
:10138000FFFFFFFFFFFFFFFFA000000000000000C5
:101390005FFFFFFFFFFFFFFFFFFFFFFFFFFFFF50AC
:1013A0000000000000001EFFFFFFFFFFFFFFFFFF28
:1013B000FFFFFFFFFFFE1000000000000AFFFFF527
:1013C00000000000000000000005FFFFFA00000020
:1013D000000005FFFFFA0000000000000000000010
:1013E0000AFFFFF50000000001EFFFFE1000000003
:1013F000000000000000001EFFFFE100000000AF41
:10140000FFFF5000000000000000000000005FFF30
:10141000FFA00000005FFFFFA00000000000000030
:101420000000000000AFFFFF5000001EFFFFE100C2
:10143000000000000000000000000001EFFFFE10AF
:10144000000AFFFFF500000000000000000000009F
:10145000000005FFFFFA0005FFFFFA000000000092
:101460000000000000000000000AFFFFF501EFFF90
:10147000FE1000000000000000000000000000005E
:101480001EFFFFE19FFFFF50000000000000000072
:10149000000000000000005FFFFF9EFFFFFFFFFF56
:1014A000FFFFD0000000000000DFFFFFFFFFFFFF95
:1014B000FEFFFFFFFFFFFFFFFF6000000000006F67
:1014C000FFFFFFFFFFFFFFFFFFFFFFFFFFFFFFFD2E
:1014D00000000000000DFFFFFFFFFFFFFFFFFFFF09
:1014E000FFFFFFFFFFFFF60000000006FFFFFFFF0A
:1014F000FFFFFFFFFFFFFFFFFFFFFFFFFFD0000029
:101500000000DFFFFFFFFFFFFFFFFFFFFFFFFFFF09
:10151000FFFFFFFFFFFFFFFFFFFFFFFFFFFFFFFFDB
:10152000FFFFFFFFFFFFFFFFFFFFFFFFFFFFFFFFCB
:10153000FFFFFFFFFFFFFFFFFFFFFFFFFFFFFFFFBB
:10154000FFFFFFFFFFFFFFFFFFFFFFFFFFFFFFFFAB
:10155000FFFFFFFFFFFFFFFFFFFFFFFFFFFFFFFF9B
:10156000FFFFFFFFFFFFFFFFFFFFFFFFFFFFFFFF8B
:10157000FFFFFFFFFFFFFFFFFFFFFFFFFFFFFFFF7B
:10158000FFFFFFFFFFFFFFFFFFFFFFFFFFFFFFFF6B
:10159000FFFFFFFFFFFFFFFFFFFFFFFFFFFFFFFF5B
:1015A000FFFFFFFFFFFFFFFFFCFFFFFFFFFFFFFF4E
:1015B000FFFFFFFFFFFFFFFFFFFFFFFFFFFFFC3FFE
:1015C000FFFFFFFFFFFFFFFFFFFFFFFFFFFFFFFF2B
:1015D000FFFFFFFFFF303CFFFFFFFFFFFFFFFFFFAD
:1015E000FFFFFFFFFFFFFFFFFFFFFC3000000000D9
:1015F00000000000000000000000000000022220A7
:1016000000000000000000002567753000000000A9
:10161000006FFFFE00000000000006BFFFFFFFFF9D
:10162000C7100000008FFFFF000000000018FFFF40
:10163000FFFFFFFFFFFB4000007FFFFF00000000F7
:1016400006EFFFFFFFFFFFFFFFFFFB20006FFFFF25
:1016500000000000AFFFFFFFFFFFFFFFFFFFFFF7EE
:10166000005FFFFF0000001DFFFFFFFFFFFFFFFF08
:10167000FFFFFFFFC15FFFFF000001DFFFFFFFFF74
:10168000A642247BFFFFFFFFFD5FFFFF00000DFF71
:10169000FFFFFE600000000018FFFFFFFFFFFFFFDD
:1016A00000009FFFFFFF9000000000000019FFFFF7
:1016B000FFFFFFFF0005FFFFFFF400000000000038
:1016C00000004EFFFFFFFFFF000EFFFFFE30000097
:1016D00000000000000002EFFFFFFFFF006FFFFFB0
:1016E000F4000000000000022100003FFFFFFFFFA8
:1016F00000EFFFFF700000000000006FFFFFFEDF43
:10170000FFFFFFFF04FFFFFD000000000000008F4F
:10171000FFFFFFFFFFFFFFFF09FFFFF600000000D4
:101720000000008FFFFFFFFFFFFFFFFF0DFFFFF037
:10173000000000000000008FFFFFFFFFFFFFFFFF22
:101740000FFFFFA0000000000000007FFFFFFFFF71
:10175000FFFFFFFF035555100000000000000005CB
:1017600055555555555555530000000000000000D3
:101770000000000000000000000000000000000069
:101780000000000000000000000000000000000059
:101790000000000000000000000000000000000049
:1017A0000000000000000000000000000000000039
:1017B00000000000000000004777777777777777A1
:1017C000600000000000000001677740FFFFFFFF9E
:1017D000FFFFFFFFF7000000000000000BFFFFF01D
:1017E000FFFFFFFFFFFFFFFFF80000000000000009
:1017F0001FFFFFC0FFFFFFFFFFFFFFFFF80000001C
:10180000000000007FFFFF80FFFFFFFFFFFFFFFFE3
:10181000F800000000000000EFFFFF30FFFFFFFFB7
:10182000ECDDEFFFF500000000000009FFFFFD0008
:10183000FFFFFFFFF3000000100000000000005F4A
:10184000FFFFF600FFFFFFFFFE200000000000008A
:10185000000004FFFFFFE000FFFFFFFFFFE40000C8
:101860000000000000006FFFFFFF5000FFFFFFFFC0
:10187000FFFF910000000000001AFFFFFFFA0000C8
:10188000FFFFFFFFFFFFFF810000000007EFFFFFEA
:10189000FFC00000FFFFF6DFFFFFFFFFB742246B32
:1018A000FFFFFFFFFD100000FFFFF51CFFFFFFFF24
:1018B000FFFFFFFFFFFFFFFFC1000000FFFFF5007C
:1018C0008FFFFFFFFFFFFFFFFFFFFFFA0000000099
:1018D000FFFFF60002BFFFFFFFFFFFFFFFFFFE500D
:1018E00000000000FFFFF7000004BFFFFFFFFFFF45
:1018F000FFFF810000000000FFFFF8000000027CF5
:10190000FFFFFFFFFB60000000000000DFFFF600AC
:101910000000000014677652000000000000000084
:1019200001110000000000000000000000000000A5
:1019300000000000000000000000000000000000A7
:101940000000000000001AB30000000000000001C9
:10195000DFFE000000000000001DFFFF000000008F
:10196000000001DFFFFF0000000000001DFFFFFF7F
:10197000000000000001DFFFFFFF00000000001D6D
:10198000FFFFFFFF0344444444DFFFFFFFFF9FFFCF
:10199000FFFFFFFFFFFFFFFFFFFFFFFFFFFFFFFF57
:1019A000FFFFFFFFFFFFFFFFFFFFFFFFFFFFFFFF47
:1019B000FFFFFFFFFFFFFFFFFFFFFFFFFFFFFFFF37
:1019C000FFFFFFFFFFFFFFFFFFFFFFFFFFFFFFFF27
:1019D000FFFFFFFFFFFFFFFFFFFFFFFFFFFFFFFF17
:1019E000FFFFFFFFFFFFFFFFFFFFFFFFFFFFFFFF07
:1019F000FFFFFFFFFFFFFFFFFFFFFFFFFFFFFFFFF7
:101A0000FFFFFFFFFFFFFFFFFFFFFFFFFFFFFFFFE6
:101A1000DFFFFFFFFFFFFFFFFFFF2ABBBBBBBBFFDB
:101A2000FFFFFFFF00000000006FFFFFFFFF00004F
:101A300000000006FFFFFFFF0000000000006FFF36
:101A4000FFFF00000000000006FFFFFF0000000095
:101A50000000006FFFFF0000000000000006FFFF15
:101A600000000000000000006FF80000000000000F
:101A70000000012000000000000000000000000045
:101A800000000000000000000000000992000000BB
:101A900000000000000000000001CFFD0000000079
:101AA00000000000000000001CFFFF00000000001C
:101AB00000000000000001CFFFFF00000000000058
:101AC00000000000001CFFFFFF00000000000000FD
:101AD00000000001CFFFFFFF000000000000000039
:101AE00000001CFFFFFFFF00000000000233333343
:101AF00033CFFFFFFFFF00000000008FFFFFFFFF5D
:101B0000FFFFFFFFFF0000020000FFFFFFFFFFFFDE
:101B1000FFFFFFFF0000CFD200FFFFFFFFFFFFFF2F
:101B2000FFFFFF0004FFFF20FFFFFFFFFFFFFFFF9E
:101B3000FFFF0002FFFFD0FFFFFFFFFFFFFFFFFFE0
:101B4000FF00004EFFF6FFFFFFFFFFFFFFFFFFFF5D
:101B5000000003FFFCFFFFFFFFFFFFFFFFFFFF0091
:101B60000000DFFEFFFFFFFFFFFFFFFFFFFF0000A2
:101B700000CFFFFFFFFFFFFFFFFFFFFFFF0000029F
:101B8000FFFCFFFFFFFFFFFFFFFFFFFF00002DFF38
:101B9000F7FFFFFFFFFFFFFFFFFFFF0001FFFFE178
:101BA000FFFFFFFFFFFFFFFFFFFF0005FFFF40FFFD
:101BB000FFFFFFFFFFFFFFFFFF0001EFE400DFFF7C
:101BC000FFFFFFFFFFFFFFFF00001410003BCCCC26
:101BD000CCCCFFFFFFFFFF00000000000000000072
:101BE000007FFFFFFFFF000000000000000000007A
:101BF00007FFFFFFFF0000000000000000000000E2
:101C00007FFFFFFF00000000000000000000000751
:101C1000FFFFFF0000000000000000000000007F48
:101C2000FFFF00000000000000000000000007FFB0
:101C3000FF000000000000000000000000007FF92D
:101C40000000000000000000000000000002300062
:101C50000000000000000000000000000000000084
:101C6000000000002AA200000000000000000000A8
:101C7000000000000000000000000CFFF500000064
:101C80000000000000000000000000000000000054
:101C900000DFFFF80000000000000000000000006E
:101CA0000000000000000004FFFFF9000000000039
:101CB0000000000000001AB300000000000002DF76
:101CC000FFF8000000000000000000001DFFE00021
:101CD000000000000000BFFFF50000000000000051
:101CE00000001DFFFF0000000016400000BFFFF1D4
:101CF00000000000000000001DFFFFF00000000CCD
:101D0000FFB10000DFFFB0000000000000001DFF79
:101D1000FFFF00000000FFFFD20002FFFF400000B5
:101D2000000000001DFFFFFFF00000000AFFFFE1C0
:101D30000008FFFC0000000000001DFFFFFFFF0087
:101D400000000008FFFFC0000EFFF40034444444CC
:101D50004DFFFFFFFFF00000000005FFFF60006F78
:101D6000FFA09FFFFFFFFFFFFFFFFFFF000003003B
:101D70000007FFFE0000FFFF0FFFFFFFFFFFFFFF59
:101D8000FFFFF0000DFE30000CFFF6000AFFF4FF2D
:101D9000FFFFFFFFFFFFFFFFFF0005FFFF30004FCA
:101DA000FFC0005FFF8FFFFFFFFFFFFFFFFFFFF0A0
:101DB000002FFFFE0000DFFF1002FFFBFFFFFFFF11
:101DC000FFFFFFFFFFFF00003EFFF70009FFF400E9
:101DD0000EFFDFFFFFFFFFFFFFFFFFFFF000002F01
:101DE000FFC0005FFF6000DFFEFFFFFFFFFFFFFFA0
:101DF000FFFFFF000000DFFE0004FFF7000CFFFF05
:101E0000FFFFFFFFFFFFFFFFFFF000000DFFE000FF
:101E10004FFF7000CFFFFFFFFFFFFFFFFFFFFFFF40
:101E2000000002FFFC0005FFF6000DFFEFFFFFFFC3
:101E3000FFFFFFFFFFFFF00003DFFF70009FFF4089
:101E400000FFFDFFFFFFFFFFFFFFFFFFFF0002FF9F
:101E5000FFE0000DFFF1001FFFBFFFFFFFFFFFFFCF
:101E6000FFFFFFF0005FFFF30004FFFC0005FFF839
:101E7000FFFFFFFFFFFFFFFFFFFF0001DFE30000A9
:101E8000CFFF6000AFFF4DFFFFFFFFFFFFFFFFFF32
:101E9000F000003000007FFFE0001FFFF02ABBBB16
:101EA000BBBBFFFFFFFFFF00000000005FFFF6006D
:101EB00007FFFA000000000006FFFFFFFFF0000030
:101EC00000008FFFFC0000EFFF4000000000000654
:101ED000FFFFFFFF00000000AFFFFE10008FFFC0FC
:101EE00000000000000006FFFFFFF00000000FFFF1
:101EF000FD20002FFFF40000000000000006FFFF9F
:101F0000FF00000000CFFB10001DFFFB00000000E1
:101F10000000000006FFFFF0000000017400000C4C
:101F2000FFFF10000000000000000006FFFF00009F
:101F300000000000000BFFFF500000000000000048
:101F4000000006FF800000000000002DFFFF800061
:101F50000000000000000000000120000000000060
:101F6000004FFFFF90000000000000000000000094
:101F7000000000000000000DFFFF800000000000D6
:101F80000000000000000000000000000000CFFF83
:101F900050000000000000000000000000000000F1
:101FA0000000000002AA200000000003CFFFFFFF96
:101FB000FFFFFFFFFFFFFFFFFFFFFFFFFFFC303FC3
:101FC000FFFFFFFFFFFFFFFFFFFFFFFFFFFFFFFF21
:101FD000FFFFF3CFFFFFFFFFFFFFFFFFFFFFFFFF4D
:101FE000FFFFFFFFFFFFFCFFFFFFFFFFFFFFFFFF04
:101FF000FFFFFFFFFFFFFFFFFFFFFFFFFFFFF9678F
:10200000CFFFFFFFFFFFFFFFFFFFFFFFFFFFFFFF10
:10201000FFFC100006FFFFFFFFFFFFFFFFFFFFFFBA
:10202000FFFFFFFFFFF10000008FFFFFFFFFFFFF3B
:10203000FFFFFFFFFFFFFFFFFF900000001FFFFFFC
:10204000FFFFFFFFFFFFFFFFFFFFFFFFFF6000003D
:10205000000EFFFFFFFFFFFFFFFFFFFFFFFFFFFF80
:10206000FF700000000FFFFFFFFFFFFFB2BFFFFF89
:10207000FFFFFFFFFFC00000004FFFFFFFFFFFFB60
:10208000000BFFFFFFFFFFFFFFF6000000DFFFFF79
:10209000FFFFFFB00000BFFFFFFFFFFFFFFF81005A
:1020A0004DFFFFFFFFFFFB0000000BFFFFFFFFFFE7
:1020B000FFFFFFEFFFFFFFFFFFFFB000000000BFCB
:1020C000FFFFFFFFFFFFFFFFFFFFFFFFFFFB000022
:1020D0000000000BFFFFFFFFFFFFFFFFB7FFFFFF49
:1020E000FFB0000000000000BFFFFFFFFFFFFFFB8D
:1020F000004FFFFFFB000000000000000FFFFFFF8C
:10210000FFFFFFB00004FFFFB00000000000000070
:102110000FFFFFFFFFFFFB0000004FFB0000000070
:10212000000000000FFFFFFFFFFFB000000004B041
:1021300000000000000000000FFFFFFFFFFB000099
:102140000000000000000000000000000FFFFFFF83
:10215000FFF0000000000000000000000000000090
:102160000FFFFFFFFFF00000000000000000000074
:10217000000000000FFFFFFFFFF000000000000064
:1021800000000000000000000FFFFFFFFFF0000054
:102190000000000000000000000000000FFFFFFF33
:1021A000FFFFFFFFFFFFFFFFFFFFFFFFFFFFFFFF3F
:1021B000FFFFFFFFFFFFFFFFFFFFFFFFFFFFFFFF2F
:1021C000FFFFFFFFFFFFFFCFFFFFFFFFFFFFFFFF4F
:1021D000FFFFFFFFFFFFFFFFFFFFFC3FFFFFFFFFD2
:1021E000FFFFFFFFFFFFFFFFFFFFFFFFFFFFF30307
:1021F000CFFFFFFFFFFFFFFFFFFFFFFFFFFFFFFF1F
:10220000FFFC30000000000000AFD3000000000021
:1022100000000000000008FFFC00000000000000BB
:10222000000000000EFFFF20000000000000000082
:1022300000004FFFFF8000000000000000000000D1
:102240009FFFFFE000000000000000000000FFFF13
:10225000FFF400000000000000000007FFFFFFFB8C
:102260000000000000000000000EFFFFFFFF300034
:10227000000000000000007FFFFFFFFFB000000033
:102280000000000000EFFFFFFFFFF3000000000070
:10229000000008FFFFFFFFFFFC000000000000003F
:1022A0002FFFFFFFFFFFFF60000000000000BFFFE7
:1022B000FFFFFFFFFFE1000000000006FFFFFFFF40
:1022C000FFFFFFFA00000000002FFFFFFFFFFFFFEE
:1022D000FFFF6000000000CFFFFFFFFFFFFFFFFFD9
:1022E000F200000008FFFFFFFFFFFFFFFFFFFD0000
:1022F00000003FFFFFFFFFFFFFFFFFFFFF80000029
:10230000CFFFFFFFFFFFFFFFFFFFFFF10004FFFF15
:10231000FFFFFFFFFFFFFFFFFFF9000CFFFFFFFFC5
:10232000FFFFFFFFFFFFFFFF102FFFFFFFFFFFFF7C
:10233000FFFFFFFFFFFF707FFFFFFFFFFFFFFFFFBC
:10234000FFFFFFFFC0BFFFFFFFFFFFFFFFFFFFFF1C
:10235000FFFFF0EFFFFFFFFFFFFFFFFFFFFFFFFFAC
:10236000F2FFFFF41EFFFFFFFFFFFFFFFFFFF3FF82
:10237000FFF00BFFFFFFFFFFFFFFFFFFF3EFFFF19A
:1023800009FFFFFFFFFFFFFFFFFFF2CFFFF404FF96
:10239000FFFFFFFFFFFFFFFFF19FFFF900CFFFFFF0
:1023A000FFFFFFFFFFFFD04FFFFF201EFFFFFFFFDC
:1023B000FFFFFFFF800EFFFFB001BFFFFFFFFFFF2A
:1023C000FFFF3007FFFFF9000268DFFFFFFFFFFBA1
:1023D0000000EFFFFFB100004FFFFFFFFFF3000021
:1023E0003FFFFFFF94108FFFFFFFFF70000006FF0D
:1023F000FFFFFFFFFFFFFFFFFA000000006FFFFF7E
:10240000FFFFFFFFFFFFA00000000004EFFFFFFF42
:10241000FFFFFFF700000000000018FFFFFFFFFFB5
:10242000FA200000000000000006ADFFFDB720000C
:102430000000002444400000000000000001410EA4
:10244000FFFF8000000000000005FFF4FFFFFA001E
:10245000000000000006FFFFDFFFFFA000000000FB
:102460000007FFFFFFFFFFFA000000000008FFFF6A
:10247000FFFFFFFFA0000000000AFFFFFFFFFFFFBC
:10248000FA000000000BFFFFFFFFFFFFFFA00000AE
:10249000000CFFFFFFFFFFFFFFFA0000001CFFFF23
:1024A000FFFFFFFFFFFFA000002DFFFFFFFFFFFF6B
:1024B000FFFFFA00002EFFFFFFFFFFFFFFFFFFA05F
:1024C000003EFFFFFFFFFFFFFFFFFFFA004FFFFF90
:1024D000FFFFFFFFFFFFFFFFA05FFFFFFFFFFFFF0B
:1024E000FFFFFFFFFA6FFFFFFFFFFFFFFFFFFFFF91
:1024F000FFEFFFFFFFFFFFFFFFFFFFFFFFFFFFFFFC
:10250000FFFFFFFFFFFFFFFFFFFFFFFFFFFFFFFFDB
:10251000FFFFFFFFFFFFFFFFFFFFFFFFFFFFFFFFCB
:10252000FFFFFFFFFFFFFFFFFFFFFFFFFFFFFFFFBB
:10253000FFFFFFFFFFFFFFFFFFFFFFFFBDFFFFFFED
:10254000FFFFFFFFFFFFFFFFFA1CFFFFFFFFFFFF83
:10255000FFFFFFFFFFA00BFFFFFFFFFFFFFFFFFFDE
:10256000FFFA000AFFFFFFFFFFFFFFFFFFFFA000D2
:1025700009FFFFFFFFFFFFFFFFFFFA000008FFFF5B
:10258000FFFFFFFFFFFFFFA0000006FFFFFFFFFFB1
:10259000FFFFFFFA00000005FFFFFFFFFFFFFFFF47
:1025A000A000000004FFFFFFFFFFFFFFFA00000094
:1025B0000003EFFFFFFFFFFFFFA00000000002EF9E
:1025C000FFFFFFFFFFFA000000000001DFFFFFFF39
:1025D000FFFFA0000000000001CFFFFFFFFFF90098
:1025E000000000000000BFFF98BBBB4000000000DF
:1025F0000000008B700000000000000000000000E0
:1026000000000000000000000000000000000000CA
:10261000000000004CFE80000000000000000000F0
:1026200000000000004FFFFFE50000000000000078
:102630000000000000000CFFFFFFFC200000000075
:102640000000000000000000FFFFFFFFFF910000FE
:102650000000000000000000000FFFFFFFFFFFE68A
:102660000000000000000000000000FFFFFFFFFF6F
:10267000FFFC300000000000000000000FFFFFFF23
:10268000FFFFFFFF91000000000000000000FFFFBF
:10269000FFFFFFFFFFFFF600000000000000000F3B
:1026A000FFFFFFFFFFFFFFFFFD40000000000000F5
:1026B00000FFFFFFFFFFFFFFFFFFFFA10000000083
:1026C00000000FFFFFFFFFFFFFFFFFFFFFF700000E
:1026D00000000000FFFFFFFFFFFFFFFFFFFFFFFD08
:1026E00040000000000FFFFFFFFFFFFFFFFFFFFFA5
:1026F000FFFFB200000000FFFFFFFFFFFFFFFFFF33
:10270000FFFFFFFFF80000000FFFFFFFFFFFFFFFCD
:10271000FFFFFFFFFFFFFE500000FFFFFFFFFFFF77
:10272000FFFFFFFFFFFFFFFFFFC2000FFFFFFFFFE5
:10273000FFFFFFFFFFFFFFFFFFFFFFF900FFFFFFAE
:10274000FFFFFFFFFFFFFFFFFFFFFFFFFFFD1FFF7B
:10275000FFFFFFFFFFFFFFFFFFFFFFFFFFFFFFFA8E
:10276000FFFFFFFFFFFFFFFFFFFFFFFFFFFFFFFF79
:10277000FFFFFFFFFFFFFFFFFFFFFFFFFFFFFFFF69
:10278000FFFFFFFFFFFFFFFFFFFFFFFFFFFFFFFF59
:10279000FFFFFFFFAFFFFFFFFFFFFFFFFFFFFFFF99
:1027A000FFFFFFFFFFD1FFFFFFFFFFFFFFFFFFFF67
:1027B000FFFFFFFFFFFF900FFFFFFFFFFFFFFFFF88
:1027C000FFFFFFFFFFFFFC2000FFFFFFFFFFFFFFFA
:1027D000FFFFFFFFFFFFFFE500000FFFFFFFFFFF11
:1027E000FFFFFFFFFFFFFFFF80000000FFFFFFFF75
:1027F000FFFFFFFFFFFFFFFFFB200000000FFFFFB9
:10280000FFFFFFFFFFFFFFFFFFD40000000000FFFE
:10281000FFFFFFFFFFFFFFFFFFFF70000000000052
:102820000FFFFFFFFFFFFFFFFFFFFA100000000098
:102830000000FFFFFFFFFFFFFFFFFFD400000000CD
:102840000000000FFFFFFFFFFFFFFFFF6000000021
:102850000000000000FFFFFFFFFFFFFFF910000076
:102860000000000000000FFFFFFFFFFFFFC300009C
:102870000000000000000000FFFFFFFFFFFE6000FF
:102880000000000000000000000FFFFFFFFFF91034
:102890000000000000000000000000CFFFFFFFC2AA
:1028A00000000000000000000000000004FFFFFE28
:1028B000500000000000000000000000000003BF06
:1028C000E800000000000000000000000000000020
:1028D00000000000000000000000000000000000F8
:1028E00000019CCCCCCCCC91000000019CCCCCCC89
:1028F000CC9102EFFFFFFFFFFFE2000002EFFFFFBE
:10290000FFFFFFE2BFFFFFFFFFFFFFB00000BFFFC1
:10291000FFFFFFFFFFBFFFFFFFFFFFFFFF00000FF5
:10292000FFFFFFFFFFFFFFFFFFFFFFFFFFFFF000C5
:1029300000FFFFFFFFFFFFFFFFFFFFFFFFFFFFFFA6
:1029400000000FFFFFFFFFFFFFFFFFFFFFFFFFFF85
:10295000FFF00000FFFFFFFFFFFFFFFFFFFFFFFF94
:10296000FFFFFF00000FFFFFFFFFFFFFFFFFFFFF65
:10297000FFFFFFFFF00000FFFFFFFFFFFFFFFFFF74
:10298000FFFFFFFFFFFF00000FFFFFFFFFFFFFFF45
:10299000FFFFFFFFFFFFFFF00000FFFFFFFFFFFF54
:1029A000FFFFFFFFFFFFFFFFFF00000FFFFFFFFF25
:1029B000FFFFFFFFFFFFFFFFFFFFF00000FFFFFF34
:1029C000FFFFFFFFFFFFFFFFFFFFFFFF00000FFF05
:1029D000FFFFFFFFFFFFFFFFFFFFFFFFFFF0000014
:1029E000FFFFFFFFFFFFFFFFFFFFFFFFFFFFFF00F6
:1029F000000FFFFFFFFFFFFFFFFFFFFFFFFFFFFFD6
:102A0000F00000FFFFFFFFFFFFFFFFFFFFFFFFFFE3
:102A1000FFFF00000FFFFFFFFFFFFFFFFFFFFFFFB4
:102A2000FFFFFFF00000FFFFFFFFFFFFFFFFFFFFC3
:102A3000FFFFFFFFFF00000FFFFFFFFFFFFFFFFF94
:102A4000FFFFFFFFFFFFF00000FFFFFFFFFFFFFFA3
:102A5000FFFFFFFFFFFFFFFF00000FFFFFFFFFFF74
:102A6000FFFFFFFFFFFFFFFFFFF00000FFFFFFFF83
:102A7000FFFFFFFFFFFFFFFFFFFFFF00000FFFFF54
:102A8000FFFFFFFFFFFFFFFFFFFFFFFFF00000FF63
:102A9000FFFFFFFFFFFFFFFFFFFFFFFFFFFF000044
:102AA0000FFFFFFFFFFFFFFFFFFFFFFFFFFFFFF035
:102AB0000000FFFFFFFFFFFFFFFFFFFFFFFFFFFF24
:102AC000FF00000FFFFFFFFFFFFFFFFFFFFFFFFF04
:102AD000FFFFF00000FFFFFFFFFFFFFFFFFFFFFF13
:102AE000FFFFFFFF00000FFFFFFFFFFFFFFFFFFFE4
:102AF000FFFFFFFFFFF00000FFFFFFFFFFFFFFFFF3
:102B0000FFFFFFFFFFFFFF00000FFFFFFFFFFFFFC3
:102B1000FFDFFFFFFFFFFFFFD00000DFFFFFFFFF32
:102B2000FFFFD5FFFFFFFFFFFFF5000005FFFFFFE1
:102B3000FFFFFFF506FFFFFFFFFFF600000006FFA7
:102B4000FFFFFFFFF60000233333332000000000B7
:102B500000233333332000001444444444444444A9
:102B60004444444444444410008FFFFFFFFFFFFFF0
:102B7000FFFFFFFFFFFFFFFFFF806FFFFFFFFFFF74
:102B8000FFFFFFFFFFFFFFFFFFFFFF6DFFFFFFFFE7
:102B9000FFFFFFFFFFFFFFFFFFFFFFFFFDFFFFFF47
:102BA000FFFFFFFFFFFFFFFFFFFFFFFFFFFFFFFF35
:102BB000FFFFFFFFFFFFFFFFFFFFFFFFFFFFFFFF25
:102BC000FFFFFFFFFFFFFFFFFFFFFFFFFFFFFFFF15
:102BD000FFFFFFFFFFFFFFFFFFFFFFFFFFFFFFFF05
:102BE000FFFFFFFFFFFFFFFFFFFFFFFFFFFFFFFFF5
:102BF000FFFFFFFFFFFFFFFFFFFFFFFFFFFFFFFFE5
:102C0000FFFFFFFFFFFFFFFFFFFFFFFFFFFFFFFFD4
:102C1000FFFFFFFFFFFFFFFFFFFFFFFFFFFFFFFFC4
:102C2000FFFFFFFFFFFFFFFFFFFFFFFFFFFFFFFFB4
:102C3000FFFFFFFFFFFFFFFFFFFFFFFFFFFFFFFFA4
:102C4000FFFFFFFFFFFFFFFFFFFFFFFFFFFFFFFF94
:102C5000FFFFFFFFFFFFFFFFFFFFFFFFFFFFFFFF84
:102C6000FFFFFFFFFFFFFFFFFFFFFFFFFFFFFFFF74
:102C7000FFFFFFFFFFFFFFFFFFFFFFFFFFFFFFFF64
:102C8000FFFFFFFFFFFFFFFFFFFFFFFFFFFFFFFF54
:102C9000FFFFFFFFFFFFFFFFFFFFFFFFFFFFFFFF44
:102CA000FFFFFFFFFFFFFFFFFFFFFFFFFFFFFFFF34
:102CB000FFFFFFFFFFFFFFFFFFFFFFFFFFFFFFFF24
:102CC000FFFFFFFFFFFFFFFFFFFFFFFFFFFFFFFF14
:102CD000FFFFFFFFFFFFFFFFFFFFFFFFFFFFFFFF04
:102CE000FFFFFFFFFFFFFFFFFFFFFFFFFFFFFFFFF4
:102CF000FFFFFFFFFFFFFFFFFFFFFFFFFFFFFFFFE4
:102D0000FFFFFFFFFFFFFFFFFFFFFFFFFFFFFFFFD3
:102D1000FFFFFFFFFFFFFFFFFFFFFFFFFFFFFFFFC3
:102D2000FFFFFFFFFFFFFFFFFFFFFFFFFFFFFFFFB3
:102D3000FFFFFFFFFFFFFFFFFFFFFFFFFFFFFFFFA3
:102D4000FFFFFFFFFFFFFFFFFFFFFFFFFFFFFFFF93
:102D5000FFFFFFFFFFFFFFFFFFFFFFFFFFFFFFFF83
:102D6000FFFFFFFFFFFFFFFFFFFFFFFFFFFFFFFF73
:102D7000FFFFFFFFFFFFFFFFFFFFFFFFFFFFFFFF63
:102D8000FFFFFFFFFFFFFFFFFFFFFFFFFFFFFFFF53
:102D9000FFFFFFFFFFFFFFFFFAFFFFFFFFFFFFFF48
:102DA000FFFFFFFFFFFFFFFFFFFA1EFFFFFFFFFF19
:102DB000FFFFFFFFFFFFFFFFFFFFFD1017BBBBBBC8
:102DC000BBBBBBBBBBBBBBBBBBBBBBB710014100F1
:102DD00000000000000000444424FFF50000000053
:102DE0000000008FFFFEEFFFF60000000000000A69
:102DF000FFFFFFFFFFF7000000000000AFFFFFFF35
:102E0000FFFFF900000000000AFFFFFFFFFFFFFACD
:102E10000000000000AFFFFFFFFFFFFFFB0000000E
:102E2000000AFFFFFFFFFFFFFFFC10000000AFFFE5
:102E3000FFFFFFFFFFFFFD1000000AFFFFFFFFFF86
:102E4000FFFFFFFE200000AFFFFFFFFFFFFFFFFFC0
:102E5000FE30000AFFFFFFFFFFFFFFFFFFFF400004
:102E6000AFFFFFFFFFFFFFFFFFFFFF500AFFFFFF66
:102E7000FFFFFFFFFFFFFFFF60AFFFFFFFFFFFFF51
:102E8000FFFFFFFFFF7AFFFFFFFFFFFFFFFFFFFFD7
:102E9000FFFFFFFFFFFFFFFFFFFFFFFFFFFFFFFF42
:102EA000FFFFFFFFFFFFFFFFFFFFFFFFFFFFFFFF32
:102EB000FFFFFFFFFFFFFFFFFFFFFFFFFFFFFFFF22
:102EC000FFFFFFFFFFFFFFFFFFFFFFFFFFFFFFFF12
:102ED000FFFFFFFFFFFFFFFFFFFFFFFFFCBFFFFF45
:102EE000FFFFFFFFFFFFFFFFFB0AFFFFFFFFFFFFEB
:102EF000FFFFFFFFFA00AFFFFFFFFFFFFFFFFFFF36
:102F0000F9000AFFFFFFFFFFFFFFFFFFF80000AF20
:102F1000FFFFFFFFFFFFFFFFF700000AFFFFFFFFBC
:102F2000FFFFFFFFF6000000AFFFFFFFFFFFFFFF07
:102F3000F50000000AFFFFFFFFFFFFFFF4000000A5
:102F400000AFFFFFFFFFFFFFE3000000000AFFFFED
:102F5000FFFFFFFFE20000000000AFFFFFFFFFFFE9
:102F6000D100000000000AFFFFFFFFFFC1000000CA
:102F7000000000AFFFFFAFFFB0000000000000093D
:102F8000FFFFF07B80000000000000004BBBB8009A
:102F90000000000000000000000000000000000031
:102FA00000000000057500000000000000000000A7
:102FB0000000000000001DFFFD10000000000000E8
:102FC00000000000000000001DFFFFFD10000000D9
:102FD000000000000000000000000CFFFFFFFC00EC
:102FE0000000000000000000000000000BFFFFFFD9
:102FF000FFFB0000000000000000000000000AFFCE
:10300000FFFFFFFFFA0000000000000000000000CA
:1030100009FFFFFFFFFFFFF90000000000000000B4
:10302000000008FFFFFFFFFFFFFFF80000000000A7
:103030000000000006FFFFFFFFFFFFFFFFF600009C
:1030400000000000000005FFFFFFFFFFFFFFFFFF84
:10305000F50000000000000004FFFFFFFFFFFFFF7E
:10306000FFFFFFF400000000000003FFFFFFFFFF71
:10307000FFFFFFFFFFFFF3000000000002EFFFFF74
:10308000FFFFFFFFFFFFFFFFFFE20000000001EF77
:10309000FFFFFFFFFFFFFFFFFFFFFFFFE10000005B
:1030A00001DFFFFFFFFFFFFFFFFFFFFFFFFFFFD17C
:1030B000000000CFFFFFFFFFFFFFFFFFFFFFFFFF4D
:1030C000FFFFC00000BFFFFFFFFFFFFFFFFFFFFF8D
:1030D000FFFFFFFFFFB0007FFFFFFFFFFFFFFFFFCE
:1030E000FFFFFFFFFFFFFFFF700EFFFFFFFFFFFF70
:1030F000FFFFFFFFFFFFFFFFFFFFFE00FFFFFFFFE0
:10310000FFFFFFFFFFFFFFFFFFFFFFFFFFF00BFFD2
:10311000FFFFFFFFFFFFFFFFFFFFFFFFFFFFFFFBC3
:10312000003FFFFFFFFFFFFFFFFFFFFFFFFFFFFF6E
:10313000FFFF30004CFFFFFFFFFFFFFFFFFFFFFF20
:10314000FFFFFFFC40000000000000000000000046
:10315000000000000000000000000000000000006F
:10316000000000000000000000000001444444444E
:103170004444444444444444444444410004FFFF20
:10318000FFFFFFFFFFFFFFFFFFFFFFFFFFFFE40069
:10319000DFFFFFFFFFFFFFFFFFFFFFFFFFFFFFFF5F
:1031A000FFD00FFFFFFFFFFFFFFFFFFFFFFFFFFF4E
:1031B000FFFFFFFF00FFFFFFFFFFFFFFFFFFFFFF1E
:1031C000FFFFFFFFFFFFF00FFFFFFFFFFFFFFFFF0E
:1031D000FFFFFFFFFFFFFFFFFF00FFFFFFFFFFFFFE
:1031E000FFFFFFFFFFFFFFFFFFFFFFF00FFFFFFFEE
:1031F000FFFFFFFFFFFFFFFFFFFFFFFFFFFF00FFDE
:10320000FFFFFFFFFFFFFFFFFFFFFFFFFFFFFFFFCE
:10321000F009FFFFFFFFFFFFFFFFFFFFFFFFFFFFC3
:10322000FFFFF90007BBBBBBBBBBBBBBBBBBBBBB97
:10323000BBBBBBBBB70000000000000000000000EB
:1032400000000000000000002DF70000000000005A
:1032500000002EFFF8000000000000002EFFFFF627
:103260000000000000002EFFFFFFC0000000000073
:103270002EFFFFFFF900000000002EFFFFFFFB0004
:10328000000000002EFFFFFFFB00000000002EFFEB
:10329000FFFFFB00000000002EFFFFFFFB0000000F
:1032A00000002EFFFFFFFB00000000002EFFFFFFCD
:1032B000FB00000000002EFFFFFFFB0000000000ED
:1032C0002EFFFFFFFB00000000002EFFFFFFFB00B2
:1032D000000000002EFFFFFFFB00000000002EFF9B
:1032E000FFFFFB00000000000CFFFFFFFB000000E1
:1032F000000000CFFFFFFFB0000000000002EFFF62
:10330000FFFFB0000000000002EFFFFFFFB0000071
:1033100000000002EFFFFFFFB0000000000002EF1E
:10332000FFFFFFB0000000000002EFFFFFFFB00052
:103330000000000002EFFFFFFFB0000000000002ED
:10334000EFFFFFFFB0000000000002EFFFFFFFB043
:10335000000000000002EFFFFFFFB00000000000CF
:1033600002EFFFFFFFB0000000000002EFFFFFFFD1
:10337000B0000000000002EFFFFFFF90000000001F
:103380000002EFFFFFFC00000000000002EFFFFF63
:103390006000000000000002EFFF8000000000005D
:1033A000000002DF700000000000000000000000CC
:1033B000000000000000000000000007FD200000E9
:1033C000000000000008FFFE2000000000000006D2
:1033D000FFFFFE20000000000000CFFFFFFE2000E6
:1033E0000000000009FFFFFFFE2000000000000BAE
:1033F000FFFFFFFE2000000000000BFFFFFFFE208C
:1034000000000000000BFFFFFFFE20000000000096
:103410000BFFFFFFFE2000000000000BFFFFFFFE80
:103420002000000000000BFFFFFFFE200000000056
:10343000000BFFFFFFFE2000000000000BFFFFFF5E
:10344000FE2000000000000BFFFFFFFE2000000038
:1034500000000BFFFFFFFE2000000000000BFFFF3D
:10346000FFFE2000000000000BFFFFFFFC0000003B
:10347000000000BFFFFFFFC00000000000BFFFFF13
:10348000FFE20000000000BFFFFFFFE200000000BD
:1034900000BFFFFFFFE20000000000BFFFFFFFE2F0
:1034A0000000000000BFFFFFFFE20000000000BFBF
:1034B000FFFFFFE20000000000BFFFFFFFE200008F
:1034C000000000BFFFFFFFE20000000000BFFFFFA1
:1034D000FFE20000000000BFFFFFFFE2000000006D
:1034E00000BFFFFFFFE200000000009FFFFFFFE2C0
:1034F00000000000000CFFFFFFE2000000000000E1
:103500006FFFFFE2000000000000008FFFE20000FC
:103510000000000000007FD200000000000000005A
:10352000000000000000000000000000000000009B
:103530000001444100000000000000000000000005
:10354000000007FFFFF7000000000000000000007F
:1035500000000001FFFFFFF100000000000000007C
:1035600000000000003FFFFFFF30000000000000EF
:1035700000000000000004FFFFFFF4000000000056
:1035800000000000000000004FFFFFFF40000000AF
:1035900000000000000000000004FFFFFFF4000036
:1035A00000000000000000000000004FFFFFFF408F
:1035B00000000000000000000000000004FFFFFF0A
:1035C000F4000000000000000000000000004FFFB9
:1035D000FFFF4000000000000000000000000004A9
:1035E000FFFFFFF4000000000000000000000000EA
:1035F000004FFFFFFF40000000000000000000003F
:10360000000004FFFFFFF4000000000000000000C5
:10361000000000004FFFFFFF40000000000000041A
:1036200088888888888AFFFFFFFA88888888888445
:1036300007FFFFFFFFFFFFFFFFFFFFFFFFFFFFFF92
:10364000FFF6EFFFFFFFFFFFFFFFFFFFFFFFFFFFA3
:10365000FFFFFFEFFFFFFFFFFFFFFFFFFFFFFFFF8A
:10366000FFFFFFFFFFFFFFFFFFFFFFFFFFFFFFFF6A
:10367000FFFFFFFFFFFFFFFFFFFFFFFFFFFFFFFF5A
:10368000FFFFFFFFFFFFFFFFBFFFFFFFFFFFFFFF8A
:10369000FFFFFFFFFFFFFFFFFFB1BFFFFFFFFFFFC8
:1036A000FFFFFFFFFFFFFFFFFFFFB1000000000073
:1036B0000004FFFFFFF40000000000000000000015
:1036C0000000004FFFFFFF4000000000000000006E
:1036D0000000000004FFFFFFF400000000000000F5
:1036E0000000000000004FFFFFFF4000000000004E
:1036F0000000000000000004FFFFFFF400000000D5
:103700000000000000000000004FFFFFFF4000002D
:103710000000000000000000000004FFFFFFF400B4
:103720000000000000000000000000004FFFFFFF4D
:103730004000000000000000000000000004FFFF47
:10374000FFF4000000000000000000000000004F37
:10375000FFFFFF400000000000000000000000002C
:1037600004FFFFFFF4000000000000000000000064
:1037700000003FFFFFFF30000000000000000000DD
:1037800000000000DFFFFFC000000000000000009C
:103790000000000000018BBB810000000000000061
:1037A000048888888888888888888888888888881D
:1037B0008407FFFFFFFFFFFFFFFFFFFFFFFFFFFF8C
:1037C000FFFFF7EFFFFFFFFFFFFFFFFFFFFFFFFF21
:1037D000FFFFFFFFEFFFFFFFFFFFFFFFFFFFFFFF09
:1037E000FFFFFFFFFFFFFFFFFFFFFFFFFFFFFFFFE9
:1037F000FFFFFFFFFFFFFFFFFFFFFFFFFFFFFFFFD9
:10380000FFFFFFFFFFFFFFFFFFBFFFFFFFFFFFFF08
:10381000FFFFFFFFFFFFFFFFFFFFB1BEFFFFFFFF47
:10382000FFFFFFFFFFFFFFFFFFFFFEA10000000003
:103830000000000036ACDEFEDCA630000000000018
:1038400000000000000000000039FFFFFFFFFFFF45
:10385000FFF930000000000000000000000005DF5C
:10386000FFFFFFFFFFFFFFFFFFD50000000000008C
:10387000000000003CFFFFFFFFFFDCDFFFFFFFFF5A
:10388000FC3000000000000000008FFFFFFFFE7210
:103890000000027EFFFFFFFF80000000000000012B
:1038A000CFFFFFFFF7000000000007FFFFFFFFC191
:1038B000000000000002EFFFFFFFE3000000000037
:1038C0000004EFFFFFFFE20000000002EFFFFFFF38
:1038D000F20000002430000003FFFFFFFFE20000C1
:1038E0000002EFFFFFFFF50000003FFFFA20000598
:1038F000FFFFFFFFE2000000DFFFFFFFFB00000013
:1039000000DFFFFF50000BFFFFFFFFD00000AFFF05
:10391000FFFFFF200000000CFFFFFF40002FFFFF14
:10392000FFFFA0005FFFFFFFFFD000000000FFFFD0
:10393000FFFE1000DFFFFFFFFF500EFFFFFFFFF84D
:10394000000000008FFFFFFFF70008FFFFFFFFFEF2
:1039500008FFFFFFFFFF60007302AFFFFFFFFFC024
:10396000006FFFFFFFFFF8EFFFFFFFFFF4000FFF07
:10397000FFFFFFFFFFFE0004FFFFFFFFFFEEFFFF63
:10398000FFFFFF4000FFFFFFFFFFFFFFF0004FFFC3
:10399000FFFFFFFE9FFFFFFFFFF6000DFFFFFFFF92
:1039A000FFFFFD0006FFFFFFFFFF81EFFFFFFFFFAF
:1039B00080009FFFFFFFFFFFFF90008FFFFFFFFFD3
:1039C000E006FFFFFFFFFD0003FFFFFFFFFFFFF328
:1039D000000DFFFFFFFFF5000AFFFFFFFFF20009E8
:1039E000FFFFFFFFFFF90002FFFFFFFFFA00001DCE
:1039F000FFFFFFFFB0000BFFFFFFFFFB0000BFFF5B
:103A0000FFFFFD0000002EFFFFFFFF500008FFFF3B
:103A1000FFF800005FFFFFFFFE200000003EFFFFF9
:103A2000FFFF20000169BA6100002FFFFFFFFE20A9
:103A3000000000003EFFFFFFFE300000000000001D
:103A40003EFFFFFFFE2000000000001CFFFFFFFF05
:103A50007000000000007FFFFFFFFC10000000006E
:103A6000000008FFFFFFFFE720000027EFFFFFFF38
:103A7000F8000000000000000003CFFFFFFFFFED93
:103A8000CDEFFFFFFFFFC3000000000000000000BB
:103A9000005CFFFFFFFFFFFFFFFFFFFD5000000086
:103AA0000000000000000000049EFFFFFFFFFFFF7A
:103AB000FF93000000000000000000000000000074
:103AC000037ACEFFEDCA7300000000000000000082
:103AD0006E900000000000000000000000000000E8
:103AE0000000000000000000004FFFC200000000C6
:103AF00000000000000000000000000000000000C6
:103B000000000EFFFFE400000000000000000000C5
:103B1000000000000000000000000002FFFFFFF8AE
:103B20000000000000000000000000000000000095
:103B3000000000000006FFFFFFFB10000000000077
:103B40000000000000000000000000000000000372
:103B5000EFFFFFFE30000000048ADEFFEDB74100FA
:103B600000000000000000000001BFFFFFFF600038
:103B700017CFFFFFFFFFFFFFFB500000000000001A
:103B8000000000008FFFFFFFA3AFFFFFFFFFFFFF5D
:103B9000FFFFFFE7000000000000000000004EFFF4
:103BA000FFFFFFFFFFFFFFECDEFFFFFFFFFE6000F8
:103BB00000000000000000001CFFFFFFFFFFFFB53A
:103BC0001000016CFFFFFFFFB100000000000000CB
:103BD000000009FFFFFFFFFC200000000005EFFFD1
:103BE000FFFFE400000000000000000005FFFFFFF1
:103BF000FE10000000000001CFFFFFFFF5000000F5
:103C000000000000000002DFFFFFFE4000577400CC
:103C10000000DFFFFFFFF6000000000000000000D2
:103C200000AFFFFFFF700DFFFF800001EFFFFFFF00
:103C3000F5000000000000300000007FFFFFFFA043
:103C40008FFFFFC10006FFFFFFFFF2000000000032
:103C50004F900000003EFFFFFFDBFFFFFFB0000DB5
:103C6000FFFFFFFFD1000000001EFFD20000001C7C
:103C7000FFFFFFFFFFFFFF60008FFFFFFFFFA000C0
:103C800000000AFFFFF500000008FFFFFFFFFFFF35
:103C9000FD0004FFFFFFFFFF30000004FFFFFFF8FF
:103CA00000000005FFFFFFFFFFFFF2001FFFFFFF07
:103CB000FFFD0000009FFFFFFFFC10000002DFFF80
:103CC000FFFFFFFF3000FFFFFFFFFFF2000009FFD3
:103CD000FFFFFFFE30000000AFFFFFFFFFF3000F0C
:103CE000FFFFFFFFFF2000004FFFFFFFFFFB000073
:103CF00000006FFFFFFFFF1001FFFFFFFFFFD0007D
:103D00000000AFFFFFFFFFD0000000003EFFFFFFFD
:103D1000F3004FFFFFFFFFF300000001FFFFFFFF75
:103D2000FF20000000001BFFFFFFF609FFFFFFFF61
:103D3000F90000000006FFFFFFFFF8000000000090
:103D400008FFFFFFFAFFFFFFFFFC00000000000973
:103D5000FFFFFFFFE1000000000004EFFFFFFFFF97
:103D6000FFFFFE2000000000000CFFFFFFFFA0008F
:103D70000000000001CFFFFFFFFFFFFF3000000049
:103D80000000000CFFFFFFFF700000000000009F1C
:103D9000FFFFFFFFFF50000000000000000BFFFFCF
:103DA000FFFF700000000000005FFFFFFFFF5000FA
:103DB0000000000000000009FFFFFFFFB10000004D
:103DC0000000002DFFFFFFE30000000000000000E6
:103DD0000005EFFFFFFFF93000000000000AFFFFC1
:103DE000FFF600000000000000000001AFFFFFFF31
:103DF000FFFDCDE700000007FFFFFFFA0000000015
:103E00000000000000003BFFFFFFFFFFFFFA000083
:103E10000003EFFFFFFD2000000000000000000095
:103E2000028EFFFFFFFFFFFD20000001CFFFFFFF1D
:103E300050000000000000000000000269CDEFFE0D
:103E4000DA73000000008FFFFFFF90000000000009
:103E50000000000000000000000000000000000062
:103E60005FFFFFFFC1000000000000000000000035
:103E7000000000000000000000002DFFFFFFB00068
:103E80000000000000000000000000000000000032
:103E9000000000000AFFFFF8000000000000000022
:103EA000000000000000000000000000000006FF0D
:103EB000FC00000000000000000000000000000006
:103EC000000000000000000003DD10000000000002
:103ED000000000000006DFD6000000000000000027
:103EE00000000000000000000000000007FFFFF7D6
:103EF00000000000000000000000000000000000C2
:103F000000000002FFFFFFF20000000000000000C0
:103F10000000000000000000000000BFFFFFFFB035
:103F20000000000000000000000000000000000091
:103F300000004FFFFFFFFF400000000000000000F6
:103F40000000000000000000000DFFFFFFFFFD006B
:103F50000000000000000000000000000000000061
:103F600007FFFFFFFFFFF700000000000000000058
:103F70000000000000000001FFFFFFFFFFFFF10055
:103F80000000000000000000000000000000009F92
:103F9000FFFFFFFFFFFF9000000000000000000097
:103FA0000000000000003FFFFFFFFFFFFFFF3000A9
:103FB000000000000000000000000000000CFFFFF7
:103FC000FFFFFFFFFFFC00000000000000000000FA
:103FD0000000000005FFFFFFFFFFFFFFFFF50000EF
:103FE000000000000000000000000000EFFFFFFFE5
:103FF000FFFFFFFFFFE000000000000000000000E6
:104000000000007FFFFFFECCCCCEFFFFFF70000062
:10401000000000000000000000001FFFFFFF200064
:10402000002FFFFFFF100000000000000000000054
:10403000000AFFFFFFF1000001FFFFFFFA00000090
:10404000000000000000000003FFFFFFFF20000051
:104050002FFFFFFFF3000000000000000000000041
:10406000CFFFFFFFF3000003FFFFFFFFC0000000D2
:10407000000000000000006FFFFFFFFF4000004F46
:10408000FFFFFFFF500000000000000000000EFFD7
:10409000FFFFFFF5000005FFFFFFFFFE000000002F
:1040A000000000000008FFFFFFFFFF6000006FFF3F
:1040B000FFFFFFF8000000000000000002FFFFFF0C
:1040C000FFFFF7000007FFFFFFFFFFF20000000007
:1040D00000000000AFFFFFFFFFFF8000008FFFFF29
:1040E000FFFFFFA0000000000000004FFFFFFFFFE8
:1040F000FFF9000009FFFFFFFFFFFF400000000085
:1041000000000DFFFFFFFFFFFFA00000AFFFFFFF5C
:10411000FFFFFD00000000000006FFFFFFFFFFFFA4
:10412000FC00000CFFFFFFFFFFFFF6000000000097
:1041300001EFFFFFFFFFFFFFFFFFFFFFFFFFFFFF9D
:10414000FFFFE100000000009FFFFFFFFFFFFFFFF8
:10415000F979FFFFFFFFFFFFFFFF90000000002F36
:10416000FFFFFFFFFFFFFFE20002EFFFFFFFFFFF88
:10417000FFFF200000000BFFFFFFFFFFFFFFF40029
:104180000004FFFFFFFFFFFFFFFB00000004FFFF35
:10419000FFFFFFFFFFFF0000000FFFFFFFFFFFFF1C
:1041A000FFF4000000DFFFFFFFFFFFFFFFF0000054
:1041B00000FFFFFFFFFFFFFFFFD000007FFFFFFFBB
:1041C000FFFFFFFFFF2000002FFFFFFFFFFFFFFFAC
:1041D000FF70001FFFFFFFFFFFFFFFFFFB00000B53
:1041E000FFFFFFFFFFFFFFFFFF1009FFFFFFFFFFC4
:1041F000FFFFFFFFFC525CFFFFFFFFFFFFFFFFFF22
:10420000F900EFFFFFFFFFFFFFFFFFFFFFFFFFFFD3
:10421000FFFFFFFFFFFFFFFFE00FFFFFFFFFFFFFBD
:10422000FFFFFFFFFFFFFFFFFFFFFFFFFFFFFFFF9E
:1042300000CFFFFFFFFFFFFFFFFFFFFFFFFFFFFFBD
:10424000FFFFFFFFFFFFFFB003FFFFFFFFFFFFFFC9
:10425000FFFFFFFFFFFFFFFFFFFFFFFFFFFFF30079
:1042600004CFFFFFFFFFFFFFFFFFFFFFFFFFFFFF89
:10427000FFFFFFFFFFC4000000000000000000007F
:10428000000000000000032000000000000000000B
:10429000000000000000000000009FF70000000088
:1042A0000000000000000000000000000000FFFF10
:1042B000700000000000000000000000000000008E
:1042C0000000FFFFF70000000000000000000000F9
:1042D000000000000000FFFFFF700024444444443D
:1042E00000000000000000044444FFFFFFF700EF5F
:1042F000FFFFFFFFB0000000000000BFFFFFFFFF57
:10430000FFFF70FFFFFFFFFFFA00000000000BFF40
:10431000FFFFFFFFFFFFF6FFFFFFFFFFFF90000023
:104320000000AFFFFFFFFFFFFFFFFEFFFFFFFFFFEC
:10433000FFF90000000AFFFFFFFFFFFFFFFFFDFF87
:10434000FFFFFFFFFFFF7000009FFFFFFFFFFFFF6A
:10435000FFFFE2BFFFFFFFFFFFFFF60008FFFFFFC9
:10436000FFFFFFFFFFFE2000000001DFFFFFF30063
:104370007FFFFFFFD100FFFFFFE200000000002EE3
:10438000FFFF4007FFFFFFFE2000FFFFFE200000B1
:1043900000000002EFF5006FFFFFFFE20000FFFFEB
:1043A000E2000000000000002E5005FFFFFFFE208D
:1043B0000000EFFE200000000000000001005FFF91
:1043C000FFFFF30000005DD20000000000000000CD
:1043D0000004FFFFFFFF30000000000000000000AD
:1043E00000000000003FFFFFFFF40000000000009D
:1043F000000000000000000003FFFFFFFF5001006D
:1044000000005DD200000000000000002EFFFFFF52
:10441000F5005E200000EFFE20000000000000021A
:10442000EFFFFFFF6005FFE20000FFFFE20000007A
:104430000000002EFFFFFFF7004FFFFE2000FFFFF0
:10444000FE200000000001DFFFFFFF7003FFFFFF01
:10445000D100FFFFFFE200BFFFFFFFFFFFFFF800FB
:1044600006FFFFFFFFFFFFFFFFFE20FFFFFFFFFF35
:10447000FFFF9000007FFFFFFFFFFFFFFFFFE2FF56
:10448000FFFFFFFFFFFA00000009FFFFFFFFFFFF34
:10449000FFFFFDFFFFFFFFFFFFA000000000AFFFD9
:1044A000FFFFFFFFFFFFFEFFFFFFFFFFFB0000001E
:1044B00000000AFFFFFFFFFFFFFFF6EFFFFFFFFF18
:1044C000B0000000000000BFFFFFFFFFFFFF7024EF
:1044D0004444444400000000000000044444FFFF42
:1044E000FFF70000000000000000000000000000D6
:1044F0000000FFFFFF70000000000000000000004F
:10450000000000000000FFFFF700000000000000B6
:1045100000000000000000000000FFFF700000002D
:1045200000000000000000000000000000009FF7F5
:10453000000000000000000000000000000000007B
:104540000000032000000000000000000000002523
:10455000000000000000000000000000000000005B
:104560005FFC1000000000000000000000000000E0
:10457000005FFFFC100000000000000000000000D1
:1045800000005FFFFFFC10000000000000000000C2
:104590000000005FFFFFFFFC1000000000000000B3
:1045A000000000005FFFFFFFFFFC100000000000A4
:1045B00000000000005FFFFFFFFFFFFC1000000095
:1045C0000000000000005FFFFFFFFFFFFFFC100086
:1045D000000000000000005FFFFFFFFEFFFFFFFC88
:1045E00010000000000000005FFFFFFFF81DFFFF4C
:1045F000FFFC100000000000005FFFFFFFF8001D3F
:10460000FFFFFFFC1000000000005FFFFFFFF8004D
:10461000001DFFFFFFFC10000000005FFFFFFFF820
:104620000000001DFFFFFFFC100000005FFFFFFF08
:10463000F8000000001DFFFFFFFC1000005FFFFFFF
:10464000FFF800000000001DFFFFFFFC10005FFFEF
:10465000FFFFF80000000000001DFFFFFFFC104FEF
:10466000FFFFFFF8000000000000001DFFFFFFFC3F
:104670000BFFFFFFF800000000000000001DFFFF1F
:10468000FFF48FFFFFF80000000000000000001D95
:10469000FFFFFF10BFFFF800000000000000000057
:1046A000001DFFFF5000BFF80000000000000000E8
:1046B0000000001DFF50000043000000000000004B
:1046C0000000000000042000000430000000000092
:1046D000000000000000004200000BFF800000000E
:1046E0000000000000000001DFF5000BFFFF80006C
:1046F000000000000000000001DFFFF508FFFFFFE1
:1047000080000000000000000001DFFFFFF1BFFF9C
:10471000FFFF800000000000000001DFFFFFFF44FA
:10472000FFFFFFFF8000000000000001DFFFFFFF30
:10473000C005FFFFFFFF80000000000001DFFFFF5A
:10474000FFC10005FFFFFFFF800000000001DFFF49
:10475000FFFFC1000005FFFFFFFF8000000001DF39
:10476000FFFFFFC100000005FFFFFFFF8000000109
:10477000DFFFFFFFC10000000005FFFFFFFF80001B
:1047800001DFFFFFFFC1000000000005FFFFFFFF8A
:104790008001DFFFFFFFC100000000000005FFFFF8
:1047A000FFFF81DFFFFFFFC10000000000000005E8
:1047B000FFFFFFFFEFFFFFFFC10000000000000050
:1047C0000005FFFFFFFFFFFFFFC10000000000002A
:1047D00000000005FFFFFFFFFFFFC1000000000019
:1047E000000000000005FFFFFFFFFFC10000000008
:1047F0000000000000000005FFFFFFFFC1000000F7
:1048000000000000000000000005FFFFFFC10000E5
:10481000000000000000000000000005FFFFC100D4
:104820000000000000000000000000000005FFC1C3
:104830000000000000000000000000000000000276
:104840005000000000000000000000000000000018
:104850000000000000000000000000000000000058
:104860000000000000007FD20000000000000000F7
:10487000000000000000000000000000000008FF31
:10488000FE2000000000000000000000000000000A
:10489000000000000000008FFFFFE2000000244441
:1048A00044444444444444443000000000000008B0
:1048B000FFFFFFFE200005FFFFFFFFFFFFFFFFFFE1
:1048C000FFFA0000000000008FFFFFFFFFE3000B76
:1048D000FFFFFFFFFFFFFFFFFFFFFF0000000000E3
:1048E00008FFFFFFFFFFFE3007FFFFFFFFFFFFFF97
:1048F000FFFFFFFF10000000009FFFFFFFFFFFFF13
:10490000E3009FFFFFFFFFFFFFFFFFFFFF1000001F
:104910000009FFFFFFFFFFFFFFFE3006BBBBBBBB75
:10492000BBBBBBBFFFFF100000008FFFFFFEFFFF00
:10493000EFFFFFF200000000000000000EFFFF107C
:10494000000000EFFFFF5BFFFF5CFFFFF7000000D0
:1049500000000000000EFFFF10000000BFFFF60B7C
:10496000FFFF40CFFFF400000000000000000EFF3A
:10497000FF100000001DFF700BFFFF401DFF7000C7
:10498000000000000000000EFFFF100000000053B8
:10499000000BFFFF4000530000000000000000007B
:1049A0000EFFFF100000000000000BFFFF400000A2
:1049B0000000000000000000000EFFFF10000000DB
:1049C0000000000BFFFF400000000000000000009E
:1049D00000000EFFFF100000000000000BFFFF4072
:1049E00000000000000000000000000EFFFF1000AB
:1049F00000000000000BFFFF40000000000000006E
:104A0000000000000EFFFF100000000000000BFF80
:104A1000FF4000000000000000000000000EFFFF4B
:104A2000100000000000000BFFFF4000000000002D
:104A300000000009EB100EFFFF1009EA1000000053
:104A40000BFFFF400000000000000000AFFFC00EA1
:104A5000FFFF10AFFFC00000000BFFFF4000000091
:104A60000000000002FFFFFB0EFFFF19FFFFF40034
:104A700000000BFFFF400000000000000000EFFFFF
:104A8000FFAEFFFF9FFFFFF20000000BFFFF74442B
:104A9000444444444442004FFFFFFFFFFFFFFFFF39
:104AA000600000000BFFFFFFFFFFFFFFFFFFFF8025
:104AB00004FFFFFFFFFFFFFFF6000000000BFFFFFA
:104AC000FFFFFFFFFFFFFFFFF8004FFFFFFFFFFFAC
:104AD000FF60000000000BFFFFFFFFFFFFFFFFFF75
:104AE000FFFF0003FFFFFFFFFFF5000000000008CD
:104AF000FFFFFFFFFFFFFFFFFFFFFE00003FFFFF85
:104B0000FFFF500000000000008BBBBBBBBBBBBB6A
:104B1000BBBBBBA3000003FFFFFFF50000000000CC
:104B20000000000000000000000000000000000085
:104B30003FFFFF50000000000000000000000000E8
:104B400000000000000000000003FFF5000000006E
:104B50000000000000000000000000000000000055
:104B600000000016200000000003CFFFFFFFFFFF42
:104B7000FFB000000000000000000000003FFFFF49
:104B8000FFFFFFFFFFFB000000000000000000002F
:104B900000CFFFFFFFFFFFFFFFFFB000000000009E
:104BA0000000000000FFFFFFFFFFFFFFFFFFFB0013
:104BB000000000000000000000FFFFFFFFFFFFFFFC
:104BC000FFFFFFB0000000000000000000FFFFFF3B
:104BD000FFFFFFFFFFFFFFFFFFFFFFFFFFFFFFFCE8
:104BE00030FFFFFFFFFFFFFFFFFFFFFFFFFFFFFFA4
:104BF000FFFFFFFFF3FFFFFFFFFFFFFFFFFFFFFFD1
:104C0000FFFFFFFFFFFFFFFFFCFFFFFFFFFFFFFFB7
:104C1000FFFFFFFFFFFFFFFFFFFFFFFFFFFFFFFFA4
:104C2000FFFFFFFFFFFFFFFFFFFFFFFFFFFFFFFF94
:104C3000FFFFFFFFFFFFFFFFFFFFFFFFFFFFFFFF84
:104C4000FFFFFFFFFFFFFFFFFFFFFFFFFFFFFFFF74
:104C5000FFFFFFFFFFFFFFFFFFFFFFFFFFFFFFFF64
:104C6000FFFFFFFFFFFFFFFFFFFFFFFFFFFFFFFF54
:104C7000FFFFFFFFFFFFFFFFFFFFFFFFFFFFFFFF44
:104C8000FFFFFFFFFFFFFFFFFFFFFFFFFFFFFFFF34
:104C9000FFFFFFFFFFFFFFFFFFFFFFFFFFFFFFFF24
:104CA000FFFFFFFFFFFFFFFFFFFFFFFFFFFFFFFF14
:104CB000FFFFFFFFFFFFFFFFFFFFFFFFFFFFFFFF04
:104CC000FFFFFFFFFFFFFFFFFFFFFFFFFFFFFFFFF4
:104CD000FFFFFFFFFFFFFFFFFFFFFFFFFFFFFFFFE4
:104CE000FFFFFFFFFFFFFFFFFFFFFFFFFFFFFFFFD4
:104CF000FFFFFFFFFFFFFFFFFFFFFFFFFFFFFFFFC4
:104D0000FFFFFFFFFFFFFFFFFFFFFFFFFFFFFFFFB3
:104D1000FFFFFFFFFFFFFFFFFFFFFFFFFFFFFFFFA3
:104D2000FFFFFFFFFFFFFFFFFFFFFFFFFFFFFFFF93
:104D3000FFFFFFFFFFFFFFFFFFFFFFFFFFFFFFFF83
:104D4000FFFFFFFFFFFFFFFFFFFFFFFFFFFFFFFF73
:104D5000FFFFFFFFFFFFFFFFFFFFFFFFFFFFFFFF63
:104D6000FFFFFFFFFFFFFFFFFFFFFFFFFFFFFFFF53
:104D7000FFFFFFFFFFFFFFFFFFFFFFFFFFFFFFFF43
:104D8000FFFFFFFFFFCFFFFFFFFFFFFFFFFFFFFF63
:104D9000FFFFFFFFFFFFFFFFFC3FFFFFFFFFFFFFE6
:104DA000FFFFFFFFFFFFFFFFFFFFFFFFF303CFFF4B
:104DB000FFFFFFFFFFFFFFFFFFFFFFFFFFFFFFFC06
:104DC000300000000000000000001AA100000000F8
:104DD0000000000000000000000000000001DFFDF6
:104DE00010000000000000000000000000000000B3
:104DF000001DFFFFD10000000000000000000000C7
:104E00000000000001DFFFFFFD10000000000000B7
:104E100000000000000000001DFFFFFFFFD10000A8
:104E2000000000000000000000000001DFFFFFFFA5
:104E3000FFFD100000000000000000000000001D49
:104E4000FFFFFFFFFFFFD100000000000000000097
:104E5000000001DFFFFFFFFFFFFFFD10000000006B
:104E60000000000000001DFFFFFFFFFFFFFFFFD15C
:104E700000000000000000000001DFFFFFFFFFFF57
:104E8000FFFFFFFD1000000000000000001DFFFFFD
:104E9000FFFFFFFFFFFFFFFFD10000000000000049
:104EA00001DFFFFFFFFFFFFFFFFFFFFFFD1000001F
:104EB000000000000DFFFFFFFFFFFFFFFFFFFFFFF0
:104EC000FFD00000000000006FFFFFFFFFFFFFFFAB
:104ED000FFFFFFFFFFF50000000000002FFFFFFFB6
:104EE000FFFFFFFFFFFFFFFFFFF2000000000000D9
:104EF000003333333FFFFFFFFFF333333300000052
:104F000000000000000000000FFFFFFFFFF00000A6
:104F10000000000000000000000000000FFFFFFF85
:104F2000FFF0000000000000000000000000000092
:104F30000FFFFFFFFFF00000000000000000000076
:104F4000000000000FFFFFFFFFF000000000000066
:104F500000000000000000000FFFFFFFFFF0000056
:104F60000000000000000000000000000FFFFFFF35
:104F7000FFF0000000000000000000000000000042
:104F80000FFFFFFFFFF00000000000000000000026
:104F9000000000000FFFFFFFFFF000000000000016
:104FA00000000000000000000FFFFFFFFFF0000006
:104FB0000000000000000000000000000FFFFFFFE5
:104FC000FFF00000000000000000000000000000F2
:104FD0000FFFFFFFFFF0000000000000000344444B
:104FE000444444200FFFFFFFFFF002444444444484
:104FF000309FFFFFFFFFFF800FFFFFFFFFF008FF65
:10500000FFFFFFFFF9FFFFFFFFFFFFB007FFFFFFFD
:10501000FF700BFFFFFFFFFFFFFFFFFFFFFFFFF230
:105020000001111110003FFFFFFFFFFFFFFFFFFF17
:10503000FFFFFFFE300000000003EFFFFFFFFFFF58
:10504000FFFFFFFFFFFFFFFFFB88888888BFFFFF90
:10505000FFFFFFFFFFFFFFFFFFFFFFFFFFFFFFFF60
:10506000FFFFFFFFFFFFFFFFFFFFFFFFFFFFFFFF50
:10507000FFFFFFFFFFFFFFFFFFFFFFFFFFFFFFFF40
:10508000FFFFFFFFFFFFFFFFFFFFF902EF902EFF83
:10509000FFFFFFFFFFFFFFFFFFFFFFFFFFFFF3002B
:1050A000BF300BFFFFFFFFFFFFFFFFFFFFFFFFFF13
:1050B000FFFFFC46FFC46FFFFFEFFFFFFFFFFFFF97
:1050C000FFFFFFFFFFFFFFFFFFFFFFFFFE5EFFFF92
:1050D000FFFFFFFFFFFFFFFFFFFFFFFFFFFFFFFFE0
:1050E000E5000000000000000000000000000000DB
:1050F00000000000000000000000000000000000B0
:10510000000000004EEA6300000000000000000004
:1051100000000000000000000EFFFFFFB84000008C
:1051200000000000000000000000000005FFFFFF7D
:10513000FFFFF7000000000000000000000000007A
:1051400000CFFFFFFFFFFFF00000000000000000A5
:1051500000000000002FFFFFFFFFFFFF0000000026
:1051600000000000000000000009FFFFFFFFFFFF3C
:10517000E000000000000000000000000001FFFF50
:10518000FFFFFFFFFD000000000000000000000026
:1051900000007FFFFFFFFFFFFFD0000000000000C6
:1051A0000000000000000EFFFFFFFFFFFFFA0000FD
:1051B0000000000000000000000005FFFFFFFFFFEF
:1051C000FFFF800000000000000000000000009FC2
:1051D000FFFFFFFFFFFFF6000000000000000000DF
:1051E00000000005FFFFFFFFFFFFFF300000000091
:1051F000000000000000000006FFFFFFFFFFFFF0BF
:105200000000000000000000000000000003EFFFAD
:10521000FFFFFFFB00000000000000000000000096
:10522000000002DFFFFFFFFF700000000000000031
:105230000000000000000000BFFFFFFFF1000000C1
:1052400000000000000000000000000008FFFFFF59
:10525000FC00000000000000000000000000000052
:1052600001FFFFFFFF6000000000000000000000E1
:1052700000000000009FFFFFFFE0000000000000B2
:105280000000000000000000003FFFFFFFF70000EB
:10529000000000000000000000000000000DFFFF03
:1052A000FFFE000000000000000000000000000001
:1052B000000AFFFFFFFF6000000000000000000088
:1052C000000000000007FFFFFFFFC000000000001B
:1052D00000000000000000000006FFFFFFFFF300D9
:1052E0000000000000000496000000000006FFFF20
:1052F000FFFFF7000000000000006DFFF700000056
:105300000007FFFFFFFFFB00000000000029FFFF78
:10531000FFF40000000AFFFFFFFFFE100000000086
:1053200004BFFFFFFFFFE200003DFFFFFFFFFE2085
:10533000000000004DFFFFFFFFFFFFD0019FFFFFB8
:10534000FFFFFF30000000000EFFFFFFFFFFFFFF29
:10535000B8FFFFFFFFFFFF400000000000EFFFFF6E
:10536000FFFFFFFFFFFFFFFFFFFFFE300000000019
:10537000000AFFFFFFFFFFFFFFFFFFFFFFFFFE2011
:105380000000000000006FFFFFFFFFFFFFFFFFFFB7
:10539000FFFFFB1000000000000003FFFFFFFFFF06
:1053A000FFFFFFFFFFFFF700000000000000000FFD
:1053B000FFFFFFFFFFFFFFFFFFFFC3000000000034
:1053C00000000000BFFFFFFFFFFFFFFFFFFE6000C8
:1053D000000000000000000008FFFFFFFFFFFFFFCC
:1053E000FFE700000000000000000000004FFFFF8A
:1053F000FFFFFFFFFC600000000000000000000055
:105400000000FFFFFFFFFFFB710000000000000035
:1054100000000000000007FFEEDB86300000000007
:105420000000000000000000000000000034300018
:105430000000000000000000000000000002AFFFBC
:10544000FFA2000000000000000000000000005F5C
:10545000FFFFFFFF5000000000000007DFFD81009C
:1054600005FFFFFFFFFFF4000000000002DFFFFF69
:10547000FE401EFFFFFFFFFFFE10000000003EFF8A
:10548000FFFFFFF07FFFFFECEFFFFF700000000366
:10549000EFFFFFFFFF60CFFFFB001BFFFFC000001F
:1054A000003EFFFFFFFFF700EFFFF20002FFFFE00B
:1054B000000003EFFFFFFFFF7000FFFFF00001FFA0
:1054C000FFF000003FFFFFFFFFF70000EFFFF600D7
:1054D00006FFFFD00003FFFFFFFFFF700000AFFFDC
:1054E000FF858FFFFF90003FFFFFFFFFF7000000E9
:1054F0003FFFFFFFFFFFFFE203FFFFFFFFFF700023
:1055000000000AFFFFFFFFFFFFFE5FFFFFFFFFF747
:105510000000000000CFFFFFFFFFFFFFFFFFFFFFC6
:10552000FF70000000000008FFFFFFFFFFFFFFFF0C
:10553000FFFFF70000000000000016ABCFFFFFFFE9
:10554000FFFFFFFF7000000000000000000009FFE7
:10555000FFFFFFFFFFF70000000000000000000059
:10556000009FFFFFFFFFFF70000000000000000031
:105570000000003FFFFFFFFFFE20000000000000D2
:105580000000000003FFFFFFFFFFFFE2000000003C
:105590000000000000345FFFFFFFFFFFFFFE200060
:1055A000000000000002AFFFFFFFFFFFFFFFFFFF53
:1055B000E20000000000005FFFFFFFFFFFFFFFFFB2
:1055C000FFFFFE200000000005FFFFFFFFFFFFFFC1
:1055D000CFFFFFFFFFE2000000001EFFFFFFFFFF05
:1055E000FFF709FFFFFFFFFE200000007FFFFFEC39
:1055F000EFFFFF90009FFFFFFFFFE2000000CFFFE3
:10560000FB001BFFFFC00009FFFFFFFFFE200000A3
:10561000EFFFF20002FFFFE000009FFFFFFFFFE24D
:105620000000FFFFF00001FFFFF0000009FFFFFF97
:10563000FFFE2000EFFFF60006FFFFD00000009FF6
:10564000FFFFFFFFE200AFFFFF858FFFFFA000001D
:105650000009FFFFFFFFFE203FFFFFFFFFFFFF30BE
:10566000000000008FFFFFFFFFD00AFFFFFFFFFFDA
:10567000FA000000000008FFFFFFFFA000CFFFFFBF
:10568000FFFFC00000000000005EFFFFF700000801
:10569000FFFFFFF80000000000000000466400006B
:1056A000000016ABA6100000000000000000000083
:1056B000000000000000005EFFFFFFFFFFFFF0079B
:1056C000E4000000000000000EFFFFFFFFFFFFFFEF
:1056D000008FF400000000000000FFFFFFFFFFFF4D
:1056E000FFF008FFF40000000000000FFFFFFFFFC5
:1056F000FFFFFF008FFFF4000000000000FFFFFF2E
:10570000FFFFFFFFF008FFFFF400000000000FFFA5
:10571000FFFFFFFFFFFF008FFFFFF400000000000E
:10572000FFFFFFFFFFFFFFF008FFFFFFE068888833
:10573000400FFFFFFFFFFFFFFF0048888887BFFF84
:10574000FFF800FFFFFFFFFFFFFFF1000000000F69
:10575000FFFFFF800FFFFFFFFFFFFFFFA100000023
:1057600000FFFFFFF800FFFFFFFFFFFFFFFFFFFF4E
:10577000FFFFFFFFFFFF800FFFFFFFFFFFFFFFFFA8
:10578000FFFFFFFFFFFFFFF800FFFFFFFFFFFFFF2F
:10579000FFFFFFFFFFFFFFFFFF800FFFFFFFFFFF88
:1057A000FFFFFFFFFFFFFFFFFFFFF800FFFFFFFF0F
:1057B000FFFFFFFFFFFFFFFFFFFFFFFF800FFFFF68
:1057C000FFFFFFFFFFFFFFFFFFFFFFFFFFF800FFEF
:1057D000FFFFFFFFFFFFFFFFFFFFFFFFFFFFFF8058
:1057E0000FFFFFFFFFFFFFFFFFFFFFFFFFFFFFFFB9
:1057F000F800FFFFFFFFFFFFFFFFFFFFFFFFFFFFBF
:10580000FFFF800FFFFFFFFFFFFFFFFFFFFFFFFF17
:10581000FFFFFFF800FFFFFFFFFFFFFFFFFFFFFF9E
:10582000FFFFFFFFFF800FFFFFFFFFFFFFFFFFFFF7
:10583000FFFFFFFFFFFFF800FFFFFFFFFFFFFFFF7E
:10584000FFFFFFFFFFFFFFFF800FFFFFFFFFFFFFD7
:10585000FFFFFFFFFFFFFFFFFFF800FFFFFFFFFF5E
:10586000FFFFFFFFFFFFFFFFFFFFFF800FFFFFFFB7
:10587000FFFFFFFFFFFFFFFFFFFFFFFFF800FFFF3E
:10588000FFFFFFFFFFFFFFFFFFFFFFFFFFFF800F97
:10589000FFFFFFFFFFFFFFFFFFFFFFFFFFFFFFF81F
:1058A00000FFFFFFFFFFFFFFFFFFFFFFFFFFFFFF07
:1058B000FF800FFFFFFFFFFFFFFFFFFFFFFFFFFF67
:1058C000FFFFF800FFFFFFFFFFFFFFFFFFFFFFFFEE
:1058D000FFFFFFFF900BFFFFFFFFFFFFFFFFFFFF3B
:1058E000FFFBFFFFFFFE000688888888888888887D
:1058F0008888860FFFFFFFF900000000000000000D
:105900000000000000FFFFFFFFFB30000000000070
:105910000000000000000FFFFFFFFFFFFFFFFFFF81
:10592000FFFFFF0000000000FFFFFFFFFFFFFFFF82
:10593000FFFFFFFFF0000000000FFFFFFFFFFFFF72
:10594000FFFFFFFFFFFF0000000000EFFFFFFFFF72
:10595000FFFFFFFFFFFFFFE00000000005EFFFFF7C
:10596000FFFFFFFFFFFFFFFFE50000000000001446
:10597000444444444444444444444200000000003D
:105980008FFFFFFFFFFFFFFFFFFFFFFFFC20000077
:10599000006FFFFFFFFFFFFFFFFFFFFFFFFFFE2086
:1059A00000000DFFFFFFFFFFFFFFFFFFFFFFFFFFF7
:1059B000FE200000FFFFFFFFFFFFFFFFFFFFFFFFD5
:1059C000FFFFFE20000FFFFFDBBBBBBBBBBBBBBBB6
:1059D000BBBFFFFFFE2000FFFFF100000000000042
:1059E0000000003FFFFFFE200FFFFF00000000004F
:1059F0000000000000FFFFFFFE20FFFFF00000009E
:105A00000000000000000FFFFFFFFE1FFFFF00006F
:105A10000000000000000000FFFFFFFFFAFFFFF0A2
:105A20000000000000000000000FFFFFFFFFFFFF6D
:105A3000FF00000000000000000000FFFFFFFFFF6C
:105A4000FFFFF00000000000000000000FFFFFFF5C
:105A5000FFFFFFFF00000000000000000000FFFF4C
:105A6000FFFFFFFFFFF00000000000000000000F3C
:105A7000FFFFFFFFFFFFFF74444444444444444499
:105A800047FFFFFFFFFFFFFFFFFFFFFFFFFFFFFFDE
:105A9000FFFFFFFFFFFFFFFFFFFFFFFFFFFFFFFF16
:105AA000FFFFFFFFFFFFFFFFFFFFFFFFFFFFFFFF06
:105AB000FFFFFFFFFFFFFFFFFFFFFFFFFFFFFFFFF6
:105AC000FFFFFFFFFFFFFFFFFFFFFFFFFFFFFFFFE6
:105AD000FFFFFFFFDBDFFFFFFFFFFFFFFFFFFFFF1A
:105AE000FFFFFFFFFB20002BFFFFFFFFFFFFFFFF7C
:105AF000FFFFFFFFFFFA0000000AFFFFFFFFFFFFAD
:105B0000FFFFFFFFFFFFFF100000001FFFFFFFFF71
:105B1000FFFFFFFFFFFFFFFFA000000000AFFFFF40
:105B2000FFFFFFFFFFFFFFFFFFF80000000008FF7F
:105B3000FFFFFFFFFFFFFFFFFFFFFF9000000000E0
:105B40009FFFFFFFFFFFFFFFFFFFFFFFFD000000C4
:105B5000000DFFFFFFFFFFFFFFFFFFFFFFFFF5004F
:105B6000000005FFFFFFFFFFFFFFFFFFFFFFFFFF3D
:105B7000F4000004FFFFFFFFFFFFFFFFFFFFFFFF39
:105B8000FFFFFB646BFFFFFFFFFFFFFFFFFFFFFF58
:105B9000FFFFFFFFFFFFFFFFFFFFFFFFFFFFFFFF15
:105BA000FFFFFFFFFFFFFFFFFFFFFFFFFFFFFFFA0A
:105BB000FFFFFFFFFFFFFFFFFFFFFFFFFFFFFFFFF5
:105BC000FA1EFFFFFFFFFFFFFFFFFFFFFFFFFFFFCB
:105BD000FFFD1017BBBBBBBBBBBBBBBBBBBBBBBBDE
:105BE000BBBBB71048888888888888888888888858
:105BF00088888888883FFFFFFFFFFFFFFFFFFFFFC8
:105C0000FFFFFFFFFFFFFFFFFFFFFFFFFFFFFFFFA4
:105C1000FFFFFFFFFFFFFFFFFFFFFFFFFFFFFFFF94
:105C2000FFFFFFFFFFFFFFFFFFFFFFFFFFFFFFFF84
:105C3000FFFFFFFFFFFFFFFFFFFFFFFCFFFFFFFF77
:105C4000FFFFFFFFFFFFFFFFFFFFFFFFFC01111141
:105C50001111111111111111111111111111000056
:105C60000000000000000000000000000000000034
:105C70000000000000000000000000000000000024
:105C80000000000000000000000000000000000014
:105C90000000000000000000000000000000000004
:105CA00000000000000000000000000000000000F4
:105CB00000000000000000000000000000000000E4
:105CC0000000000000000005AAAAAAAAAAAAAAAA7F
:105CD000AAAAAAAAAAAAAAAAA5FFFFFFFFFFFFFFD6
:105CE000FFFFFFFFFFFFFFFFFFFFFFFFFFFFFFFFC4
:105CF000FFFFFFFFFFFFFFFFFFFFFFFFFFFFFFFFB4
:105D0000FFFFFFFFFFFFFFFFFFFFFFFFFFFFFFFFA3
:105D1000FFFFFFFFFFFFFFFFFFFFFFFFFFFFFFAFE3
:105D2000FFFFFFFFFFFFFFFFFFFFFFFFFFFFFFFF83
:105D300090000000000000000000000000000000D3
:105D40000000000000000000000000000000000053
:105D50000000000000000000000000000000000043
:105D60000000000000000000000000000000000033
:105D70000000000000000000000000000000000023
:105D80000000000000000000000000000000000013
:105D900000000000000000000004888888888888CF
:105DA0008888888888888888888883FFFFFFFFFF25
:105DB000FFFFFFFFFFFFFFFFFFFFFFFFFFFFFFFFF3
:105DC000FFFFFFFFFFFFFFFFFFFFFFFFFFFFFFFFE3
:105DD000FFFFFFFFFFFFFFFFFFFFFFFFFFFFFFFFD3
:105DE000FFFFFFFFFFFFFFFFFFFFFFFFFFFFFFFFC3
:105DF000FFCFFFFFFFFFFFFFFFFFFFFFFFFFFFFFE3
:105E0000FFFFC011111111111111111111111111F7
:105E10001111111003CFFFFFFFFFFFFFFFFFFFFF77
:105E2000FFFFFFFFFFFFFC303FFFFFFFFFFFFFFF14
:105E3000FFFFFFFFFFFFFFFFFFFFFFF3CFFFFFFFAE
:105E4000FFFFFFFFFFFFFFFFFFFFFFFFFFFFFFFC65
:105E5000FFFFFFFFFFFFFFFFFFFFFFFFFFFFFFFF52
:105E6000FFFFFFFFFFFFFFFFFFFFFFFFFFFFFFFF42
:105E7000FFFFFFFFFFFFFFFFFFFFFFFFFFFFFFFF32
:105E8000FFFFFFFFFFFFFFFFFFFFFFFE7FFFFFFFA3
:105E9000FFFFFFFFFFFFFFFFFFFFFFFFFFFFFFF71A
:105EA00005FFFFFFFFFFFFFFFFFFFFFFFFFFFFFFFC
:105EB000FFFFFF50002CFFFFFFFFFFFFFFFFFFFF73
:105EC000FFFFFFFFFFFFD20010009FFFFFFFFFFF5C
:105ED000FFFFFFFFFFFFFFFFFFF90001F80005FFD5
:105EE000FFFFFFFFFFFFFFFFFFFFFFFFFF50008FE0
:105EF000FFC1002CFFFFFFFFFFFFFFFFFFFFFFFFC2
:105F0000C2001CFFFFFE50008FFFFFFFFFFFFFFFDF
:105F1000FFFFFFF80004EFFFFFFFF90004EFFFFFB2
:105F2000FFFFFFFFFFFFFE40008FFFFFFFFFFFD2DD
:105F3000001BFFFFFFFFFFFFFFFFB1002CFFFFFF74
:105F4000FFFFFFFF60007FFFFFFFFFFFFFF7000580
:105F5000FFFFFFFFFFFFFFFFFA0003EFFFFFFFFF61
:105F6000FE3000AFFFFFFFFFFFFFFFFFFFD3000A80
:105F7000FFFFFFFFA0003DFFFFFFFFFFFFFFFFFF51
:105F8000FFFF70006FFFFFF60007FFFFFFFFFFFF3F
:105F9000FFFFFFFFFFFFFA00019EE91000AFFFFFC8
:105FA000FFFFFFFFFFFFFFFFFFFFFFD30000000029
:105FB0003DFFFFFFFFFFFFFFFFFFFFFFFFFFFFFFB3
:105FC00091000019FFFFFFFFFFFFFFFFFFFFFFFF33
:105FD000FFFFFFFFFFB99BFFFFFFFFFFFFFFFFFF7B
:105FE000FFFFFFFFFFFFFFFFFFFFFFFFFFFFFFFFC1
:105FF000FFFFFFFFFFFFFFFFFFFFFFFFFFFFFFFFB1
:10600000FFFFFFFFFFFFFFFFFFFFFFFFFFFFFFFFA0
:10601000FFFFFFFFFFFFFFFFFFFFFFFFFFFFFFFF90
:10602000FFFFFFFFFFFFFFFFFFFFFFFFFFFFFFFF80
:10603000CFFFFFFFFFFFFFFFFFFFFFFFFFFFFFFFA0
:10604000FFFFFFFC3FFFFFFFFFFFFFFFFFFFFFFF23
:10605000FFFFFFFFFFFFFFF303CFFFFFFFFFFFFF88
:10606000FFFFFFFFFFFFFFFFFFFFFC300000BFFF50
:10607000FFFFFFFFFB0000000000006FFFFFFFFFBE
:10608000FFFFF6000000000009FFFFFFFFFFFFFF1A
:10609000500000000000CFFFFFFFFFFFFFF10000F6
:1060A0000000000EFFFFFFFFFFFFFB0000000000ED
:1060B00000FFFFFFFFFFFFFF6000000000002FFF59
:1060C000FFFFFFFFFFF1000000000004FFFFFFFFE4
:1060D000FFFFFC0000000000006FFFFFFFFFFFFF5D
:1060E00060000000000008FFFFFFFFFFFFF100005D
:1060F00000000000AFFFFFFFFFFFFC0000000000FA
:10610000000DFFFFFFFFFFFF70000000000000FF19
:10611000FFFFFFFFFFF98888888860001FFFFFFFEF
:10612000FFFFFFFFFFFFFFFFB003FFFFFFFFFFFFCA
:10613000FFFFFFFFFFFF005FFFFFFFFFFFFFFFFF0E
:10614000FFFFFFA007FFFFFFFFFFFFFFFFFFFFFFB6
:10615000F1009FFFFFFFFFFFFFFFFFFFFFF7000CB6
:10616000FFFFFFFFFFFFFFFFFFFFFE0000EFFFFF4E
:10617000FFFFFFFFFFFFFFFF50000FFFFFFFFFFFCD
:10618000FFFFFFFFFFC00000BFFFFFFFFFFFFFFF9C
:10619000FFFFF30000006888888888FFFFFFFFF991
:1061A00000000000000000001FFFFFFFFF100000C4
:1061B000000000000004FFFFFFFF7000000000006F
:1061C0000000008FFFFFFFD0000000000000000073
:1061D0000CFFFFFFF4000000000000000000FFFFC4
:1061E000FFFB0000000000000000004FFFFFFF2049
:1061F000000000000000000007FFFFFF800000001B
:10620000000000000000BFFFFFE0000000000000F1
:106210000000000FFFFFF60000000000000000007B
:1062200003FFFFFC000000000000000000007FFFF3
:10623000FF300000000000000000000AFFFFA00087
:10624000000000000000000000EFFFF1000000006F
:106250000000000000002FFFF70000000000000019
:1062600000000005FFFE000000000000000000002C
:10627000006FFF500000000000000000000000BFA1
:10628000800000000000000000000000019EFE9160
:106290000000000000000000000000000002EFFF0E
:1062A000FFE200000000000000000006888888CFA0
:1062B000FFFFFFC888888600000000000BFFFFFF7B
:1062C000FFFF727FFFFFFFFFFB0000000000FFFFEA
:1062D000FFFFFFB000BFFFFFFFFFF0000000000F57
:1062E000FFFFFFFFFB000BFFFFFFFFFF00000000B1
:1062F00000FFFFFFFFFFF727FFFFFFFFFFF000009A
:1063000000000FFFFFFFFFFFFFFFFFFFFFFFFF008A
:1063100000000000FFFFFFFFFFFFFFFFFFFFFFFF89
:10632000F0000000000FFFFFFFFFFFFFFFFFFFFF78
:10633000FFFF0000000000FFFFFFFFFFFF710000F4
:1063400000000000000000000FFFFFFFFFFF200023
:1063500000000000000000000000FFFFFFFFFF70D2
:1063600003788888888880036000000FFFFFFFFFA4
:10637000F103FFFFFFFFFFFF008FB00000FFFFFFF3
:10638000FFFF007FFFFFFFFFFFF008FFB0000FFFE0
:10639000FFFFFFF008FFFFFFFFFFFF008FFFB000D0
:1063A000FFFFFFFFFF008FFFFFFFFFFFF008FFFF72
:1063B000B00FFFFFFFFFF008FFFFFFFFFFFF008FA1
:1063C000FFFFB0FFFFFFFFFF008FFFFFFFFFFFF0AA
:1063D00008FFFFFFAFFFFFFFFFF008FFFFFFFFFF1A
:1063E000FF008FFFFFFFFFFFFFFFFF008FFFFFFF9B
:1063F000FFFFF0000000000FFFFFFFFFF008FFFFAE
:10640000FFFFFFFF4000000000FFFFFFFFFF008FC6
:10641000FFFFFFFFFFFF988888888FFFFFFFFFF0D7
:1064200008FFFFFFFFFFFFFFFFFFFFFFFFFFFFFF73
:10643000FF008FFFFFFFFFFFFFFFFFFFFFFFFFFFDB
:10644000FFFFF008FFFFFFFFFFFFFFFFFFFFFFFF62
:10645000FFFFFFFF008FFFFFFFFFFFFFFFFFFFFFBB
:10646000FFFFFFFFFFF008FFFFFFFFFFFFFFFFFF42
:10647000FFFFFFFFFFFFFF008FFFFFFFFFFFFFFF9B
:10648000FFFFFFFFFFFFFFFFF008FFFFFFFFFFFF22
:10649000FFFFFFFFFFFFFFFFFFFF008FFFFFFFFF7B
:1064A000FFFFFFFFFFFFFBFFFFFFFFF008FFFFFF06
:1064B000FFFFFFFFFFFFFFFF0688888888008FFF30
:1064C000FFFFFFFFFFFFFFFFFFF0000000000008DD
:1064D000FFFFFFFFFFFFFFFFFFFFFF0000000000C7
:1064E000008FFFFFFFFFFFFFFFFFFFFFF000000037
:1064F000000008FFFFFFFFFFFFFFFFFFFFFF00009F
:10650000000000008FFFFFFFFFFFFFFFFFFFFFF016
:10651000000000000008FFFFFFFFFFFFFFFFFFFF7D
:10652000FF0000000000006FFFFFFFFFFFFFFFFF05
:10653000FFFFE0000000000000BFFFFFFFFFFFFFC4
:10654000FFFFFFE50000000000000001BFB10000F8
:1065500000000000000000000000000000BFFFB0CD
:1065600000000000000000000000000000000FFF1D
:10657000FF0000000000000000000000000000001C
:10658000FFFFF0000000000000000000000000001D
:1065900017BFFFFFB7100000000000000000000060
:1065A000019FFFFFFFFFFF910000000000000000BF
:1065B0000004EFFFFFFFFFFFFFE40000000000000A
:1065C000000005FFFFFFFFFFFFFFFFF500000000D9
:1065D00000000004FFFFFFFFFFFFFFFFFFF40000CC
:1065E0000000000001EFFFFFFFFFFFFFFFFFFFE0E4
:1065F0000000000000009FFFFFFFFFFFFFFFFFFF05
:10660000FF8000000000001FFFFFFFFFFFFFFFFFF4
:10661000FFFFFF100000000006FFFFFFFFFFFFFF6E
:10662000FFFFFFFFF60000000000AFFFFFFFFFFFCE
:10663000FFFFFFFFFFFFA0000000000DFFFFFFFFB7
:10664000FFFFFFFFFFFFFFFD0000000000FFFFFF57
:10665000FFFFFFFFFFFFFFFFFFF0000000000FFF45
:10666000FFFFFFFFFFFFFFFFFFFFFF000000000134
:10667000FFFFFFFFFFFFFFFFFFFFFFFFF100000035
:10668000002FFFFFFFFFFFFFFFFFFFFFFFFF2000C7
:10669000000003FFFFFFFFFFFFFFFFFFFFFFFFF310
:1066A000000000006FFFFFFFFFFFFFFFFFFFFFFF86
:1066B000FF6000000009FFFFFFFFFFFFFFFFFFFF7C
:1066C000FFFFF900000000DFFFFFFFFFFFFFFFFFFC
:1066D000FFFFFFFFD00000002FFFFFFFFFFFFFFFC6
:1066E000FFFFFFFFFFFF20000008FFFFFFFFFFFF8E
:1066F000FFFFFFFFFFFFFFF8000001FFFFFFFFFFAD
:10670000FFFFFFFFFFFFFFFFFFE10000BFFFFFFFF5
:10671000FFFFFFFFFFFFFFFFFFFFFFB0009FFFFF37
:10672000FFFFFFFFFFFFFFFFFFFFFFFFFF906FFF78
:10673000FFFFFFFFFFFFFFFFFFFFFFFFFFFFFF6EFA
:10674000FFFFFFFFFFFFFFFFFFFFFFFFFFFFFFFF59
:10675000FEEFFFFFFFFFFFFFFFFFFFFFFFFFFFFF5A
:10676000FFFFE7FFFFFFFFFFFFFFFFFFFFFFFFFF51
:10677000FFFFFFF704788888888888888888888859
:106780008888888874000000000000000000000075
:1067900000000000000000000000000000000000F9
:1067A000000000000000000000000000000007FFE3
:1067B000FFFFFFF7000000000000000000000000E5
:1067C0004FFFFFFFFF40000000000000000000003E
:1067D0000000DFFFFFFFC00000000000000000001D
:1067E00000000002EFFFFFE20000000000000000D8
:1067F0000000000000019EFE91000000000000006B
:1068000003CFFFFFFFFFFFFFFFFFFFFFFFFFFFFFC4
:10681000FFFFFFFFFFC303FFFFFFFFFFFFFFFFFFC0
:10682000FFFFFFFFFFFFFFFFFFFFFFFFF3CFFFFFB4
:10683000FFFFFFFFFFFFFFFFFFFFFFFFFFFFFFFF68
:10684000FFFFFFCFFFFFFFFFFFFFFFFFFFFFFFFF88
:10685000FFFFFFFFFFFFFFFFFFFFFFFFFFFFFFFF48
:10686000FFFFFFFFFFFFFFFFFFFFFFFFFFFFFFFF38
:10687000FFFFFF30003FFB0000BFF30003FFB0004D
:106880000BFF30003FFFFFFFFFF00000FF8000081C
:10689000FF00000FF800008FF00000FFFFFFFFFF78
:1068A00000000FF800008FF00000FF800008FF00DC
:1068B000000FFFFFFFFFF00000FF800008FF000057
:1068C0000FF800008FF00000FFFFFFFFFF30003FD8
:1068D000FB0000BFF30003FFB0000BFF30003FFFE1
:1068E000FFFFFFFFFFFFFFFFFFFFFFFFFFFFFFFFB8
:1068F000FFFFFFFFFFFFFFFFFFFFFFFFFFFFFFFFA8
:10690000FFFFFFFFFFFFFFFFFFFFFFFFFFFFFFFF97
:10691000FFFFF9888BFFD888AFFE8888BFFD888984
:10692000FFFFFFFFFFFFFFFFFC00001FF70000FF5E
:10693000900001FF70000CFFFFFFFFFFFFFFFFC093
:106940000001FF60000EF900001FF60000CFFFFFFE
:10695000FFFFFFFFFFFC00001FF60000EF900001AB
:10696000FF60000CFFFFFFFFFFFFFFFFC00001FF04
:1069700070000FF900001FF70000CFFFFFFFFFFFBF
:10698000FFFFFF9888BFFD888AFFE8888BFFD888C3
:106990009FFFFFFFFFFFFFFFFFFFFFFFFFFFFFFF67
:1069A000FFFFFFFFFFFFFFFFFFFFFFFFFFFFFFFFF7
:1069B000FFFFFFFFFFFFFFFFFFFFFFFFFFFFFFFFE7
:1069C000FFFFFFFFF30003FFB00000000000000026
:1069D0000000BFF30003FFFFFFFFFF00000FF80000
:1069E000000000000000000008FF00000FFFFFFF94
:1069F000FFF00000FF800000000000000000008F9A
:106A0000F00000FFFFFFFFFF00000FF80000000094
:106A1000000000000008FF00000FFFFFFFFFF30071
:106A200003FFB0000000000000000000BFF30003FF
:106A3000FFFFFFFFFFFFFFFFFFFFFFFFFFFFFFFF66
:106A4000FFFFFFFFFFFFFFFFFFFFFFFFFFFFFFFF56
:106A5000FFFFFFFFFFFFFFFFFFFFFFFFFFFFFFFC49
:106A6000FFFFFFFFFFFFFFFFFFFFFFFFFFFFFFFF36
:106A7000FFFFFFFFFFFC3FFFFFFFFFFFFFFFFFFFE9
:106A8000FFFFFFFFFFFFFFFFFFFFFFFF303CFFFFA8
:106A9000FFFFFFFFFFFFFFFFFFFFFFFFFFFFFFFF06
:106AA000FFFC3000000000000000000000000000BB
:106AB00000000000000000000000000000000000D6
:106AC00000000000000000000018EFA1000000001E
:106AD000000000000000000000000000003AFFFF7E
:106AE000FE10000000000000000000000000000098
:106AF000004BFFFFFFFFA0000000000000000000AF
:106B000000000000005CFFFFFFFFFFF0000000003E
:106B10000000000000000000006EFFFFFFFFFFFF0D
:106B2000E00000000000000000000000018EFFFFF8
:106B3000FFFFFFFFFF8000000000000000000000DA
:106B4000029FFFFFFFFFFFFFFFFF1000000000009C
:106B50000000000003AFFFFFFFFFFFFFFFFFFA0091
:106B6000000000000000000004CFFFFFFFFFFFFF58
:106B7000FFFFFFF3000000000000000006DFFFFF42
:106B8000FFFFFFFFFFFFFFFFB0000000000000005D
:106B900007EFFFFFFFFFFFFFFFFFFFFFFF400000CA
:106BA0000000000018FFFFFFFFFFFFFFFFFFFFFFD8
:106BB000FFFC0000000000002AFFFFFFFFFFFFFFB7
:106BC000FFFFFFFFFFFFF500000000004BFFFFFF8E
:106BD000FFFFFFFFFFFFFFFFFFFFFFE000000000E0
:106BE0005CFFFFFFFFFFFFFFFFFFFFFFFFFFFFFF58
:106BF000600000004DFFFFFFFFFFFFFFFFFFFFFFF3
:106C0000FFFFFFFFFE00000004FFFFFFFFFFFFFF8D
:106C1000FFFFFFFFFFFFFFFFFFF80000000CFFFF7B
:106C2000FFFFFFFFFFFFFFFFFFFFFFFFFFFFF10081
:106C300000000FFFFFFFFFFFFFFFFFFFFFFFFFFF52
:106C4000FFFFFF900000000EFFFFFFFFFFFFFFFFB1
:106C5000FFFFFFFFFFFFFFFF2000000009FFFFFF16
:106C6000FFFFFFFFFFFFFFFFFFFFFFFFFA00000036
:106C70000000CFFFFFFFFFFFFFFFFFFFFFFFFFFF52
:106C8000FFF300000000000478888888888888CF97
:106C9000FFFFFFFFFFFFC00000000000000000003A
:106CA000000000008FFFFFFFFFFFFF40000000001B
:106CB0000000000000000000008FFFFFFFFFFFFD4D
:106CC00000000000000000000000000000008FFF36
:106CD000FFFFFFFFF60000000000000000000000C2
:106CE0000000008FFFFFFFFFFFE00000000000003A
:106CF00000000000000000008FFFFFFFFFFF70009A
:106D0000000000000000000000000000008FFFFFF6
:106D1000FFFFFF0000000000000000000000000076
:106D200000008FFFFFFFFFF80000000000000000E0
:106D3000000000000000008FFFFFFFFFF1000000D7
:106D40000000000000000000000000008FFFFFFFB7
:106D5000FFA0000000000000000000000000000094
:106D6000008FFFFFFFFF2000000000000000000078
:106D70000000000000008FFFFFFFFB00000000008C
:106D800000000000000000000000008FFFFFFFF384
:106D900000000000000000000000000000000000F3
:106DA0008FFFFFFFC0000000000000000000000097
:106DB00000000000007FFFFFFF5000000000000007
:106DC000000000000000000000003FFFFFFD000089
:106DD0000000000000000000000000000000000AA9
:106DE000FFFFF300000000000000000000000000B2
:106DF00000000000008EFB300000000000000000DA
:106E00000000000000000000000000000000000082
:106E100000000000005EFFFFFFFFFFFFFFF800FA29
:106E200000000000EFFFFFFFFFFFFFFFF800FFB0D3
:106E3000000000FFFFFFFFFFFFFFFFF800FFFB0068
:106E40000000FFFFFFFFFFFFFFFFF800FFFFB000A4
:106E500000FFFFFFFFFFFFFFFFF800FFFFFB000049
:106E6000FFFFFFFFFFFFFFFFF800FFFFFFB000FF86
:106E7000FFFFFFFFFFFFFFF800FFFFFFFB00FFFF2B
:106E8000FFFFFFFFFFFFF800FFFFFFFFB0FFFFFF67
:106E9000FFFFFFFFFFF800FFFFFFFFFAFFFFFFFF0D
:106EA000FFFFFFFFF800FFFFFFFFFFFFFFFFFFFFF8
:106EB000FFFFFFF8000000000000FFFFFFFFFFFFE3
:106EC000FFFFFC000000000000FFFFFFFFFFFFFFCF
:106ED000FFFFC88888888888FFFFFFFFFFFFFFFF4C
:106EE000FFFFFFFFFFFFFFFFFFFFFFFFFFFFFFFFB2
:106EF000FFFFFFFFFFFFFFFFFFFFFFFFFFFFFFFFA2
:106F0000FFFFFFFFFFFFFFFFFFFFFFFFFFFFFFFF91
:106F1000FFFFFFFFFFFFFFFFFFFFFFFFFFFFFFFF81
:106F2000FFFFFFFFFFFFFFFFFFFFFFFFFFFFFFFF71
:106F3000FFFFFFFFFFFFFFFFFFFFFFFFFFFFFFFF61
:106F4000FFFFFFFFFFFFFFFFFFFFFFFFFFFFFFFF51
:106F5000FFFFFFFFFFFFFFFFFFFFFFFFFFFFFFFF41
:106F6000FFFFFFFFFFFFFFFFFFFFFFFFFFFFFFFF31
:106F7000FFFFFFFFFFFFFFFFFFFFFFFFFFFFFFFF21
:106F8000FFFFFFFFFFFFFFFFFFFFFFFFFFFFFFFF11
:106F9000FFFFFFFFFFFFFFFFFFFFFFFFFFFFFFFF01
:106FA000FFFFFFFFFFFFFFFFFFFFFFFFFFFFFFFFF1
:106FB000FFFFFFFFFFFFFFFFFFFFFFFFFFFFFFFFE1
:106FC000FFFFFFFFFFFFFFFFFFFFFFFFFFFFFFFFD1
:106FD000FFFFFFFFFFFFFFFFFFFFFFFFFFFFFFFFC1
:106FE000FFFFFFFFFFFFFFFFFFFFFFFFFFFFFFFFB1
:106FF000FFFFFFFFFFFFFFFFFFFFFFFFFFFFFFFFA1
:10700000FFFFFFFFFFFFFFFFFFFFFFFFFFFFFFFF90
:10701000FFFFFFFFFFFFFFFFFFFFFFFFFFFFFFFF80
:10702000FFFFFFFFFFFFFFFFFFFFFFFFFFFFFFFF70
:10703000FFFFFFFFFFFFFFFFFFFFFFFFFFFFFFFF60
:10704000FFFFFFFFFFFFFFFFFFFFFFFFFFFFFFEF60
:10705000FFFFFFFFFFFFFFFFFFFFFFFFFFFE5EFFE2
:10706000FFFFFFFFFFFFFFFFFFFFFFFFE500000047
:107070000000000000000000000000000000000010
:1070800000000000000000000000000000000001FF
:1070900045788887541000000000000000000000C0
:1070A000000000000000048BFFFFFFFFFFFFFFB8A0
:1070B00040000000000000000000000000005AFF37
:1070C000FFFFFFFFFFFFFFFFFFFFA5000000000025
:1070D0000000000000018EFFFFFFFFFFFFFFFFFF2A
:1070E000FFFFFFFFE81000000000000000019FFF0D
:1070F000FFFFFFFFFFFFFFFFFFFFFFFFFFFFF91095
:107100000000000000007FFFFFFFFFFFFFFFFFFF09
:10711000FFFFFFFFFFFFFFFFF700000000003DFF44
:10712000FFFFFFFFFFFFFFDDCCDDFFFFFFFFFFFFE6
:10713000FFFFD300000007FFFFFFFFFFFFEA731010
:107140000000000137AEFFFFFFFFFFFF700000BF30
:10715000FFFFFFFFFE930000000000000000004959
:10716000EFFFFFFFFFFB001CFFFFFFFFFD600000C4
:1071700000000000000000000006DFFFFFFFFFC16D
:10718000DFFFFFFFFE7000000000000000000000B5
:1071900000000007EFFFFFFFFDDFFFFFFFA1000082
:1071A000000000000000000000000000001AFFFFC7
:1071B000FFFD2EFFFFF500000000000000000000B2
:1071C000000000000000005FFFFFE202EFFD200072
:1071D00000000000269BDEFFEDB962000000000009
:1071E00002DFFE20002DB100000000017DFFFFFF47
:1071F000FFFFFFFFD710000000001BD200000000BF
:1072000000000002AFFFFFFFFFFFFFFFFFFFFA20BC
:107210000000000000000000000000008FFFFFFFE2
:10722000FFFFFFFFFFFFFFFFF8000000000000006E
:10723000000000003DFFFFFFFFFFFFFFFFFFFFFF1C
:10724000FFFFD300000000000000000005FFFFFF6B
:10725000FFFFFFFFFFFFFFFFFFFFFFFF50000000EA
:1072600000000000002FFFFFFFFFFFC96544569C90
:10727000FFFFFFFFFFF200000000000000001FFF03
:10728000FFFFFD71000000000017DFFFFFFFF100AE
:107290000000000000000003FFFFFE60000000008F
:1072A00000000006EFFFFF300000000000000000BB
:1072B000003FFFB10000000000000000001BFFF3D2
:1072C0000000000000000000000003C700000000F4
:1072D000000000000000007C300000000000000002
:1072E000000000000000000000000000000000009E
:1072F000000000000000000000000000000000008E
:107300000000013310000000000000000000000039
:1073100000000000000000000000009FFFF90000D6
:10732000000000000000000000000000000000005D
:107330000000000CFFFFFFC0000000000000000084
:107340000000000000000000000000007FFFFFFFC1
:10735000F700000000000000000000000000000036
:107360000000000000DFFFFFFFFD00000000000044
:107370000000000000000000000000000000FFFF0F
:10738000FFFFFF0000000000000000000000000000
:1073900000000000000000EFFFFFFFFE0000000003
:1073A00000000000000000000000000000000000DD
:1073B000AFFFFFFFFA000000000000000000000027
:1073C0000000000000000000003FFFFFFFF200008F
:1073D00000000000000000000000000000000000AD
:1073E000000005FFFFFF400000000000000000005B
:1073F00000000000000000000000000017AA71005B
:107400000000000000000000000000144444444458
:10741000444444444444444444444444444444442C
:1074200020000008FFFFFFFFFFFFFFFFFFFFFFFF40
:10743000FFFFFFFFFFFFFFFFFFFD20006FFFFFFFCC
:10744000FFFFFFFFFFFFFFFFFFFFFFFFFFFFFFFF4C
:10745000FFFFFFE000DFFFFFFFFFFFFFFFFFFFFF7A
:10746000FFFFFFFFFFFFFFFFFFFFFFFFF500FFFF35
:10747000FFFFFFFFFFFFFFFFFFFFFFFFFFFFFFFF1C
:10748000FFFFFFFFFFF700FFFFFBBBBBBBBBBBBBAF
:10749000BBBBBBBBBBBBBBBBBBBBBBBBDFFFFA3020
:1074A000FFFFF000000000000000000000000000EE
:1074B00000000000008FFFFFF9FFFFF00000000058
:1074C00000000000000000000000000000008FFF2E
:1074D000FFFFFFFFF008FFFFFFFFFFFFFFFFFFFFC2
:1074E000FFFFFFFFFFFF008FFFFFFFFFFFF008FF21
:1074F000FFFFFFFFFFFFFFFFFFFFFFFFFFFFFF009B
:107500008FFFFFFFFFFFF008FFFFFFFFFFFFFFFF01
:10751000FFFFFFFFFFFFFFFF005BBFFFFFFFFFF06D
:1075200008FFFFFFFFFFFFFFFFFFFFFFFFFFFFFF62
:10753000FF00000FFFFFFFFFF008FFFFFFFFFFFF4F
:10754000FFFFFFFFFFFFFFFFFFFF00000FFFFFFF39
:10755000FFF008FFFFFFFFFFFFFFFFFFFFFFFFFF41
:10756000FFFFFF00000FFFFFFFFFF008FFFFFFFF1F
:10757000FFFFFFFFFFFFFFFFFFFFFFFF00000FFF09
:10758000FFFFFFF008FFFFFFFFFFFFFFFFFFFFFF11
:10759000FFFFFFFFFF00244FFFFFFFFFF008FFFF8B
:1075A000FFFFFFFFFFFFFFFFFFFFFFFFFFFF008F5A
:1075B000FFFFFFFFFFF008FFFFFFFFFFFFFFFFFFE1
:1075C000FFFFFFFFFFFFFF008FFFFFFFFFFFF00048
:1075D00000000000000000000000000000000000AB
:1075E000008FFFFFFFFFFFF0000000000000000021
:1075F000000000000000000000008FFFFFFDFFFF03
:10760000F44444444444444444444444444444448A
:10761000444444AFFFFDA2FFFFFFFFFFFFFFFFFF5A
:10762000FFFFFFFFFFFFFFFFFFFFFFFFFFFFF70071
:10763000FFFFFFFFFFFFFFFFFFFFFFFFFFFFFFFF5A
:10764000FFFFFFFFFFFFFFF700AFFFFFFFFFFFFFA1
:10765000FFFFFFFFFFFFFFFFFFFFFFFFFFFFFFFF3A
:10766000F2001EFFFFFFFFFFFFFFFFFFFFFFFFFF17
:10767000FFFFFFFFFFFFFFFFFF7000017BBBBBBBF6
:10768000BBBBBBBBBBBBBBBBBBBBBBBBBBBBBBBB4A
:10769000BBA40000001444444444444444444444CF
:1076A0004444444444444444444420000008FFFF0C
:1076B000FFFFFFFFFFFFFFFFFFFFFFFFFFFFFFFFDA
:1076C000FFFFFFFD20006FFFFFFFFFFFFFFFFFFF3A
:1076D000FFFFFFFFFFFFFFFFFFFFFFFFFFE000DFF8
:1076E000FFFFFFFFFFFFFFFFFFFFFFFFFFFFFFFFAA
:1076F000FFFFFFFFFFFFF500FFFFFFFFFFFFFFFFA3
:10770000FFFFFFFFFFFFFFFFFFFFFFFFFFFFFFF791
:1077100000FFFFFBBBBBBBBBBBBBBBBBBBBBBBBBAC
:10772000BBBBBBBBBBBBDFFFFA30FFFFF000000001
:107730000000000000000000000000000000008FBA
:10774000FFFFF9FFFFF00000000000000000000054
:1077500000000000000000008FFFFFFFFFFFF00BA4
:10776000FFFFFFFFFFFFFFFFFFFFFFFF40000000E5
:10777000008FFFFFFFFFFFF00BFFFFFFFFFFFFFF8B
:10778000FFFFFFFFFF40000000008FFFFFFFFFFF34
:10779000F00BFFFFFFFFFFFFFFFFFFFFFFFF4000BA
:1077A0000000005BBFFFFFFFFFF00BFFFFFFFFFFCD
:1077B000FFFFFFFFFFFFFF4000000000000FFFFF83
:1077C000FFFFF00BFFFFFFFFFFFFFFFFFFFFFFFFCC
:1077D0004000000000000FFFFFFFFFF00BFFFFFF66
:1077E000FFFFFFFFFFFFFFFFFF4000000000000F53
:1077F000FFFFFFFFF00BFFFFFFFFFFFFFFFFFFFF9C
:10780000FFFF4000000000000FFFFFFFFFF00BFF35
:10781000FFFFFFFFFFFFFFFFFFFFFF400000000033
:10782000244FFFFFFFFFF00BFFFFFFFFFFFFFFFFF6
:10783000FFFFFFFF40000000008FFFFFFFFFFFF092
:107840000BFFFFFFFFFFFFFFFFFFFFFFFF400000F9
:1078500000008FFFFFFFFFFFF000000000000000AE
:1078600000000000000000000000008FFFFFFFFF8D
:10787000FFF0000000000000000000000000000019
:10788000000000008FFFFFFDFFFFF4444444444428
:1078900044444444444444444444444444AFFFFDC9
:1078A000A2FFFFFFFFFFFFFFFFFFFFFFFFFFFFFF45
:1078B000FFFFFFFFFFFFFFFFF700FFFFFFFFFFFFDF
:1078C000FFFFFFFFFFFFFFFFFFFFFFFFFFFFFFFFC8
:1078D000FFF700AFFFFFFFFFFFFFFFFFFFFFFFFF0F
:1078E000FFFFFFFFFFFFFFFFFFFFF2001EFFFFFF95
:1078F000FFFFFFFFFFFFFFFFFFFFFFFFFFFFFFFF98
:10790000FFFFFF7000017BBBBBBBBBBBBBBBBBBBFB
:10791000BBBBBBBBBBBBBBBBBBBBBBA400000014A6
:107920004444444444444444444444444444444417
:107930004444444420000008FFFFFFFFFFFFFFFF17
:10794000FFFFFFFFFFFFFFFFFFFFFFFFFFFD200027
:107950006FFFFFFFFFFFFFFFFFFFFFFFFFFFFFFFC7
:10796000FFFFFFFFFFFFFFE000DFFFFFFFFFFFFF65
:10797000FFFFFFFFFFFFFFFFFFFFFFFFFFFFFFFF17
:10798000F500FFFFFFFFFFFFFFFFFFFFFFFFFFFF10
:10799000FFFFFFFFFFFFFFFFFFF700FFFFFBBBBB8A
:1079A000BBBBBBBBBBBBBBBBBBBBBBBBBBBBBBBB27
:1079B000DFFFFA30FFFFF0000000000000000000D1
:1079C0000000000000000000008FFFFFF9FFFFF043
:1079D00000000000000000000000000000000000A7
:1079E00000008FFFFFFFFFFFF008FFFFFFFFFFFF1B
:1079F000FFFFF000000000000000008FFFFFFFFF0E
:107A0000FFF008FFFFFFFFFFFFFFFFF00000000097
:107A1000000000008FFFFFFFFFFFF008FFFFFFFFE8
:107A2000FFFFFFFFF000000000000000005BBFFF51
:107A3000FFFFFFF008FFFFFFFFFFFFFFFFF0000069
:107A4000000000000000000FFFFFFFFFF008FFFF35
:107A5000FFFFFFFFFFFFF00000000000000000003C
:107A60000FFFFFFFFFF008FFFFFFFFFFFFFFFFF02B
:107A70000000000000000000000FFFFFFFFFF00803
:107A8000FFFFFFFFFFFFFFFFF0000000000000000E
:107A900000000FFFFFFFFFF008FFFFFFFFFFFFFFEA
:107AA000FFF00000000000000000244FFFFFFFFF78
:107AB000F008FFFFFFFFFFFFFFFFF00000000000E6
:107AC0000000008FFFFFFFFFFFF008FFFFFFFFFF39
:107AD000FFFFFFF000000000000000008FFFFFFF2D
:107AE000FFFFF000000000000000000000000000A8
:107AF00000000000008FFFFFFFFFFFF0000000000C
:107B000000000000000000000000000000008FFFE7
:107B1000FFFDFFFFF444444444444444444444448B
:107B200044444444444444AFFFFDA2FFFFFFFFFF31
:107B3000FFFFFFFFFFFFFFFFFFFFFFFFFFFFFFFF55
:107B4000FFFFF700FFFFFFFFFFFFFFFFFFFFFFFF4C
:107B5000FFFFFFFFFFFFFFFFFFFFFFF700AFFFFF8C
:107B6000FFFFFFFFFFFFFFFFFFFFFFFFFFFFFFFF25
:107B7000FFFFFFFFF2001EFFFFFFFFFFFFFFFFFF02
:107B8000FFFFFFFFFFFFFFFFFFFFFFFFFF70000191
:107B90007BBBBBBBBBBBBBBBBBBBBBBBBBBBBBBB75
:107BA000BBBBBBBBBBA400000014444444444444DE
:107BB00044444444444444444444444444442000ED
:107BC0000008FFFFFFFFFFFFFFFFFFFFFFFFFFFFBB
:107BD000FFFFFFFFFFFFFFFD20006FFFFFFFFFFF25
:107BE000FFFFFFFFFFFFFFFFFFFFFFFFFFFFFFFFA5
:107BF000FFE000DFFFFFFFFFFFFFFFFFFFFFFFFFD3
:107C0000FFFFFFFFFFFFFFFFFFFFF500FFFFFFFF8D
:107C1000FFFFFFFFFFFFFFFFFFFFFFFFFFFFFFFF74
:107C2000FFFFFFF700FFFFFBBBBBBBBBBBBBBBBB8F
:107C3000BBBBBBBBBBBBBBBBBBBBDFFFFA30FFFFF0
:107C4000F000000000000000000000000000000044
:107C50000000008FFFFFF9FFFFF0000000000000B0
:107C60000000000000000000000000008FFFFFFF88
:107C7000FFFFF00BFFFFFFFFF4000000000000001B
:107C800000000000008FFFFFFFFFFFF00BFFFFFF72
:107C9000FFF40000000000000000000000008FFF63
:107CA000FFFFFFFFF00BFFFFFFFFF40000000000ED
:107CB000000000000000005BBFFFFFFFFFF00BFFB4
:107CC000FFFFFFF4000000000000000000000000C3
:107CD000000FFFFFFFFFF00BFFFFFFFFF4000000AE
:107CE000000000000000000000000FFFFFFFFFF099
:107CF0000BFFFFFFFFF40000000000000000000089
:107D00000000000FFFFFFFFFF00BFFFFFFFFF4007D
:107D10000000000000000000000000000FFFFFFF57
:107D2000FFF00BFFFFFFFFF4000000000000000069
:107D300000000000244FFFFFFFFFF00BFFFFFFFFDD
:107D4000F40000000000000000000000008FFFFFB2
:107D5000FFFFFFF00BFFFFFFFFF40000000000003B
:107D60000000000000008FFFFFFFFFFFF000000099
:107D70000000000000000000000000000000008F74
:107D8000FFFFFFFFFFF00000000000000000000008
:107D900000000000000000008FFFFFFDFFFFF44423
:107DA0004444444444444444444444444444444493
:107DB00044AFFFFDA2FFFFFFFFFFFFFFFFFFFFFF3D
:107DC000FFFFFFFFFFFFFFFFFFFFFFFFF700FFFFCA
:107DD000FFFFFFFFFFFFFFFFFFFFFFFFFFFFFFFFB3
:107DE000FFFFFFFFFFF700AFFFFFFFFFFFFFFFFFFA
:107DF000FFFFFFFFFFFFFFFFFFFFFFFFFFFFF2009F
:107E00001EFFFFFFFFFFFFFFFFFFFFFFFFFFFFFF63
:107E1000FFFFFFFFFFFFFF7000017BBBBBBBBBBBD6
:107E2000BBBBBBBBBBBBBBBBBBBBBBBBBBBBBBA4B9
:107E300000000014444444444444444444444444FE
:107E4000444444444444444420000008FFFFFFFFEE
:107E5000FFFFFFFFFFFFFFFFFFFFFFFFFFFFFFFF32
:107E6000FFFD20006FFFFFFFFFFFFFFFFFFFFFFF92
:107E7000FFFFFFFFFFFFFFFFFFFFFFE000DFFFFF50
:107E8000FFFFFFFFFFFFFFFFFFFFFFFFFFFFFFFF02
:107E9000FFFFFFFFF500FFFFFFFFFFFFFFFFFFFFFB
:107EA000FFFFFFFFFFFFFFFFFFFFFFFFFFF700FFE9
:107EB000FFFBBBBBBBBBBBBBBBBBBBBBBBBBBBBB8E
:107EC000BBBBBBBBDFFFFA30FFFFF00000000000D0
:107ED000000000000000000000000000008FFFFF15
:107EE000F9FFFFF0000000000000000000000000AB
:107EF0000000000000008FFFFFFFFFFFF000000008
:107F00000000000000000000000000000000008FE2
:107F1000FFFFFFFFFFF00000000000000000000076
:107F200000000000000000008FFFFFFFFFFFF000D7
:107F30000000000000000000000000000000000041
:107F4000005BBFFFFFFFFFF000000000000000002B
:107F500000000000000000000000000FFFFFFFFF16
:107F6000F000000000000000000000000000000021
:107F7000000000000FFFFFFFFFF000000000000006
:107F8000000000000000000000000000000FFFFFE4
:107F9000FFFFF000000000000000000000000000F3
:107FA0000000000000000FFFFFFFFFF000000000D6
:107FB0000000000000000000000000000000244F4E
:107FC000FFFFFFFFF00000000000000000000000C5
:107FD000000000000000008FFFFFFFFFFFF0000027
:107FE0000000000000000000000000000000000091
:107FF0008FFFFFFFFFFFF000000000000000000007
:108000000000000000000000008FFFFFFFFFFFF0F6
:108010000000000000000000000000000000000060
:1080200000008FFFFFFDFFFFF444444444444444F8
:108030004444444444444444444444AFFFFDA2FF08
:10804000FFFFFFFFFFFFFFFFFFFFFFFFFFFFFFFF40
:10805000FFFFFFFFFFFFF700FFFFFFFFFFFFFFFF37
:10806000FFFFFFFFFFFFFFFFFFFFFFFFFFFFFFF728
:1080700000AFFFFFFFFFFFFFFFFFFFFFFFFFFFFF5F
:10808000FFFFFFFFFFFFFFFFF2001EFFFFFFFFFFED
:10809000FFFFFFFFFFFFFFFFFFFFFFFFFFFFFFFFF0
:1080A000FF7000017BBBBBBBBBBBBBBBBBBBBBBBDC
:1080B000BBBBBBBBBBBBBBBBBBA400000000000089
:1080C000000000000000000000003410000000006C
:1080D00000000000000000000000000000000000A0
:1080E000000003DFFF80000000000000000000002F
:1080F000000000000000000000000002FFFFFF90F1
:10810000000000000000000000000000000000006F
:108110000000003788CFFFFFFF20000000000000B4
:10812000000000000000000000000000BFFFFFFF93
:10813000FFFFF6000000000000000000000000004B
:108140000000000000CFFFFFFFFFFFFF5000000016
:1081500000000000000000000000000000007FFEA2
:10816000655AFFFFFFF10000000000000000000062
:10817000000000000000001EFF30001DFFFFF700A0
:1081800000000000000000000000000000000000EF
:1081900007FF90000019EFD500000000000000006C
:1081A00000000000000000000000EFF100000000EF
:1081B000000000000000000000000000003430005B
:1081C0000000006FF9000000000000000000000047
:1081D000000000000005EFFFE70000000DFF200099
:1081E000000000000000000000192000000007FF50
:1081F000FFFFFA000005FFB00000000000000000D3
:10820000000004FF80000004FFFFFFFFF60001EF05
:10821000F300000000000000000000004FFFD40049
:1082200000BFFFFFFFFFD223CFFC333333333333A1
:10823000333333333336FFFFFB200EFFFFFFFFFFE7
:10824000FFFFFFFFFFFFFFFFFFFFFFFFFFFFFFFF3E
:10825000FFFFFF70FFFFFFFFFFFFFFFFFFFFFFFFBD
:10826000FFFFFFFFFFFFFFFFFFFFFFFFFE1DFFFF01
:10827000FFFFFFAAAAAAAADFFFBAAAAAAAAAAAAAC5
:10828000AAAABFFFFFF9107FFFFFFFFF90000000C9
:1082900000AFF9000000000000000004FFFFC30071
:1082A00000DFFFFFFFE10000000000EFF200000030
:1082B00000000000004FFE60000001CFFFFFD20071
:1082C0000000000006FF900000000000000003F91D
:1082D00010000000005ABA600000000000000EFF0D
:1082E000100000000000000000000000000000007E
:1082F00000000000000000008FF8000000000000F7
:10830000000000000000000000000000000000006D
:108310000001FFF10004FFFFFFFE0000000000006D
:10832000000000000000000000000009FFA0006F36
:10833000FFFFFFF000000000000000000000000050
:1083400000000000001EFFA438FFFFFFFF00000038
:108350000000000000000000000000000000003FDE
:10836000FFFFFFFFFFFFF000000000000000000023
:108370000000000000000000004EFFFFFFFFFFFFB5
:1083800000000000000000000000000000000000ED
:108390000000000578BFFFFFFFF0000000000000B4
:1083A000000000000000000000000000000006FFC8
:1083B000FFFFFF00000000000000000000000000C0
:1083C00000000000000000005FFFFFFFF000000061
:1083D000000000000000000000000000000000009D
:1083E000000045555553000000000000000000004B
:1083F0000026ACEFFEDB8400000000000000000659
:10840000DFFFFFFFFFFFFE800000000000002CFFE9
:10841000FFFFFFFFFFFFFFE300000000004FFFFF33
:10842000FFFC9FFFFFFFFFF4000000003FFFFFFF86
:10843000FFC09FFFFFFFFFF30000001EFFFFFFFFD5
:10844000FC00AFFFFFFFFFD0000009FFFFFFFFFFB1
:10845000C000BFFFFFFFFF700001FFFFFFFFFFFC39
:108460000000CFFFFFFFFE00008FFFFFFFFFFFC0F8
:108470000000CFFFFFFFF5000DFFFFFFFFFFFC0037
:108480000001DFFFFFFFA002FFFFFFFFFFFFC001B2
:108490006001DFFFFFFE006FFFFFF66FFFFC001FB4
:1084A0006001EFFFFFF20AFFFFF6006FFFC001FF60
:1084B0006002EFFFFF50CFFFFF60006FFC001FFF67
:1084C0001007FFFFF70FFFFFFF60006FC001FF30D5
:1084D00004FFFFFF90FFFFFFFF60006C001F3003F1
:1084E000FFFFFFFB2FFFFFFFFF600030003002EFB8
:1084F000FFFFFFC3FFFFFFFFFF6000000001DFFF82
:10850000FFFFFD3FFFFFFFFFFF50000000CFFFFF19
:10851000FFFFE4FFFFFFFFFFFF500000BFFFFFFF73
:10852000FFFE4FFFFFFFFFFFFD00002FFFFFFFFFDC
:10853000FFE4FFFFFFFFFFFD1000004FFFFFFFFF05
:10854000FE3FFFFFFFFFFD100000005FFFFFFFFF8A
:10855000D2FFFFFFFFFD10000000006FFFFFFFFDD7
:108560001FFFFFFFFD1000800090007FFFFFFFC096
:10857000FFFFFFFD1000CC001F90008FFFFFFA0DE2
:10858000FFFFFD1000CFC001FF80009FFFFF90BFE5
:10859000FFFF2001CFFD001FFD0004FFFFF708FFD4
:1085A000FFFD11CFFFD001FD1004FFFFFF404FFF83
:1085B000FFFDCFFFFD001D1004FFFFFFF000FFFFD8
:1085C000FFFFFFFFD0001005FFFFFFFC000AFFFFC9
:1085D000FFFFFFFD000005FFFFFFFF70003FFFFFF3
:1085E000FFFFFFE00005FFFFFFFFF10000CFFFFFEF
:1085F000FFFFFE0005FFFFFFFFFA000002FFFFFF85
:10860000FFFFE005FFFFFFFFFF20000005FFFFFF6A
:10861000FFFE05FFFFFFFFFF7000000006FFFFFFEA
:10862000FFE6FFFFFFFFFFA00000000003DFFFFFEA
:10863000FFFFFFFFFFFF900000000000007EFFFF34
:10864000FFFFFFFFFB3000000000000000037ADEA8
:10865000FFFECA6100000000000000000002ACCC78
:10866000CCCCCCA20000000000000000000000CF35
:10867000FFFFFFFFFFC0000000000014444444441B
:108680006FFFFFFFFFFFFF64444444441DFFFFFFF3
:10869000FFFFFFFFFFFFFFFFFFFFFFFFFFFDFFFFEC
:1086A000FFFFFFFFFFFFFFFFFFFFFFFFFFFFFFFFDA
:1086B000FFFFFFFFFFFFFFFFFFFFFFFFFFFFFFFFCA
:1086C000FFFFFFFFFFFFFFFFFFFFFFFFFFFFFFFFBA
:1086D000FFFFF6BBBBBBBBBBBBBBBBBBBBBBBBBB27
:1086E000BBBBBBB6000000000000000000000000A3
:1086F000000000000000000000000000000000007A
:1087000000000000000000008FFFFFFFFFFFFFFFE1
:10871000FFFFFFFFFFFFFF800008FFFFFFFFFFFFDE
:10872000FFFFFFFFFFFFFFFFF800008FFFFFFFFFCE
:10873000FFFFFFFFFFFFFFFFFFFF800008FFFFFFBE
:10874000FFFFFFFFFFFFFFFFFFFFFFF800008FFFAE
:10875000FFFFFFFFFFFFFFFFFFFFFFFFFF8000089E
:10876000FFFFFE22EFFFF909FFFFE22EFFFFF800F7
:10877000008FFFFFC00CFFFF404FFFFC00CFFFFF4B
:10878000800008FFFFFC00CFFFF404FFFFC00CFFD8
:10879000FFF800008FFFFFC00CFFFF404FFFFC0001
:1087A000CFFFFF800008FFFFFC00CFFFF404FFFFB6
:1087B000C00CFFFFF800008FFFFFC00CFFFF404F11
:1087C000FFFC00CFFFFF800008FFFFFC00CFFFF49D
:1087D00004FFFFC00CFFFFF800008FFFFFC00CFF7D
:1087E000FF404FFFFC00CFFFFF800008FFFFFC00B1
:1087F000CFFFF404FFFFC00CFFFFF800008FFFFF66
:10880000C00CFFFF404FFFFC00CFFFFF800008FFC0
:10881000FFFC00CFFFF404FFFFC00CFFFFF80000D7
:108820008FFFFFC00CFFFF404FFFFC00CFFFFF801A
:108830000008FFFFFC00CFFFF404FFFFC00CFFFFA8
:10884000F800008FFFFFC00CFFFF404FFFFC00CF80
:10885000FFFF800008FFFFFC00CFFFF404FFFFC014
:108860000CFFFFF800008FFFFFC00CFFFF404FFF21
:10887000FC00CFFFFF800008FFFFFC00CFFFF404E7
:10888000FFFFC00CFFFFF800008FFFFFC00CFFFFD1
:10889000404FFFFC00CFFFFF800008FFFFFC00CF30
:1088A000FFF404FFFFC00CFFFFF800008FFFFFE2A2
:1088B0002EFFFF809FFFFE22EFFFFF800008FFFFDB
:1088C000FFFFFFFFFFFFFFFFFFFFFFFFF800007F3D
:1088D000FFFFFFFFFFFFFFFFFFFFFFFFFFFF700036
:1088E00004FFFFFFFFFFFFFFFFFFFFFFFFFFFFF49E
:1088F00000000BFFFFFFFFFFFFFFFFFFFFFFFFFF7A
:10890000FB00000008EFFFFFFFFFFFFFFFFFFFFF7F
:10891000FFE8000000000000000000000000000070
:108920000000005DFD70000000000000000000007D
:10893000000000000000007FFFFF9000000000002A
:1089400000000000000000000000008FFFFFFF900B
:108950000000000000000000000000000000008F88
:10896000FFFFFFFF9000000000000000000000007B
:108970000000008FFFFFFFFFFF90000000000000DD
:10898000000000000000004FFFFFFFFFFFFF90000E
:108990000000000000000000000000009FFFFFFF3B
:1089A000FFFFFF70000000000000000000000061F9
:1089B000009FFFFFFFFFFFFD000000000000000020
:1089C0000000008FD1009FFFFFFFFFFFF0000000BD
:1089D000000000000000008FFFD1009FFFFFFFFF9D
:1089E000FD000000000000000000008FFFFFD1002C
:1089F0009FFFFFFFFF500000000000000000008FFD
:108A0000FFFFFFD1009FFFFFFF700000000000008C
:108A10000000008FFFFFFFFFD1009FFFFF800000DD
:108A2000000000000000008FFFFFFFFFFFD1009F4C
:108A3000FF800000000000000000008FFFFFFFFF2C
:108A4000FFFFD1009F800000000000000000008FA9
:108A5000FFFFFFFFFFFFFFD100400000000000000C
:108A60000000008FFFFFFFFFFFFFFFFFD1000000AE
:108A7000000000000000008FFFFFFFFFFFFFFFFF6F
:108A8000FF600000000000000000008FFFFFFFFFFC
:108A9000FFFFFFFFFF800000000000000000008FCC
:108AA000FFFFFFFFFFFFFFFFFF800000000000004F
:108AB0000000008FFFFFFFFFFFFFFFFFFF800000B0
:108AC000000000000000008FFFFFFFFFFFFFFFFF1F
:108AD000FF800000000000000000008FFFFFFFFF8C
:108AE000FFFFFFFFFF800000000000000000008F7C
:108AF000FFFFFFFFFFFFFFFFFF80000000000000FF
:108B00000000008FFFFFFFFFFFFFFFFFFF8000005F
:108B1000000000000000008FFFFFFFFFFFFFFFFFCE
:108B2000FF800000000000000000008FFFFFFFFF3B
:108B3000FFFFFFFFFF800000000000000000008F2B
:108B4000FFFFFFFFFFFFFFFFFF80000000000000AE
:108B50000000007FFFFFFFFFFFFFFFFFFF8000001F
:108B6000000000000000000FFFFFFFFFFFFFFFFFFE
:108B7000FF8000000000000000000002FFFFFFFF78
:108B8000FFFFFFFFFF80000000000000000000006A
:108B90004FFFFFFFFFFFFFFFFF800000000000000E
:108BA0000000000006FFFFFFFFFFFFFFFF80000047
:108BB0000000000000000000008FFFFFFFFFFFFF2C
:108BC000FF80000000000000000000000009FFFF1F
:108BD000FFFFFFFFFF80000000000000000000001A
:108BE0000000BFFFFFFFFFFFFF800000000000004C
:108BF0000000000000000DFFFFFFFFFFFF800000EE
:108C00000000000000000000000000FFFFFFFFFF69
:108C1000FF80000000000000000000000000000EC7
:108C2000FFFFFFFFFF7000000000000000000000D9
:108C3000000000005EFDB986420000000000000058
:108C40000000000000000000000000000000000024
:108C50000000000000000000000000000000000014
:108C600000000004BFFFFFFFFFFFFFFFFFFFFFFF4C
:108C7000FFFFFFFFC5000000000000007FFFFFFFB7
:108C8000FFFFFFFFFFFFFFFFFFFFFFFFFFFF800072
:108C90000000000008FFFFFFFFFFFFFFFFFFFFFFD7
:108CA000FFFFFFFFFFFFFFF500000000008FFFFF49
:108CB000FFFFFFFFFFFFFFFFFFFFFFFFFFFFFFFFC4
:108CC000FC0000000008FFFFFFFFFFFFFFFFFFFFAA
:108CD000FFFFFFFFFFFFFFFFFFFF000000008FFF10
:108CE000FFFFFFFFFFFFFFFFFFFFFFFFFFFFFFFF94
:108CF000FFFFFF00000008FFFFFFFFFFFFFFF84D31
:108D0000FFFFFFFFD48FFFFFFFFFFFFF0000008F7B
:108D1000FFFFFFFFFFFFFF8001DFFFFFFD1008FFE8
:108D2000FFFFFFFFFF000008FFFFFFFFFFFFFFF84F
:108D300000001DFFFFD100008FFFFFFFFFFF0000BD
:108D40009FFFFFFFFFFFFFFFF4000001DFFD1000AA
:108D5000004FFFFFFFFFFF0009FFFFFFFFFFFFFFC7
:108D6000FFFD1000001DD1000001DFFFFFFFFFFF2E
:108D7000009FFFFFFFFFFFFFFFFFFFD1000001107B
:108D800000001DFFFFFFFFFFFF09FFFFFFFFFFFFC9
:108D9000FFFFFFFFFD100000000001DFFFFFFFFFEE
:108DA000FFFF7FFFFFFFFFFFFFFFFFFFFFFFD10080
:108DB0000000001DFFFFFFFFFFFFFFEFFFFFFFFFB2
:108DC000FFFFFFFFFFFFFFFD10000001DFFFFFFFC0
:108DD000FFFFFFFFEFFFFFFFFFFFFFFFFFFFFFFFB3
:108DE000FD10000001DFFFFFFFFFFFFFFF7FFFFF20
:108DF000FFFFFFFFFFFFFFFFFFD1000000001DFF8F
:108E0000FFFFFFFFFFFF09FFFFFFFFFFFFFFFFFF68
:108E1000FFFD100000000001DFFFFFFFFFFFFF006C
:108E20009FFFFFFFFFFFFFFFFFFFD10000011000CA
:108E3000001DFFFFFFFFFFFF0009FFFFFFFFFFFF18
:108E4000FFFFFD1000001DD1000001DFFFFFFFFF4D
:108E5000FF00009FFFFFFFFFFFFFFFF4000001DFA7
:108E6000FD1000004FFFFFFFFFFF000008FFFFFFA6
:108E7000FFFFFFFFF800001DFFFFD100008FFFFF85
:108E8000FFFFFF0000008FFFFFFFFFFFFFFF8001DC
:108E9000DFFFFFFD1008FFFFFFFFFFFF00000008DE
:108EA000FFFFFFFFFFFFFFF84DFFFFFFFFD48FFF26
:108EB000FFFFFFFFFF000000008FFFFFFFFFFFFF2E
:108EC000FFFFFFFFFFFFFFFFFFFFFFFFFFFF0000B0
:108ED000000008FFFFFFFFFFFFFFFFFFFFFFFFFF97
:108EE000FFFFFFFFFFFFFF00000000008FFFFFFFFD
:108EF000FFFFFFFFFFFFFFFFFFFFFFFFFFFFFFFC85
:108F0000000000000008FFFFFFFFFFFFFFFFFFFF63
:108F1000FFFFFFFFFFFFFFFFF50000000000007FE5
:108F2000FFFFFFFFFFFFFFFFFFFFFFFFFFFFFFFF51
:108F3000FF8000000000000004BFFFFFFFFFFFFFF5
:108F4000FFFFFFFFFFFFFFFFFFC50000000000085D
:108F5000FFFFFFFFFFFFFFFFB400000000008FFFD7
:108F6000FFFFFFFFFFFFFFFF7000000008FFFFFF94
:108F7000FFFFFFFFFFFFFFF40000008FFFFFFFFF79
:108F8000FFFFFFFFFFFFFB000008FFFFFFFFFFFFEA
:108F9000FFFFFFFFFFFF00008FFFC0008FF0001FEB
:108FA000F6000FFFFF0008FFFFC0008FF0001FF664
:108FB000000FFFFF008FFFFFC0008FF0001FF600C3
:108FC0000FFFFF08FFFFFFC0008FF0001FF6000F2C
:108FD000FFFF8FFFFFFFC0008FF0001FF6000FFFA5
:108FE000FFFFFFFFFFC0008FF0001FF6000FFFFF25
:108FF000FFFFFFFFC0008FF0001FF6000FFFFFFF15
:10900000FFFFFFE888CFF8888FFB888FFFFFFFFF07
:10901000FFFFFFFFFFFFFFFFFFFFFFFFFFFFFFFF60
:10902000FFFFFFFFFFFFFFFFFFFFFFFFFFFFFFFF50
:10903000FFFFFFFFFFFFFFFFFFFFFFFFFFFFFFFF40
:10904000FFFFFFFFFFFFFFFFFFFFFFFFFFFFFFFF30
:10905000FFFFFFFFFFFFFFFFFFFFFFFFFFFFFFFF20
:10906000FFFFFFFFFFFFFFFFFFFFFFFFFFFFFFFF10
:10907000FFFFFFFFFFFFFFFFFFFFFFFFFFFFFFFF00
:10908000FFFFFFFFFFFFFFFFFFFFFFFFFFFFFFFFF0
:10909000FFFFFFFFFFFFFFFFFFFFFFFFFFFFFFFFE0
:1090A000FFFFFFFFFFFFFFFFFFFFFFFFFFFFFFFFD0
:1090B000FFFFFFFFFFFFFFFFFFFFFFFFFFFFFFFFC0
:1090C000FFFFFFFFFFFFFFFFFFFFFFFFFFFFFFFFB0
:1090D000FFFFFFFFFFFFFFFFFFFFFFFFFFFFFFFFA0
:1090E000FFFFFFFFFFFFFFFFFFFFFFFFFFFFFFFF90
:1090F000FFFFFFFFFFFFFFFFFFFFFFFFFFFFFFFF80
:10910000FFFFFFFFFFFFFFFFFFFFFFFFFFFFFFFF6F
:10911000FFFFFFFFFFFFFFFFFFFFFFFFFFFFFFFF5F
:10912000FFFFFFFFFFFFFFFFFFFFFFFFFFFFFFFF4F
:10913000FFFFFFFFFFFFFFFFFFFFFFFFFFFFFFFF3F
:10914000FFFFFFFFFFFFFFFFFFFFFFFFFFFFFFFF2F
:10915000FFFFFFFFFFFFFFFFFFFFFFFFFFFFFFFF1F
:10916000FFFFFFFFFFFFFFCFFFFFFFFFFFFFFFFF3F
:10917000FFFFFFFFFFFB4FFFFFFFFFFFFFFFFFFFB3
:10918000FFFFFFFFF407FFFFFFFFFFFFFFFFFFFFF2
:10919000FFFFFF70004CFFFFFFFFFFFFFFFFFFFF20
:1091A000FFC40000000000000000000000000000FC
:1091B00000000000000002000000000000000000AD
:1091C000000000000000000000001CF10000000092
:1091D00000000000000000000000000000001CFF74
:1091E000200000000000000000000000000000005F
:1091F00000001CFFF2000000000000000000000062
:109200000000000000001CFFFF2000000000031011
:10921000000000000000000000000CFFFFF2000052
:1092200000000BFF4000000000000000000001FFF4
:10923000FFFF200000001CFFFA00000000000000FB
:109240000000001FFFFFF20000001DFFFFA0000054
:109250000000000000000001FFFFFF2000002EFFC3
:10926000FFFA000000000000000000001FFFFFF2F6
:1092700000003EFFFFFFA000000000000000000013
:1092800001FFFFFF20003FFFFFFFFA00000000008A
:1092900000000000001FFFFFF2004FFFFFFFFFC6AE
:1092A00066666666666666666667FFFFFF205FFF46
:1092B000FFFFFFFFFFFFFFFFFFFFFFFFFFFFFFFFBE
:1092C000FFF25FFFFFFFFFFFFFFFFFFFFFFFFFFF5B
:1092D000FFFFFFFFFFFF2CFFFFFFFFFFFFFFFFFF71
:1092E000FFFFFFFFFFFFFFFFFFFFF29FFFFFFFFFFB
:1092F000FFFFFFFFFFFFFFFFFFFFFFFFFFFFFF205D
:10930000CFFFFFFFFFFFFFFFFFFFFFFFFFFFFFFF9D
:10931000FFFFFFF000BFFFFFFFFFFDDDDDDDDDDD57
:10932000DDDDDDDDDDDDDDC50000AFFFFFFFFA00C7
:109330000000000000000000000000000000009F8E
:10934000FFFFFFA000000000000000000000000080
:10935000000000008FFFFFFA000000000000000086
:109360000000000000000000006FFFFFA0000000F0
:1093700000000000000000000000000000005FFF8F
:10938000FA000000000000000000000000000000E3
:109390000000004FFF8000000000000000000000FF
:1093A00000000000000000003A8000000000000003
:1093B00000000000000000000000000000000000AD
:1093C0000000C00A000000000000C00A061D0200E4
:1093D0005700A00F0C0C02119F00201C1B1D010048
:1093E0002702D018172701FBE803C021201D010028
:1093F000B805701B1A1E01FF3E076008040C02111D
:109400005607800D0A2703F81908800D092701F86F
:10941000C90800101010000F490940171312020567
:10942000F4091009070C01FA1E0A500F0C04020A75
:10943000360A1009070601004B0A100E1227FEFC1F
:10944000AA0BB01A181D0100060DD00E0B1D00004E
:10945000A60DF016161D0000E50EE016161D000004
:109460002410C01A1A1D01009D11F016161D0000CF
:10947000DC12B018171D01002A14F017161D010088
:109480006915C019171D0100B716B018161D010087
:10949000F61710090716010043181009071C01FAF6
:1094A000A5184017131302055A194017130D020887
:1094B000D6194017131302058B1AF016151D00005C
:1094C000BC1B6029272501F88E1E401D1F1DFF00B3
:1094D0005020401E191D0400BB21F01C1B1D010063
:1094E000432310211C1D0400D924D01A151D04008B
:1094F0000A266019141D04002C27E01E1B1D010004
:10950000B4288020191D04001F2A600C051D0400CA
:10951000682A8014121DFF006D2BC01C191D040049
:10952000D82CC017141D0400FA2D30261E1D04006F
:10953000AD2F8020191D04001831A0211F1D01002E
:10954000DA32E01C171D04002834A021212301FA7F
:109550006A36101D181D0400C637D018171D0100EB
:1095600014398017181D0000703AA01F191D030040
:10957000DB3B801C1E1DFF008E3D102D2B1D0100AE
:10958000FE3FF01A1B1D00008641E0191C1DFF0064
:109590001C43401A191D01008744500D092704F887
:1095A0003745100E1227FEFC9646500D0A2700F88C
:1095B0005947501712110306F2470014140300FD17
:1095C000104800180B0604193148F0171316020052
:1095D0000249401B171F0300674AD01615160100E9
:1095E0004E4B401B171F0100B34C8018161601008C
:1095F000A54D200E101F00009D4EA01B171E01F848
:10960000F64F401B151F03003C51300B0720020092
:10961000AC51600B0D28FCF8B052A018161F0300C7
:109620000554300B051F03005354402A2416030031
:10963000DF55401B15160300C656601917160100AA
:10964000C357401B171E03F81C59401B171E01F877
:10965000755A60100D160300045B101413160000F9
:10966000D55B9010101B0000AD5C101B151603009D
:10967000945D60161816FF009C5EF023241600000F
:1096800028601016161600001A616016181EFFF8E2
:109690008262D014131601005363100E0C2702F8D7
:1096A0003D64F00B042704F88B64100E0C2700F8BF
:1096B000756540171308020BC165C0100E0E01102E
:1096C0002366900C0808020843660028282900FB3E
:1096D00077690028281E0000CF6B0028282400FD91
:1096E0009F6E0028281E0000F770801B1C1C0001C4
:1096F0007F720028282800FB9F750028262801FB80
:109700009778002D2D2400FDC17B0028282800FB20
:10971000E17E002D2D1E000084810028282A00FAF9
:10972000CC840014142000FF0C86001E1E2000FFB5
:10973000EC87002D2D2600FC438B0028281E0000FE
:109740009B8D801B1C2800FBCB8F0023192505FC5B
:109750009A910023232A00FA79940023232400FD00
:10976000EF960023232400FD65990023192505FCAD
:10977000349B00232524FFFDCE9D0019152402FDF6
:10978000489F0019152402FDC2A00023232400FDD8
:1097900038A300232308000BC4A3002D2D1E0000B6
:1097A00067A600323328FFFB63AA002D2F28FFFB9A
:1097B0000FAE0028282400FDDFB00023231600048C
:1097C00060B2002323160004E1B30032322000FF10
:1097D00001B70028281E000059B90028282800FBDE
:1097E00079BC00282929FFFBC2BF0023242400FDE7
:1097F0004AC20023232800FB06C50023232400FDC2
:109800007CC70023232000FFACC90028281E0000CD
:1098100004CC00191B28FFFB20CE0023232800FBCB
:10982000DCD00023232800FB98D3002D2D1E000040
:109830003BD600282A2AFFFAADD9001E1E2800FBBD
:1098400005DC0032322500FDA2DF0032321A0002B0
:109850002CE20032321A0002B6E40032321A000260
:1098600040E70032321A0002CAE90032321A00021E
:1098700054EC0032332000FF84EF00231F2802FB4A
:10988000F0F10023232800FBACF400282929FFFA7B
:10989000F5F70032321E0000E3FA001E1E2800FB1E
:1098A0003BFD4028291A00020000721F51EF58EFBB
:1098B0005BEF5CEF5DEF61EF63EF65EF69EF6CEF1E
:1098C00071EF76EF77EF78EF8EEF93EF98EF9BEFF6
:1098D0009CEF9DEFA1EFA2EFA3EFA4EFB7EFB8EFDE
:1098E000BEEFC0EFC1EFC4EFC7EFC8EFC9EFCBEFDA
:1098F000E3EFE5EF14F015F017F019F030F037F062
:109900003AF043F06CF074F0ABF03BF190F191F170
:1099100092F193F194F1D7F1E3F13DF254F2AAF40C
:1099200012F7F2F7200000005F00010000000000C5
:109930000000000000000200B0000000F3F760002B
:10994000A8980408000000003E0003000000010287
:109950000003040502060708090A090A0B0C000D9A
:109960000E0F101112130C14140000001516171806
:1099700019161A1B1C1D1D1E1F201D1D162122231A
:1099800003241E2525262728292A2B002C002D2ECE
:109990002F303132332D343435302D2D2E2E3637B5
:1099A0003839333A3A3B3A3C290000093D09000076
:1099B00000000000000000000000000000000000A7
:1099C0000000000000000000000000000000000097
:1099D0000000000000000000000000000000000087
:1099E0000000000000000000000000000102000371
:1099F000040502060708090A090A0B0C0D0E0F10D0
:109A0000110C121314151500000016171819171948
:109A100019191719191A1919191917191719031BCF
:109A20001C1D1D1E1F202122230024002526272760
:109A300027002726282926262A2A272A272A2B2CC8
:109A40002D2E2E2F2E30000023093109000000009A
:109A50000000000000000000000000000000000006
:109A600000000000000000000000000000000000F6
:109A700000000000000000000000000000000000E6
:109A800000000000000000000002000000000000D4
:109A900000020000060000000004000000000000BA
:109AA00000000000000000000000020000000000B4
:109AB000000000000000000000021D0011F2000084
:109AC0000000DDDA041E0E0BE6041F021B06140064
:109AD000000000000000000000002605FC0000005F
:109AE0000000000000000000000D00ED000000007C
:109AF00000F30B0D0000FA00FC0600FA00FAFDF37B
:109B000000000000FA0000F8F60000FA00F3000080
:109B100000000000000000FAFA00F600EF00B300B9
:109B200000F3000D130100F30606150DF50D0000FE
:109B3000DC0000000000000000000000E800000061
:109B40000000000000000000000000EFF8E100E667
:109B5000FC00000000011900EDFBFE0200F5000012
:109B6000FCD10000000000000000000000CDFB1848
:109B7000000000000000000000000000E6000000FF
:109B8000000000000000001500060000F3000000C7
:109B900000000000000000000000000000001805A8
:109BA00002000000000000000000000000000000B3
:109BB00000000000000000000000000000000000A5
:109BC0000000000000000000E800000000000000AD
:109BD0000000000000000000000000000000000481
:109BE0000D0613FA00000DFAEBA804110D01F800A0
:109BF000170014001400C400F8130015FA0D060035
:109C00000002FA0000F53300330013001B080B13A9
:109C1000000000E80000000002FC0004F4F8F30477
:109C200000FA000000E60000000000000000000054
:109C300000D600000000000000000000000000004E
:109C40000002DD00D800000000FC003FF8F8060626
:109C5000FA00F8060000DE0000000000000000002E
:109C60000000C2000600000000000000000000002C
:109C700000D800260000E8001500D4C2D4F3130079
:109C800000D50008F100F600000000000000000010
:109C90000000001113B200000000000000000000EE
:109CA00000001E000400000000000404F8F300FEA1
:109CB000FEFA0000FC000000F300FB00F1F300F0EE
:109CC000EBEBF400F300F300000000FB00000600E3
:109CD00004FA000200000006FC000000FC0606FE7C
:109CE000000000F400FE0000000000020008FC007C
:109CF000F800F50000FC00130000FA00000000006E
:109D0000FE02FCFC0000FA00FA0000000000000067
:109D10000000FDFD00FAF80000000000020000FC59
:109D200000FAFAFA000000000000000000FC000049
:109D30000000FCF800F600EDFCED0D0000F3060D50
:109D40001100F0FEF800FEE206FC04DE0600000250
:109D5000DF00DEFBC8FC00E0000D12000800000080
:109D6000000100F4F800ED000000FA000000FA0025
:109D700000000000FDFD00FDF800000000000000F4
:109D8000FAFA00FCF8FB0000FA00000000000000F6
:109D900000000000FBFB00F800FC00F3060000F8E8
:109DA000030606000000000000FC000000000004A4
:109DB0000000FA00FAFCF8000000000000000500B6
:109DC000FB00000000F9F600F40013FC02EC0000B8
:109DD00011E0DFE5F30600FBD6F400F400F30AF42B
:109DE000D700EF000003FE05FC000601EDE800E0EF
:109DF000F1F3F1EDF8EFFFF4EF04000200FA0000D8
:109E0000000400060000000000000000000000FA4E
:109E100000FD00FEFA00F5F2F2FE00ED0000000089
:109E20000000FB0000000003FC0000000600000032
:109E300000000000001F00000000000004000000FF
:109E4000FA0000000000000000000000F40006001E
:109E5000000000000000000000000000FC00000006
:109E6000F400000000E0ED000000F6E00000FA065B
:109E700000EF00000000000000000000F60000F409
:109E80000000000000000000000000000600F400D8
:109E9000000000080004F3F300FAFAF800000000E4
:109EA0000000ED00FA00F6FA00F2F0EDFB00F3001E
:109EB000ED00000000330000030000F8000600E49D
:109EC0000000000000C4F41513FBE50006F600E0F6
:109ED000FDF806D3FA08000AEAF6E8EBE50000DA36
:109EE00000240000FD000000FDFDFAEFEBFFC400C0
:109EF0000000000000000000020000000000000060
:109F0000000000000000000000FA00FDFAF600006A
:109F1000F300FA0000000000000000000000000054
:109F20000000FE00F300000DFE0800F206FCFEEF4C
:109F3000FA00F8FAFC00F6F50000FBFEFCF5F8006C
:109F400000FA0006FC00F2000000F300F500F5F551
:109F5000060000000000000000F30600F700FCF817
:109F6000ECFCFCFCFEFCF8FE0000000000FAFBFB31
:109F70000000000008FC00FC000000FCF8FCFAF8FF
:109F8000FA00051AFE00EF00FC0D00FAE5F80A01E0
:109F900000E2F506F50400FCFBEC00F6030000F51A
:109FA0000000000606F3F400F5FAF6FAFA00F503ED
:109FB000F4F513000000000000000000060000009F
:109FC0000000000000000000000000000000000091
:109FD00000000000F500000000000000000000008C
:109FE0000000000000000000000000000000000071
:109FF0000000000000000000000000000000000061
:10A00000FC00000000000000000000000000000054
:10A010000000000000000000000000000000FBFA4B
:10A02000000000000000000000000000F60000F842
:10A030000000FAFA00000000FA00000000FD000035
:10A04000000000FC00000000F600F3000000EB0040
:10A0500004F20D01FCE20000F2FA00E6F0EE00006E
:10A06000E4FAE6E8E100EF00052BF800F1FAFEFA69
:10A07000F5EFF4E8E6F1FA0000FC00020000D3FA84
:10A08000130EF2E80002EC00E0FCFA0DC5F8020045
:10A0900000D6F8DFFAD10000D300260200FC000051
:10A0A0000000FDFCE8FC00D600000000EC00FA0017
:10A0B000FEEEE20000FDF6EDFA00FC00000000E319
:10A0C000FAEBECFBF5F0FAF500F3FAEBF600F8F436
:10A0D000FAF4000300FCEB000D00F400000000089F
:10A0E0000004F31A00FAFAF8000000000000ED0086
:10A0F000FA00F6FA00F2F0EDFB00F3051A0000009A
:10A1000000330000030000F800060000000000001B
:10A110000000FF0000000000FCF30000000000FD54
:10A12000000000FAFA0000F3FA0000F3000BFD0053
:10A13000000000000003000000000A0D05FA00EC1A
:10A14000F60013EBECF3F31A0C06C8FC0DFA00FA58
:10A1500007FAEA00FA06F8FBEDFB0000130D00EE2B
:10A1600000DDF813F8E802F8EBEBFA1A0600F60047
:10A17000EF000515F1E8E6F0130002D1FB06F5FC4F
:10A18000F100F2E8F6F6FB0000F1F3FA00130FFA23
:10A19000DD00DDF700EADBFEECF5EBEE110000F888
:10A1A00000F3FA00FAF4000BEB060000DE00FAF20E
:10A1B000F5FCEDF0EBF100EDFAF1F4EDFA00000240
:10A1C0001EF500EDFA00FAF3F1EFEEE8F8F30D00FA
:10A1D000F600E0F8040DECE8F3EB15FA03C4F40D17
:10A1E000F2F5E800EDE5F8FAFBFAF3EDFE000013F6
:10A1F00012FCD600DAF10FE8D4F3EAE5E0EB0D004B
:10A20000000000F8000006F80D04F40D0000ECFE5C
:10A2100000FE000202FB000000000000FA00000047
:10A220000005130100F800000000FCFCF80000002D
:10A230000205000000000500FB0018000C0202F8F7
:10A24000000D0000000500000000000000000000FC
:10A2500000130012000000000000000000000000D9
:10A260000000DA00FA0B001300003F08F3F30606C3
:10A27000FC02E000001FDA00000000000000000007
:10A280000000D4185A000000000000000000000088
:10A2900000DA0000000000000000000000000000E4
:10A2A000000000000000000000000000F60000F4C4
:10A2B000FA000000000000000000000000000000A4
:10A2C00000000000FC00EF00000200000653F3FB5A
:10A2D0001411EF0600000606F80000000000000060
:10A2E00000000000AD1200000000000000000000AF
:10A2F00000000000000000EE000000EF0000000081
:10A30000F2FD000000F200F800E200000000000092
:10A310000000000000D50000000002000000000066
:10A3200000FA0000F400F600EF000000F506F80067
:10A3300000EFFAF10000EF00FA00E200F90000CCB3
:10A34000F4E6F9E90000D500EFFD00000000000090
:10A350000000F6F4FBF500000000F200F208F90D31
:10A3600000FCF1FCF5F400F8FDFC04EFFE00000039
:10A37000C8FBF700F200FCE2FA0000FCFB00000062
:10A38000000400FCF5FC0B000000000000000000D1
:10A3900000000000000000000000000000000000BD
:10A3A00000000000000000000000000000000000AD
:10A3B000000008000000000000F200FC000000F3B4
:10A3C00006000000EFFAF30000EE00FA00E20000E1
:10A3D0000000C200F3E8E00000D500FCF600000039
:10A3E0000000000000FAF6FDF60200000BF8001471
:10A3F0001FFAFAED081F0B0EEF081B08130E1100D1
:10A4000000000000000000000000281EF4FA00FB1D
:10A41000331C33000000060000180000F6000000A6
:10A42000000000000000FC00000000000000000927
:10A4300000000000CAF8FBE6E10000D500000000C3
:10A4400000000000000000000000000000F6000016
:10A4500000000000000000FC000000000000000000
:10A460000900000000CAF8FBE6E10000E600000079
:10A4700000000000000000000000000000000000DC
:10A48000FB000000F10600FA050C06ED00FFFB06DC
:10A49000000500000000F000FAFCF300FAE60028D6
:10A4A000FA00F2FC00FCF500FAEEF3F8000000F60A
:10A4B000000000000000000000FC000000000000A0
:10A4C00000000900000000CAF8FBE6E10000D5002A
:10A4D000000000000020000000000000000000005C
:10A4E000F600ECF8FA13FAFAE602FC02FCEF010EB1
:10A4F00001050205F1E6F800E8F4EFE5E700F6F300
:10A50000F8F8FBFCF8FC00FCFE0A000AFC00140052
:10A510000000000000000000000000FCFAFA00004B
:10A52000EF00FD00F500000000000000000000004A
:10A53000DA0000000000000000000000FAFA00F855
:10A5400000000000FB0000F5FA0600F5F4FC00ED49
:10A55000FCF2FCF800F50000000000000000000024
:10A5600000D500140000F400000000F800FA00001C
:10A57000FD0000FC00F100001BF8EBEC040707FFF6
:10A58000EE040A04130415FCEF0000E60000EDEFF2
:10A590000000F300F8F500F600F600FC0A00FBED01
:10A5A000FA180000FA00F3000008F10006FA0501AD
:10A5B00000EB00FCFE00FA07FB000000E6F8F200EA
:10A5C000ED0000E20018FA00F4000400FA00FAEDD1
:10A5D00000FA0600000000FC000006F8020000F887
:10A5E000FC00F80000000000000000000000000077
:10A5F00000000000D8000E0000FB00000000010079
:10A60000FAFA0000000D000F0000000000D8DC0284
:10A610001C130BE6041B0018000D000000000000D6
:10A620000000000000220000000000000000000008
:10A630000000000000000000889A04084C990408FB
:10A64000EA9904083D31000068940308B8930408AF
:10A650002499040838A6040810000228DC01002010
:10A66000C9E40108EDE301082C00080000FD020028
:10A6700048A604080000000000000000F206E8EC14
:10A68000993661D63A9624BE055E05FA04B14D6A44
:10A690008E09CEE7FF47FE00FCC0FAA47AA963F159
:10A6A0009CF3EA8AE38EECD3FE7AFF5DEA0FF312A5
:10A6B000F476FDDAFF3DAA37BB59CC9BE5FCF73EAB
:10A6C0007AB893B9B4FBD63DEF3E5B587C399D5BBD
:10A6D000C65DEF5E453E65BE965FBEFFE79F2DBE41
:10A6E0004E1E86BFB73FE7BF263B4E9C86FDB75E3A
:10A6F000E7BF25334DB58658B6FBE79E65CD86305E
:10A70000A6B4CF39EFBD9E6CAEB0C714DF79F7DDCC
:10A71000D70ADF2EE773F7B8FFDCFF6BFF8EFFB3BE
:10A72000FFD8FFFCFE45FEA9FF10FF76FFDCFD24ED
:10A73000FDA9FE70FF16FF9CFB88FC4CFD52FE77C6
:10A74000FF5C8B6CA44FBD54D679EF5D7C9395353F
:10A75000B5F8CEDBEF7EBDF7E71CEF7DF7BEFFDF80
:10A76000E1C6D165C145B0E3D8CCC0CBA8AA886901
:10A77000893578F468D348B159B65175413430D22F
:10A780003A5531F329B2190F1C5C1BBA13380A343D
:10A7900004DC045A03B702B3057804B40411030CB3
:10A7A000044F03CD034B026845083C672BE61AE4CF
:10A7B0007D886CE754453343C646ADA59CE483A22F
:10A7C000FEC6FE05FD44F3E2FD80FD00FC60FB607B
:10A7D000FC60F3E0EB60E280F283E243DA02B9A1CD
:10A7E0006A685A0649A53924536F42CC3229218719
:10A7F00073AE630C4208210400003C027804B306E7
:10A80000EE08280B610D990FD01106143A166C183A
:10A810009D1ACB1CF71E212148236C258E27AC29BD
:10A82000C72BDF2DF32F0332103418361C381C3A97
:10A83000173C0E3EFF3FEC41D443B64593476A496F
:10A840003C4B084DCD4E8D504652F953A5554B57B4
:10A85000EA58825A135C9C5D1F5F9A600D627963AF
:10A86000DD6439668D67D9681D6A596B8C6CB76D6C
:10A87000D96EF36F04710C720B730174EE74D275A0
:10A88000AD767F7747780679BB79677A0A7BA27BBA
:10A89000327CB77C337DA57D0D7E6C7EC07E0B7FC8
:10A8A0004B7F827FAF7FD27FEB7FFA7FFF7F0000FD
:10A8B0000000000000040404040404040404040070
:10A8C000000000000606060606060500000000005F
:10A8D0000000000000000000000000000200000076
:10A8E000000000000000040000020002020000005E
:10A8F000000000000202020200020000000200004C
:10A90000000000000200000000010105050501052E
:10A910000000000000100101000000001002020C05
:10A920000C12120000000000F4E602083F82010849
:10A930000000000000000000698401080000000021
:10A9400041040000F4E602088D8D0108DB8D01084A
:10A9500000000000F98D010804010D000006000050
:10A96000F4E6020867900108000000000000000003
:10A9700000000000D127D12744020000F4E60208BD
:10A98000019101083D910108000000005591010866
:10A990000401820085030000F4E602085DA00108BE
:10A9A00095A001080000000065A20108D127D12769
:10A9B000C4020000F4E6020885DC010825DD010878
:10A9C0000000000049DD01088200D12705040000D5
:10A9D000F4E602088BE20108BDE201080000000075
:10A9E000D5DE01080000000080020000F4E6020845
:10A9F00049ED010873F50108000000009DF501080C
:10AA0000D127D127C0030000F4E602080D00020898
:10AA10008900020800000000CD000208D127D127DC
:10AA2000C0040000F4E6020815110208000000004E
:10AA30000000000029110208D127D127C002000020
:10AA4000F4E60208DD6002080000000000000000DB
:10AA500055610208D1278200C502000008AA040837
:10AA6000000000000000000000000000BD620208BD
:10AA700000000000C004000044A90408C9660208E0
:10AA80000000000000000000216702080000000034
:10AA900085070000F4E602085F770208877702085E
:10AAA000000000009177020834001E0084020000BC
:10AAB000F4E60208ED780208297902080000000097
:10AAC00089790208D127D12785030000F4E602081E
:10AAD000E17F0208FB8102080000000025820208D5
:10AAE0000401820044060000FBFBFBFF4679FFFFE8
:10AAF0001A4FF9FF062CC3FF0000FAFF091796FF53
:10AB00000C0A68FF0F0247FF8D8186FF5E4F55FFDD
:10AB10001A030CFF030001FFBCB6B9FF1D0417FFA9
:10AB2000130033FF180226FFBBBBBBBBBBBBBBBBC9
:10AB3000BBBBBBBBBBBBBBBBBBBBBBBBBBBBBBBB65
:10AB4000BBBBBBBBBBBBBBBBBBBBBBBBBBBBBBBB55
:10AB5000BBBBBBBBBBBBBBBBBABABABABABABABA4D
:10AB6000BABABABABABABABABABABABBBBBBBBBB40
:10AB7000BBBBBBBBBBBBBBBBBBBBBBBBBBBBBBBB25
:10AB8000BBBBBBBBBBBBBBBBBBBBBBBBBBBBBBBB15
:10AB9000BBBBBBBBBBBBBBBBBBBBBBBBB0BBBBBB10
:10ABA000BBBBBBBBBBBBBBBBBBBBBBBBBBBBBBBBF5
:10ABB000BBBBBBBBBBBBBBBBBBBBBBBBBBBBBBBBE5
:10ABC000BBBBBBBBBBBBBBBBBABABABABABBABABFA
:10ABD000ABABBBABABBABBABABABBABABBABBBBB48
:10ABE000ABABABABABABBBBBBBBBBBBBBBBBBBBB15
:10ABF000BBBBBBBBBBBBBBBBBBBBBBBBBBBBBBBBA5
:10AC0000BBBBBBBBBBBBBBBBBBBBBBBBBBBBBBBB94
:10AC1000BBB0BBBBBBBBBBBBBBBBBBBBBBBBBBBB8F
:10AC2000BBBBBBBBBBBBBBBBBBBBBBBBBBBBBBBB74
:10AC3000BBBBBBBBBBBBBBBBBBBBBBBABABBBBAB76
:10AC4000ABABBABABABAB444ABB0BABA0BBAB0BAD0
:10AC5000BACBAB9CABABBABABABBBABABABBBBBB8A
:10AC6000BBBBBBBBBBBBBBBBBBBBBBBBBBBBBBBB34
:10AC7000BBBBBBBBBBBBBBBBBBBBBBBBBBBBBBBB24
:10AC8000BBBBBBBBBBBBB0BBBBBBBBBBBBBBBBBB1F
:10AC9000BBBBBBBBBBBBBBBBBBBBBBBBBBBBBBBB04
:10ACA000BBBBBBBBBBBBBBBBBBBBBBBBBBBBBABAF6
:10ACB000BBBBABABABBABB9BABB0BBA444BAB0BBEA
:10ACC000AB0BABD0BABD0BBBC09BBA9BABBBABABAA
:10ACD000ABBBBABBBBBBBBBBBBBBBBBBBBBBBBBBD5
:10ACE000BBBBBBBBBBBBBBBBBBBBBBBBBBBBBBBBB4
:10ACF000BBBBBBBBBBBBBBBBBBBBBBB0BBBBBBBBAF
:10AD0000BBBBBBBBBBBBBBBBBBBBBBBBBBBBBBBB93
:10AD1000BBBBBBBBBBBBBBBBBBBBBBBBBBBBBBBB83
:10AD2000BBBBBABBBBBABABABAB9ABAB0DBAB09B74
:10AD3000B444DBB0BABA0BAB90BAB90BAB00DBA929
:10AD40000BBAD9BBABBBABABBABABBBBBBBBBBBB18
:10AD5000BBBBBBBBBBBBBBBBBBBBBBBBBBBBBBBB43
:10AD6000BBBBBBBBBBBBBBBBBBBBBBBBBBBBBBBB33
:10AD7000B0BBBBBBBBBBBBBBBBBBBBBBBBBBBBBB2E
:10AD8000BBBBBBBBBBBBBBBBBBBBBBBBBBBBBBBB13
:10AD9000BBBBBBBBBBBABABBABABBBABDABAB09A43
:10ADA000BBC8BABC9BA444EAB0ABAB0BABD0BAB93E
:10ADB0000BAB00AAB8CBAB8CBABDDABABABBBBBA84
:10ADC000BABBBBBBBBBBBBBBBBBBBBBBBBBBBBBBD4
:10ADD000BBBBBBBBBBBBBBBBBBBBBBBBBBBBBBBBC3
:10ADE000BBBBBBBBBBB0BBBBBBBBBBBBBBBBBBBBBE
:10ADF000BBBBBBBBBBBBBBBBBBBBBBBBBBBBBBBBA3
:10AE0000BBBBBBBBBBBBBBBBBBBABBBBABABAD9BE1
:10AE1000BBC8BAB8CBBA8CBABC9BA4447BABAAAAB9
:10AE2000BAAAABAAADDBAB00BBB09BBB09BABC8B6B
:10AE3000ABBBABABABBBBBBBBBBBBBBBBBBBBBBBA2
:10AE4000BBBBBBBBBBBBBBBBBBBBBBBBBBBBBBBB52
:10AE5000BBBBBBBBBBBBBBBBBBBBB0BBBBBBBBBB4D
:10AE6000BBBBBBBBBBBBBBBBBBBBBBBBBBBBBBBB32
:10AE7000BBBBBBBBBBBBBBBBBBBBBBBBBBBABBBA24
:10AE8000BABBABB00AAB90BBB90BABD8BABBBAB5C7
:10AE9000446AAAAAAAAAAAAAAAAAAAABDDAAB8DA46
:10AEA000AB0DABB0DABBC9BABBBBABABABABBBBBDF
:10AEB000BBBBBBBBBBBBBBBBBBBBBBBBBBBBBBBBE2
:10AEC000BBBBBBBBBBBBBBBBBBBBBBBBBBBBBBB0DD
:10AED000BBBBBBBBBBBBBBBBBBBBBBBBBBBBBBBBC2
:10AEE000BBBBBBBBBBBBBBBBBBBBBBBBBBBBBBBBB2
:10AEF000BABABBABABABADBABC08BBB0BAAB8BAAF2
:10AF0000ABAAAAAAA5446BAAAAAAAAAAAAAAAAAA4A
:10AF1000AAAAAAABBAAB8BBAD0ABAB0BBB467BBB76
:10AF2000BBBBBBABBBBBBBBBBBBBBBBBBBBBBBBB81
:10AF3000BBBBBBBBBBBBBBBBBBBBBBBBBBBBBBBB61
:10AF4000BBBBBBBBB0BBBBBBBBBBBBBBBBBBBBBB5C
:10AF5000BBBBBBBBBBBBBBBBBBBBBBBBBBBBBBBB41
:10AF6000BBBBBBBBBABBBBABABBBABB0BBB90CAB2E
:10AF7000BCAABABAAAAAAAAAAAB6445AAAAAAAAAA9
:10AF8000AAAAAAAAAAAAAAAAAAAAAABAAB98BAB903
:10AF90000BAF44446FBABABABBABBBBBBBBBBBBB0A
:10AFA000BBBBBBBBBBBBBBBBBBBBBBBBBBBBBBBBF1
:10AFB000BBBBBBBBBBBBBBBBBBB0BBBBBBBBBBBBEC
:10AFC000BBBBBBBBBBBBBBBBBBBBBBBBBBBBBBBBD1
:10AFD000BBBBBBBBBBBBBBBBBABBBABABABB9AABF6
:10AFE000AC8BAB00BAABAAAAAAAAAAAAAAAAA644E0
:10AFF0005AAAAAAAAAAAAAAAAAAAAAAAAAAAAAAA01
:10B00000AAAABBABAC9BB54444445EBBBBABBBABD9
:10B01000BBBBBBBBBBBBBBBBBBBBBBBBBBBBBBBB80
:10B02000BBBBBBBBBBBBBBBBBBBBBBBBBBBBB0BB7B
:10B03000BBBBBBBBBBBBBBBBBBBBBBBBBBBBBBBB60
:10B04000BBBBBBBBBBBBBBBBBBBBBBBBBABBBABB52
:10B05000ABBABBC8BAB90BAB99BAAAAAAAAAAAAA90
:10B06000AAAAAAB7444AAAAAAAAAAAAAAAAAAAAAF9
:10B07000AAAAAAAAAAAAAAAAAAABAAA444444444CD
:10B0800047ABBABABBABBBBBBBBBBBBBBBBBBBBBA6
:10B09000BBBBBBBBBBBBBBBBBBBBBBBBBBBBBBBB00
:10B0A000BBBBBBB0BBBBBBBBBBBBBBBBBBBBBBBBFB
:10B0B000BBBBBBBBBBBBBBBBBBBBBBBBBBBBBBBBE0
:10B0C000BABBABABABAD9BAB90BABA8BAAABAAAADF
:10B0D000AAAAAAAAAAAAAAAAAF444AAAAAAAAAAA91
:10B0E000AAAAAAAAAAAAAAAAAAAAAAAAAAAAAAABBF
:10B0F0007444E444444446ABBBABBBABBBBBBBBB3F
:10B10000BBBBBBBBBBBBBBBBBBBBBBBBBBBBBBBB8F
:10B11000BBBBBBBBBBBBBBBBB0BBBBBBBBBBBBBB8A
:10B12000BBBBBBBBBBBBBBBBBBBBBBBBBBBBBBBB6F
:10B13000BBBBBBBBBBBBBABABBBABD0BBAB09AAA4E
:10B14000BAAAAAAAAAAAAAAAAAAAAAAAAAAA444A15
:10B15000AAAAAAAAAAAAAAAAAAAAAAAAAAAAAAAA4F
:10B16000AAAAAAAAAA4445BAD544444446ABBABA44
:10B17000BBABBBBBBBBBBBBBBBBBBBBBBBBBBBBB2F
:10B18000BBBBBBBBBBBBBBBBBBBBBBBBBBB0BBBB1A
:10B19000BBBBBBBBBBBBBBBBBBBBBBBBBBBBBBBBFF
:10B1A000BBBBBBBBBBBBBBBBBBABABABABADBBAB4D
:10B1B00008BAB9DBAAAAAAAAAAAAAAAAAAAAAAAA41
:10B1C000AAAAAA444AAAAAAAAAAAAAAAAAAAAAAAA5
:10B1D000AAAAAAAAAAAAAAAAAAAA444DAAABA644FB
:10B1E000444446BBABABBBBBBBBBBBBBBBBBBBBB32
:10B1F000BBBBBBBBBBBBBBBBBBBBBBBBBBBBBBBB9F
:10B20000BBBBB0BBBBBBBBBBBBBBBBBBBBBBBBBB99
:10B21000BBBBBBBBBBBBBBBBBBBBBBBBBBBBBBBA7F
:10B22000BBBAB08BABD0BAABBDAAAAAAAAAAAAAA2B
:10B23000AAAAAAAAAAAAAAAA444AAAAAAAAAAAAA34
:10B24000AAAAAAAAAAAAAAAAAAAAAAAAAAAAA644C8
:10B250004BAAAAABA744444447BBBABABABBBBBBD0
:10B26000BBBBBBBBBBBBBBBBBBBBBBBBBBBBBBBB2E
:10B27000BBBBBBBBBBBBBBB0BBBBBBBBBBBBBBBB29
:10B28000BBBBBBBBBBBBBBBBBBBBBBBBBBBBBBBB0E
:10B29000BBBBABABABBF6BAD0BBDB9BAAAAAAAAA7D
:10B2A000AAAAAAAAAAAAAAAAAAAAAAAAAAAAAAAAFE
:10B2B000AAAAAAAAAAAAAAAAAAAAAAAAAAAAAAAAEE
:10B2C000AAAAAAA4446AAAAAAAAAB74444444EBBFA
:10B2D000BBBBBBBBBBBBBBBBBBBBBBBBBBBBBBBBBE
:10B2E000BBBBBBBBBBBBBBBBBBBBBBBBB0BBBBBBB9
:10B2F000BBBBBBBBBBBBBBBBBBBBBBBBBBBBBBBB9E
:10B30000BBBBBBBBBBBBBABBBABA544BAB08ABAB4A
:10B31000AAAAAAAAAAAAAAAAAAAAAAAAAAAAAAAA8D
:10B32000AAAAAAAAAAAAAAAAAAAAAAAAAAAAAAAA7D
:10B33000AAAAAAAAAAAAAAAAA444AAAAAAAAAAAAD9
:10B34000B74444445FBABABABBBBBBBBBBBBBBBB15
:10B35000BBBBBBBBBBBBBBBBBBBBBBBBBBBBBBBB3D
:10B36000BBB0BBBBBBBBBBBBBBBBBBBBBBBBBBBB38
:10B37000BBBBBBBBBBBBBBBBBBBBBABBABABAB44C5
:10B3800045ABA9BAAAAAAAAAAAAAAAAAAAAAAAAA72
:10B39000AAAAAAAAAAAAAAAAAAAAAAAAAAAAAAAA0D
:10B3A000AAAAAAAAAAAAAAAAAAAAAAAAAA5444AAB9
:10B3B000AAAAAAAAAAAAA74444446BBBBBABBBBB1C
:10B3C000BBBBBBBBBBBBBBBBBBBBBBBBBBBBBBBBCD
:10B3D000BBBBBBBBBBBBB0BBBBBBBBBBBBBBBBBBC8
:10B3E000BBBBBBBBBBBBBBBBBBBBBBBBBBBBBBABBD
:10B3F000ABABDDBB7444DAABAAAAAAAAAAAAAAAAD2
:10B40000AAAAAAAAAAAAAAAAAAAAAAAAAAAAAAAA9C
:10B41000AAAAAAAAAAAAAAAAAAAAAAAAAAAAAAAA8C
:10B42000AAAA4447AAAAAAAAAAAAAABAB64444445B
:10B43000DBABBBABBBBBBBBBBBBBBBBBBBBBBBBB5C
:10B44000BBBBBBBBBBBBBBBBBBBBBBB0BBBBBBBB57
:10B45000BBBBBBBBBBBBBBBBBBBBBBBBBBBBBBBB3C
:10B46000BBBBBBABBABABB90BAB4444BAAAAAAAA9C
:10B47000AAAAAAAAAAAAAAAAAAAAAAAAAAAAAAAA2C
:10B48000BBBBBBBBBBBAAAAAAAAAAAAAAAAAAAAAB7
:10B49000AAAAAAAAAAAAA7444AAAAAAAAAAAAAAAD5
:10B4A000AAAAA4444446BABABABBBBBBBBBBBBBB8B
:10B4B000BBBBBBBBBBBBBBBBBBBBBBBBBBBBBBBBDC
:10B4C000B0BBBBBBBBBBBBBBBBBBBBBBBBBBBBBBD7
:10B4D000BBBBBBBBBBBBBBBABABABBAAB08ABD4481
:10B4E00047AAAAAAAAAAAAAAAAAAAAAAAAAAAAAA1F
:10B4F000AAAAAAAAAB00000000008AAAAAAAAAAA1D
:10B50000AAAAAAAAAAAAAAAAAAAAAAAA745AAAAA21
:10B51000AAAAAAAAAAAAAABAE444444DBBABBABB37
:10B52000BBBBBBBBBBBBBBBBBBBBBBBBBBBBBBBB6B
:10B53000BBBBBBBBBBB0BBBBBBBBBBBBBBBBBBBB66
:10B54000BBBBBBBBBBBBBBBBBBBBBBBABBABAB998E
:10B55000BABB0DBA5444AAAAAAAAAAAAAAAAAAAA73
:10B56000AAAAAAAAAAAAAAAAAAAB00000000008BAB
:10B57000AAAAAAAAAAAAAAAAAAAAAAAAAAAAAAAA2B
:10B58000AAAAAAAAAAAAAAAAAAAAAAAAAAAB5444D6
:10B59000446BBBABBABBBBBBBBBBBBBBBBBBBBBBD3
:10B5A000BBBBBBBBBBBBBBBBBBBBB0BBBBBBBBBBF6
:10B5B000BBBBBBBBBBBBBBBBBBBBBBBBBBBBBBBBDB
:10B5C000ABABABAB90BBABDDAAB4446AAAAAAAAA48
:10B5D000AAAAAAAAAAAAAAAAAAAAAAAAAAAAADCCA6
:10B5E000CCCC8000DAAAAAAAAAAADAAAAAAAAAAAEB
:10B5F000AAAAAAAAAAAAAAAAAAAAAAAAAAAAAAAAAB
:10B60000AAAAAABE444444BABABBBBBBBBBBBBBB21
:10B61000BBBBBBBBBBBBBBBBBBBBBBBBBBBBBBB085
:10B62000BBBBBBBBBBBBBBBBBBBBBBBBBBBBBBBB6A
:10B63000BBBBBBBBABBBBBBBBABCCBAAAAAAA64419
:10B640004AAAAAAAAAAAAAAAAAAAAAAAAAAAAAAABA
:10B65000AAADAAAABBBBBBA000AAAAAAAAAAAAAAC8
:10B66000AAAADADAAAAAAAAAABABABAAAAAAAAAAD7
:10B67000AAAAAAAAAAAAAAAAAAB5444447BBABAB3B
:10B68000BBBBBBBBBBBBBBBBBBBBBBBBBBBBBBBB0A
:10B69000BBBBBBBBB0BBBBBBBBBBBBBBBBBBBBBB05
:10B6A000BBBBBBBBBBBBBBBBBBBBABAB99BABB0DDB
:10B6B000AAAAAAAA4445AAAAAAAAAAAAAAAAAAAAB5
:10B6C000AAAAAAADAAAAAAAAAAAAAAAB0008BADAE2
:10B6D000DADADADADADAAAAAAAAADAAAAB999999AC
:10B6E0009BAAAAAAAAAAAAAAAAAAAAAAAAAAAB74FE
:10B6F00044446ABABBABBBBBBBBBBBBBBBBBBBBBEA
:10B70000BBBBBBBBBBBBBBBBBBB0BBBBBBBBBBBB94
:10B71000BBBBBBBBBBBBBBBBBBBBBBBBBBBABABA7C
:10B72000BB90BBAABAAAAAAAAA7444FAAAAAAAAAAD
:10B73000AAAAAAAAAAAAAADAAAADADADADADADAD24
:10B74000B8000BADAAAAAAAAAAAAAADADADAAAAA01
:10B75000AAB00000000DAAAAAAAAAAAAAAAAAAAADE
:10B76000AAAAAAAAAB444445BBBABABBBBBBBBBBE3
:10B77000BBBBBBBBBBBBBBBBBBBBBBBBBBBBB0BB24
:10B78000BBBBBBBBBBBBBBBBBBBBBBBBBBBBBBBB09
:10B79000BBBBABABBBAAB80BAAAAAAAAAAAAA444D1
:10B7A0004AAAAAAAAAAAAAAAAAAAADAAAAADAAAA53
:10B7B000AAAAAAAAAAD000AAAADADADADADADADA1D
:10B7C000AAAAADADADAD0000000000AAAAAAAAAA1F
:10B7D000AAAAAAAAAAAAAAAAAAAAA644444DBBBBD4
:10B7E000BABBBBBBBBBBBBBBBBBBBBBBBBBBBBBBAA
:10B7F000BBBBBBB0BBBBBBBBBBBBBBBBBBBBBBBBA4
:10B80000BBBBBBBBBBBBABBABDD9BABDC9BAAAAA8D
:10B81000AAAAAAAA445AAAAAAAAAAAAAAAAADAAA0E
:10B82000AADADAADADADADADADAB0008BDADAAAA3B
:10B83000AAAAAAAAAADADADAAAAAB800CBBBB800DE
:10B84000CBAAAAAAAAAAAAAAAAAAAAAAAAAAAABA27
:10B85000E444447ABABBBBBBBBBBBBBBBBBBBBBB3F
:10B86000BBBBBBBBBBBBBBBBB0BBBBBBBBBBBBBB33
:10B87000BBBBBBBBBBBBBBBBBBBBBABABABB90AB56
:10B88000ABABAAAAAAAAAAAAAA67AAAAAAAAAAAA59
:10B89000AAADAAAADADAAAADAAAAAAAAAAAAB8003E
:10B8A0000BAAAADADADADADADADAAAAAADADADBC2C
:10B8B00000BAAAAD008AAAAAAAAAAAAAAAAAAAAA49
:10B8C000AAAAAAAAAABA444447ABABABBBBBBBBBB0
:10B8D000BBBBBBBBBBBBBBBBBBBBBBBBBBB0BBBBC3
:10B8E000BBBBBBBBBBBBBBBBBBBBBBBBBBBBBABBA9
:10B8F000BBBBABB90BAAAAAAAAAAAAAAAAAAAAAA15
:10B90000AAAAAAAAAAADAAAADAAAAADADAADADADFB
:10B91000ADADAAD000AAADADAAAAAAAAAAAAAADACF
:10B92000DADAAAAAB000BADAA9009BAAAAAAAAAA35
:10B93000AAAAAAAAAAAAAAAAAAAAAAB544446BBA57
:10B94000BABBBBBBBBBBBBBBBBBBBBBBBBBBBBBB48
:10B95000BBBBB0BBBBBBBBBBBBBBBBBBBBBBBBBB42
:10B96000BBBBBBBBBABB9CBBABC8BAAAAAAAAAAAA0
:10B97000AAAAAAAAAAAAAAAAAAADAAADADADADAD15
:10B98000AAADAAAAAAAAAAAB0008BADAAADADADA8F
:10B99000DADADADAAAAAADADADB000BBBBBC00DA28
:10B9A000ADAAAAAAAAAAAAAAAAAAAAAAAAAAAAAAF4
:10B9B000AA644445ABABBABBBBBBBBBBBBBBBBBB4D
:10B9C000BBBBBBBBBBBBBBB0BBBBBBBBBBBBBBBBD2
:10B9D000BBBBBBBBBBBBBBBBABABABC00BBABBAAA4
:10B9E000AAAAAAAAAAAAAAAAAAAAAAABABABABAAB3
:10B9F000DAAAAAAAAADADAADADADADADB8000BAD40
:10BA0000ADADAAAAAAAAAAAAAADADADAAAAAA000B4
:10BA100000000000AAAAADAAAAAAAAAAAAAAAAAA2B
:10BA2000AAAAAAAAAAABA744445BBBABBBBBBBBB3D
:10BA3000BBBBBBBBBBBBBBBBBBBBBBBBB0BBBBBB61
:10BA4000BBBBBBBBBBBBBBBBBBBBBBBBBABBBABA49
:10BA5000A00CDBAAAAAAAAAAAAAAAAAAAAAAAAABBC
:10BA6000D8999999DAADADADADADAAADAAAAAAAAF9
:10BA7000AAD000DAAAAAAAADADADADADADADAAAA65
:10BA8000ADADAABC000000000DAADAAAADAAAAAA10
:10BA9000AAAAAAAAAAAAAAAAAAAAAAABE44444BA87
:10BAA000BABABBBBBBBBBBBBBBBBBBBBBBBBBBBBE8
:10BAB000BBB0BBBBBBBBBBBBBBBBBBBBBBBBBBBBE1
:10BAC000BABBABABBBBD009BAAAAAAAAAAAAAAAA48
:10BAD000AAAAAAAAB900000000CBAAAAAAAAAADA0E
:10BAE000DAADADADADAB0008BDADADADAAAAAAAAA9
:10BAF000AAAAAADADADAAAAB000C99998000BAAD40
:10BB0000ADAAADAAAAAAAAAAAAAAAAAAAAAAAAAA8F
:10BB1000AAA744444BBBBBBBBBBBBBBBBBBBBBBBF8
:10BB2000BBBBBBBBBBBBB0BBBBBBBBBBBBBBBBBB70
:10BB3000BBBBBBBBBBBBBABABCDABBDCBAAAAAAA4A
:10BB4000AAAAAAAAAAAAAAAAAB80000000000CBDB1
:10BB5000ADADADADAAADAAAAAAAAB8000BAADADA11
:10BB6000DADADADADADADADAAAAAAADAAD00CBBAFB
:10BB7000AAB000BADAAAADAAADAAAAAAAAAAAAAA83
:10BB8000AAAAAAAAAAAAAAD44444BABABABBBBBB54
:10BB9000BBBBBBBBBBBBBBBBBBBBBBB0BBBBBBBB00
:10BBA000BBBBBBBBBBBBBBBBBBBBABABABB90DBAC6
:10BBB000ABAAAAAAAAAAAAAAAAAAAAAAAAAB00092E
:10BBC000BBBBB009AAAAAAAAAADADADADADADB9047
:10BBD00000DAADADADADADADADAADADADADADADA0A
:10BBE000ADB9009BDAAAB00CBDAADADAADAAAAAA4E
:10BBF000AAAAAAAAAAAAAAAAAAAAAAAABA44444BC0
:10BC0000BBBBBBBBBBBBBBBBBBBBBBBBBBBBBBBB84
:10BC1000B0BBBBBBBBBBBBBBBBBBBBBBBBBBBBBB7F
:10BC2000BABAAB90DABAAAAAAAAAAAAAAAAAAAAA2D
:10BC3000AAAAAA00CBAAAAAD9BAADADADADAAAAA39
:10BC4000ADADADADABBBAADADADADADADADADADA86
:10BC5000ADADADADADADA800DAADAAD00CBADAAAE3
:10BC6000ADAAADAADAAAAAAAAAAAAAAAAAAAAAAAFE
:10BC7000AAA4444444ABABABBBBBBBBBBBBBBBBBD1
:10BC8000BBBBBBBBBBB0BBBBBBBBBBBBBBBBBBBB0F
:10BC9000BBBBBBABABABBBABB9DAAAAAAAAAAAAA7D
:10BCA000AAAAAAAAAAAADAB9009BABABAAAAADAA69
:10BCB000AAAAAADADADADADADAAADADADADADADAA4
:10BCC000DADADADADADADADADADADAAC009BBBBB59
:10BCD000C009BDAADADADADAAAAADAAAAAAAAAAA4C
:10BCE000AAAAAAAAAAAA444444445BBABABBBBBB48
:10BCF000BBBBBBBBBBBBBBBBBBBBB0BBBBBBBBBB9F
:10BD0000BBBBBBBBBBBBBBBBBBBABD0DABABAAAA72
:10BD1000AAAAAAAAAAAAAAAAAAAAAAAAA900D88822
:10BD2000888BADAADADADADADADAADADADADDADA25
:10BD3000DADADADADADADADADADADADADADADAAD90
:10BD4000AD00000000000DAADAAAAAAAADADAAAA09
:10BD5000DAAAAAAAAAAAAAAAAAAAA44445A44445B5
:10BD6000BBABBABBBBBBBBBBBBBBBBBBBBBBBBB03F
:10BD7000BBBBBBBBBBBBBBBBBBBBBBBBABABABAB53
:10BD8000909BAAAAAAAAAAAAAAAAAAAAAAAAAADA0C
:10BD9000DABC000000000CBAADAAAAADADADADADE5
:10BDA000ADADADADADADADADADADADADADADADADC3
:10BDB000ADADADADADAA9000000000AAADAADADA33
:10BDC000DADAAAADAAAAAAAAAAAADAAAAAAAAA44A6
:10BDD000445ABF44446ABABBBBBBBBBBBBBBBBBBC7
:10BDE000BBBBBBBBB0BBBBBBBBBBBBBBBBBBBBBBAE
:10BDF000BBBBBABBABBD0BAAAAAAAAAAAAAAAAAAEB
:10BE0000AAAAAADAAAADBC00000000009AAAADADA9
:10BE1000ADAADADADADADADADADADADDDDDADADAD9
:10BE2000DADDDDDDDADADADADADADAB98888888AD0
:10BE3000BAAADAAAAAAAADADAADAAADAAAAAAAAABC
:10BE4000AAAAAAA44445AAAAF44447BBABABBBBB6D
:10BE5000BBBBBBBBBBBBBBBBBBB0BBBBBBBBBBBB3D
:10BE6000BBBBBBBBBBABABAB9DBAAABAAAAAAAAAC7
:10BE7000AAAAAAAAAAAAAADAAADADAA000DBBBBAF4
:10BE8000000BDADADAADADADADADADADADDDADDD4A
:10BE9000DADADDDDDDDDDDADADADADDDDADADADAA4
:10BEA000DAABABABAADADAAADADADADAAAADAADA6C
:10BEB000AAAAAAAAAAAAAAAA44445AAAAAA74444CD
:10BEC000EBBBBBBBBBBBBBBBBBBBBBBBBBBBB0BB9D
:10BED000BBBBBBBBBBBBBBBBBBBBBBBABB909BAB0E
:10BEE000AAAAAAAAAAAAAAAAAAAAAAAAAADAAAAA82
:10BEF000D008AADADB000BADADADADADADADADADEB
:10BF0000DADDADDDADADDDDDDDDDDDADDDDDDDDD24
:10BF1000ADADADADADAAAAAAAAAADADADAAAAAAAE2
:10BF2000ADADAADAADAADAAAAAAAAAAAA44445AAD9
:10BF3000AAAAAB64444ABABABBBBBBBBBBBBBBBBC4
:10BF4000BBBBBBB0BBBBBBBBBBBBBBBBBBBBBBAB5C
:10BF5000ABABAD08BAAAAAAAAAAAAAAAAAAAAAAACE
:10BF6000DAAAADADAA9009BAAAAD008BDADADADAAC
:10BF7000DADADDDADADDADDDDDDDDDDDDDDDDDDD2D
:10BF8000DDDDDADDDDDDDDDDDADADDDDDDDDDDAD1A
:10BF9000ADAADADADADAAAADAADADAAADAAAAAAAAB
:10BFA000AAA4445AAAAAAAAAA54444BBBBABBBBB39
:10BFB000BBBBBBBBBBBBBBBBB0BBBBBBBBBBBBBBDC
:10BFC000BBBBBBABBABBBABAD8BAAAAAAAAAAAAA1E
:10BFD000AAAAAAAAAAAADADAAAAB800DDADAA90072
:10BFE0008BADADADADADADADDDDDDDDDDDDDDDDD23
:10BFF000DDDDDDDDDDDDDDDDDDDDDADDADADDDAD04
:10C00000ADADAAADADAADADAAAAAADADAADAAAADEB
:10C01000AAAAAAAAAAAAAA54AAAAAAAAAABA444492
:10C020005ABABBBBBBBBBBBBBBBBBBBBBBB0BBBBCD
:10C03000BBBBBBBBBBBBBBBBBBABB9DBABABAAAA84
:10C04000AAAAAAAAAAAAAAAAAADAADAAADADAAC001
:10C0500009BBBBBC00DADADADADADADDDDADDADD6B
:10C06000DDDDDDDDDDDDDDDDDDDDDDDDDDDDDDDD00
:10C07000DDDDDDADDDDADADDADADADAADADADADAF5
:10C08000AAADADADAABABABABAAAAAAAAAAAAAAAC7
:10C09000AAAAAAB44447BBABABBBBBBBBBBBBBBB35
:10C0A000BBBBB0BBBBBBBBBBBBBBBBBBBBABBAB9FE
:10C0B00008BAAAAAAAAAAAAAAAAAAAAAAAAAAAAA72
:10C0C000DADAAAAAD00000000000DAADADADDDDDFD
:10C0D000DADDDDDDDDDDDDDDDDDDDDDDDDDDDDDD93
:10C0E000DDDDDDDDDDDDDDDDDDADADDDADADADADA0
:10C0F000ADADADAAADADAAAAAAAB9999999DAAAAD0
:10C10000AAAAAAAAAAAAAAAAAA4444FBBBBBBBBBC6
:10C11000BBBBBBBBBBBBBBB0BBBBBBBBBBBBBBBB7A
:10C12000BBABBBABABD0CBAAAAAAAAAAAAAAAAAA03
:10C13000AAAADAADADAAAADADAA9000000000BAA11
:10C14000DADADADADADDDDDDDDDDDDDDDDDDDDDD2E
:10C15000DDDDDDDDDDDDDDDDDDDDDDDDDDDDDDDD0F
:10C16000ADDDDDADADADADADADAAAAADADAAAC0056
:10C17000000000BAAAAAAAAAAAAAAAAAAABA744499
:10C180004ABABABBBBBBBBBBBBBBBBBBB0BBBBBB7D
:10C19000BBBBBBBBBBBBBBABB6BABB9BAAAAAAAA69
:10C1A000AAAAAAAAAAAADAAADAAADADAAAAAAB9840
:10C1B000888888BADADDADDDDDDDDDDDDDDDDDDD04
:10C1C000DDDDDDDDDDDDDDDDDDDDDDDDDDDDDDDD9F
:10C1D000DDDDDDDDDDDDADADDADADADADADADADA07
:10C1E000DAAAAA00000000000BAAAAAAAAAAAAAA70
:10C1F000AAAAAAB54445BBABBBBBBBBBBBBBBBBBC5
:10C20000BBB0BBBBBBBBBBBBBBBBBABABA644ABA55
:10C21000BAAAAAAAAAAAAAAAAAAAAAAAADADADAA65
:10C22000AADADADAAABABABAADADADDDADDDDDDDD6
:10C23000DDDDDDDDDDDDDDDDDDDDDDDDDDDDDDDD2E
:10C24000DDDDDDDDDDDDDDDDDDDDDDDDDADDADAD81
:10C25000ADADADADAAADADB9000BBBBAC009AAAAD0
:10C26000AAAAAAAAAAAAAAAAAB44447BBABABBBBE6
:10C27000BBBBBBBBBBBBB0BBBBBBBBBBBBBBBBBB19
:10C28000BBBE44447AAAAAAAAAAAAAAAAAAAAADAB5
:10C29000ADAAAAAADADAAAAAADAAAAAADADADDDDD2
:10C2A000ADDDDDDDDDDDDDDDDDDDDDDDDFDDFDFDAC
:10C2B000FDFDFDFDFDFDDDDDDDDDDDDDDDDDDDDDEE
:10C2C000DDDDDADDDADADADADADADAAAA800DAAA31
:10C2D000AB9009BAAAAAAAAAAAAAAAAAAAAAD444A4
:10C2E0004ABBBBBBBBBBBBBBBBBBBBB0BBBBBBBB1A
:10C2F000BBBBBBBABABABA544445BAAAAAAAAAAA3C
:10C30000AAAAAAAAAAAAADADADAAAADADADADADD91
:10C31000DDADADADADDDDDDDDDDDDDDDDDDDDDFDED
:10C32000DFDFDFDFDFDFDFDFDFDDFDFDFDFDDDDDAB
:10C33000DDDDDDDDDDDDDDDDDDADDADADADADADA6F
:10C34000DABC00AADADBC00BAAAAAAAAAAAAAAAADD
:10C35000AAAAAAB64445BABABBBBBBBBBBBBBBBB54
:10C36000B0BBBBBBBBBBBBBBBBBBABBAB744444F97
:10C37000AAAAAAAAAAAAAAAAADADADAAAAAADADAB4
:10C38000AAADADADAADADADDDDDDDDDDDDDDDDDDD9
:10C39000DDDDFDFDFDFDFDFDFDFDFDFDFDFDFDFD0D
:10C3A000FDFDDDFDFDDDDDDDDDDDDDDDDDDDDDAD6D
:10C3B000ADADADADADAAB000BAAAABC00BAADAAABA
:10C3C000AAAAAAAAAAAAAAAAAB54446BBBBABBBB84
:10C3D000BBBBBBBBBBB0BBBBBBBBBBBBBBABABABE8
:10C3E0009BBAB444446AAAAAAAAAAAAAADAAAAAAAB
:10C3F000ADADADAAAADADADADADDADDDDADDDDDDA2
:10C40000DDDDDDDDDDFDFDDDDFDFDFDFDFDFDFDF0C
:10C41000DFDFDFDFDFDFDFDFDDDFDFDFDDDDDDDD36
:10C42000DDDDDDDDDDDDDADADADADAB000BBBBB8BE
:10C4300000CBDAAAAAAAAAAAAAAAAAAAAAABF444D0
:10C440004ABABBBBBBBBBBBBBBBBB0BBBBBBBBBBB9
:10C45000BBBBBBBABD0CBBAA744444AAAAAAAAAA75
:10C46000AAAAAADADADAAAAADADAADADADADADDAFD
:10C47000DDDDDDDDDDDDDDDDDDFDDFDFDFDFDFDFC0
:10C48000DFDFDFDFDFDFDFDFDFDFDFDFDFDFDFDFBC
:10C49000DDDDDDDDDDDDDDDDDDDADADDADADADAD92
:10C4A000BC000CCCC0008AAAADAAAAAAAAAAAAAAB1
:10C4B000AAAAAAB64445BBABABBBBBBBBBBBBBB01C
:10C4C000BBBBBBBBBBBBBBABABABAC0DBAAA4444A9
:10C4D00046AAAAAADBABABABABAAADADADAAAADAB2
:10C4E000DADADADADDDDDDDDDDDDDDDDDFDDDDFD66
:10C4F000FDFDFDFDFDFFFDFFFFFFFFFFFFFDFFFD5C
:10C50000FDFDFDFDFDFDFDFDDDDDDDDDDDDDDDDD5B
:10C51000DADADADADAAB00000000009AADAAAAAAE9
:10C52000AAAAAAAAAAAAAAAAAA44447BBBBBBBBB22
:10C53000BBBBBBBBB0BBBBBBBBBBBBBABABABABB5A
:10C540009BAAAAA644447AAAAAA9999999999DDA7C
:10C55000AAAAADADADADADADDDDDDDDDDDDDDDDD91
:10C56000DFDDFDFDFDFDFDFDFFFFDFDFFDFDFDFD71
:10C57000FDFDFFFDFFFFFFDFDFDFDFDFDDDFDDDDF7
:10C58000DDDDDDDDDDADDDADADADAAACCCCC880053
:10C59000DAAADAADAAAAAAAAAAAAAAAAAAABA44403
:10C5A0004BABABBBBBBBBBBBBBB0BBBBBBBBBBBB76
:10C5B000BBBABBBBAABAAAAAAAF444AAAAAAB00048
:10C5C0000000000DAADADADADADADADADADADDDD50
:10C5D000DDDDDDDDDFDDDFDFDFDFDFFFFFDFDFFF15
:10C5E000FFFFFFFFFFFFFFFFFFFDFDFDFDFDFDFD69
:10C5F000FDFDFDDDDDDDDDDDDDDDDDADDDADADAACE
:10C60000ABBBBBBC00AAADADAAAAAAAAAAAAAAAAF9
:10C61000AAAAAAA64446BBBABBBBBBBBBBBBB0BBAA
:10C62000BBBBBBBBBBABABB0CABAAAAAAAAAAA5A2D
:10C63000AAAAAAB0000000000BADAAAAADADADAD8C
:10C64000ADDDDDDDDDDDDDDDDDDDFDFDFDFDFFFD88
:10C65000FDFDFFFFFFFFFFFFFFFFFFFFFFFFFFFFEE
:10C66000FFFFFFDFDFDFDFDFDFDDDDDDDDDDDDDD88
:10C67000DDADDADAADAADAAAB000BADAAAAADAAA85
:10C68000AAAAAAAAAAAAAAAAAB4444ABABBBBBBBA0
:10C69000BBBBBBB0BBBBBBBBBBBBBABABBC08BAA33
:10C6A000AAAAAAAAAAAAAAADD008ADDDDDDADADA6A
:10C6B000DADADADADADDADDDDDDDDDDDDDDFDFDFE3
:10C6C000DFDFDFDFDFFFFFFFFFFFFFFFFFFFFFFF1A
:10C6D000FFFFFFFFFFFFDFDFFFFFFDFDFDFDFDFDB6
:10C6E000DDDDDDDDDDADDDADDB90CBBBBB900CBDBD
:10C6F000AADADAAAAAAAAAAAAAAAAAAAAAAA7444D6
:10C700005BBBABBBBBBBBBBBB0BBBBBBBBBBBABBF5
:10C71000ABABBD9BAAAAAAAAAAAAAAAAAA9009AA2E
:10C72000AAAAAAAAAAADADADADADDADDDDDDDDDD2B
:10C73000DFDFDFDFDFDFFDFFFFFFFFFFFFFFFFFFCB
:10C74000FFFFFFFFFFFFFFFFFFFFFFFFFFFDFDFFFD
:10C75000DFDFDFDFDDFDDDDDDDDDDDDDDADB0000A0
:10C7600000000009AADAAAADAADAAAAAAAAAAAAA65
:10C77000AAAAAAB5444FBABBBBBBBBBBBBB0BBBB31
:10C78000BBBBBBBBBABBBAAABAAAAAAAAAAAAAAA84
:10C79000AAAB800DBBBBAADADADADAADADADDDDD6E
:10C7A000DDDDDDDDDDDDDDFDFDFDFFDFFFDFFFFFCD
:10C7B000FFFFFFFFFFFFFFFFFFFFFFFFFFFFFFFF89
:10C7C000FFFFFFFFDFFFDFDFDFDFDDDDDDDDDDDDE5
:10C7D000DADDDAB0000000009BAAAADADADAAAAA47
:10C7E000AAAAAAAAAAAAAAAAAE4445BBBABBBBBB1C
:10C7F000BBBBB0BBBBBBBBBBABAB9CDBBAAAAAAAE7
:10C80000AAAAAAAAAAAAABC00CCCCC8BAAAAADADE4
:10C81000ADADDADADDDDDDDDDDDDFDFDFDFDFFDF0A
:10C82000FFFFFFFFFFFFFFFFFFFFFFFFFFFFFFFF18
:10C83000FFFFFFFFFFFFFFFFFFFFDFFFFDFDFDFD30
:10C84000FDDDDDDDDDDDDADDAD8888888DBADADAA3
:10C85000AAAAAAADAAAAAAAAAAAAAAAAAAAB5444F0
:10C86000EBABBBBBBBBBBBB0BBBBBBBBBBBBABBC12
:10C870000CDBAAAAAAAAAAAAAAAAAAAB000000002C
:10C8800009AADADAADADADADDDDDDDDDDDDDFDDF83
:10C89000DFDFDFDFFFFFFFFFFFFFFFFFFFFFFFFF28
:10C8A000FFFFFFFFFFFFFFFFFFFFFFFFFFFFFFFF98
:10C8B000DFDFDFDFDFDDFDDDDDDDDDDDDADAABABE8
:10C8C000ABAAADAAADADADADAAAAAAAAAAAAAAAAB8
:10C8D000AAAAAAF4445BBBABBBBBBBBBB0BBBBBB94
:10C8E000BBBABABABBBC9BAAAAAAAAAAAAAAAAAA53
:10C8F000AA0CCCCCC000DAADADADADDADDDDDDDD4E
:10C90000DDDDDDDFDFDFDFFFFFFFFFFFFFFFFFFF1D
:10C91000FFFFFFEFFEFEFEFEFEFEFEFFFFFFFFFF3E
:10C92000FFFFFFFFFFFFFFFFDFDFDFDDDDDDDDDD21
:10C93000DDDDDADADAAAAADADADAAAAAAADAADAA9E
:10C94000AAAAAAAAAAAAAAAAA5444EBABBBBBBBBBA
:10C95000BBB0BBBBBBBBBBABABAAABBAAAAAAAAAB8
:10C96000AAAAAAAADAAABAAAAAB900CAADADADAD56
:10C97000ADADDDDDDDDDDDFDFDFDFDFFDFFFFFFF3D
:10C98000FFFFFFFFFFFFFFEFFEFFFFFFFFFFFFFFC8
:10C99000FEFEFEFFFFFFFFFFFFFFFFFDFDFFDFDFEE
:10C9A000DFDDDDDDDDDDDADDADADDDDADAAAADADB1
:10C9B000ADADADAAAAAAAAAAAAAAAAAAAABD444487
:10C9C000BBBABBBBBBBBB0BBBBBBBBABBADABBAAC6
:10C9D000AAAAAAAAAAAAAAAAAAAADAAAAAAAA90032
:10C9E0009AADADADADDDDDDDDDDDDDDFDFDFDFDF70
:10C9F000DFFFFFFFFFFFFFFFFFEFEFEFFFEFEFEFC7
:10CA0000EFEFEFEFEFEFFFFFFEFFFFFFFFFFFFFF97
:10CA1000FFFFFDFDFDFDFDDDDDDDDDDDDDDDADAAC5
:10CA2000ADADADAAAAAAAAAAAADAAAAAAAAAAAAA2D
:10CA3000AAAAAB5444FBABBBBBBBBBB0BBBBBBBB31
:10CA4000BABB80CDBAAAAAAAAAAAAAAAAAADAAAA19
:10CA5000AADADAB800DADADADADDADDDDDDDDDDF7B
:10CA6000DDFDFDFFFFFFFFFFFFFFFFFFFFEFFFFE0D
:10CA7000FEFEFEFEFEFEFEFEFEFEFEFEFEFFFEFED5
:10CA8000FFFFFFFFFFFFFFFFFFFDFDFDFDDDDDDD24
:10CA9000DDDDADDADDDADADADADADADADADAAAAA7A
:10CAA000AAAAAAAAAAAAAAABF4445BBBABBBBBBB0B
:10CAB000B0BBBBBBBABBABBBC0DAAAAAAAAAAAAA24
:10CAC000AAAAAAADABDDAAADBC00AAADADADDADDB8
:10CAD000DDDDDDDDDDFDFDFDFDFFFFFFFFFFFFFF18
:10CAE000FEFEFFEFEFEFEFEFEFEFEFEFEFEFEFEF28
:10CAF000EFEFEFEFFFFFFFFFFFFFFFFFFFDFDFDFE6
:10CB0000DFDDFDDDDDDDDDDDADADADADADAAAAAABC
:10CB1000AAAAAAADAAAAAAAAAAAAAAAAAAA5444D3A
:10CB2000BABBBBBBBBB0BBBBBBBBABABABBBAAAAB3
:10CB3000AAAAAAAAAAAAAADAAAB00ABBBAD000BA12
:10CB4000DADADADDDDDDDDDDDFDFDFDFDFFFFFFFAE
:10CB5000FFFFFFFFEFFFFFEFEFEFEFEFEEFEEEEE79
:10CB6000EEEEEEFEFEFEFEFEFEFEFEFEFFFFFFFF11
:10CB7000FFFFFFFFDFDFDFDDDDDDDDDDADDADADA90
:10CB8000DAADADADADADADADAAAAAAAAAAAAAAAAC0
:10CB9000AAAABE4446BBBABBBBBBB0BBBBBBABAB1C
:10CBA000BBBBAAAAAAAAAAAAAAAAAAAAAADB800066
:10CBB00000000008AADADDADDADDDDDDDDDDDFDF76
:10CBC000DFFDFFFFFFFFFFFFFFFFEFEFEFEFEFEEF8
:10CBD000EEEEEEFEFEFEFEFEEEEEEEEFEFEFEFEF20
:10CBE000FFFFFFFFFFFFFFFFDFFFDFDFDFDDDDDD3B
:10CBF000DDDDDDDDADADADAAAAAAAAAAAADAADAA8D
:10CC0000AAAAAAAAAAAAAAAA5444ABABBBBBBBB005
:10CC1000BBBBBBBABB00CDBAAAAAAAAAAAAAAAAA97
:10CC2000ADAAAABC000000008BAADADADDDDDDDDEA
:10CC3000DDDDFDFDFDFDFFFFFFFFFFFFFFFEFEFE53
:10CC4000FEFEFEEEEEFEEEEEEEEEEEEEEEEEEEEFC3
:10CC5000EEEEFEFEFEFEFEFEFFFFFFFFFFFFDFFD2E
:10CC6000FDFDFDDDDDDDDDDDADADADADADADADAD14
:10CC7000ADADAAAAAAAAAAAAAAAAAAAAAB74446BE8
:10CC8000BABBBBBBB0BBBBBBABABC000CBAAAAAAF9
:10CC9000AAAAAAAAAAAAADADAB88888889BADADA04
:10CCA000DDDDDDDDDDDDDFDFDFDFDFFFFFFFFFFF00
:10CCB000FFEFEFEFEFEFEEEEFEEEEEEEEEEEEEEE6E
:10CCC000EEEEEEEEEEEEFEEEEFEFEFEFFFFEFFFF2D
:10CCD000FFFFFFFFDFDFDFDDFDDDDDDDDDDDDADADC
:10CCE000DADADAAAAAAAAADAAADAAAAAAAAAAAAAB4
:10CCF000AAAAA4444BABBABBBBB0BBBBABBABABDD0
:10CD000080CBAAAAAAAAAAAAAAAADAAAAAAABABA3C
:10CD1000BABAADADADADDDDDDDDDDFDDFDFDFFFFC3
:10CD2000FFFFFFFFFFFFFFFFEFEFEEEEFEEEEEEE89
:10CD3000EEEEEEEEEEEEEEEEEEEEEEEEEFEEEEFE02
:10CD4000FEFEFFFFFFFFFFFFFFFFFDFDFDDDDDDD61
:10CD5000DDDDDDADADADADADADADADADAADAAAAA4F
:10CD6000AAAAAAAAAAAAAAB6444FBABBBBBBB0BB7E
:10CD7000BBBBABABABABBAAAAAAAAAAAAAAAAAAADD
:10CD8000DADADADAAAAAAADADADADDADDDDDDDDDB1
:10CD9000FDFDFFDFDFFFFFFFFFFFEFEFEFEFEEEE49
:10CDA000EEEEEEEEEEEEEEEEEEEEEEEEEEEEEEEEA3
:10CDB000EEEEEEFEEFEFEFEFEFFFFFFFFFFFFDFF09
:10CDC000DFDFDFDDDDDDDDDDDDADADAADAAAAAAABC
:10CDD000AADAAAADAAAAAAAAAAAAAAAAAD4445BB37
:10CDE000ABABBBB0BBBBBABABBBBBAAAAAAAAAAA16
:10CDF000AAAAAAADAAAAAAAAAADADADADADADDDD3A
:10CE0000DDDDDDDDFDFDFDFDFFFFFFFFFFFFEFFFD2
:10CE1000EFEFEEEFEEEEEEEEEEEEEEEEE7E7E7E74B
:10CE2000EEEEEEEEEEEEEEEEEEEEEFEFEFFFEFFFFC
:10CE3000FFFFFFFFFDFDFDFDDDDDDDDDDDADDADA50
:10CE4000DBBBBBDADADABBBBBBBBAAAAAAAAAAAA1B
:10CE5000AABA5444ABBBBBBBB0BBBBABAB90C9BA6B
:10CE6000AAAAAAAAAAAAAAAAAAADADADADADAAAD10
:10CE7000ADADADADDDDDDDDDDDDFDFDFFFFFFFFF14
:10CE8000FFFFFFFEFEFEFEEEEEEEEEEEEEEE7E7736
:10CE9000777777777777777E7EEEEEEEEEEEEFEED2
:10CEA000FEFEFEFFFFFFFFFFFFFFDFDFDFDFDDDD59
:10CEB000DDDDDDADADBC000CAAAAABC0000000AA50
:10CEC000AAAAAAAAAAAAE544446ABABBBBB0BBBB39
:10CED000BABBBD808BAAAAAAAAAAAAAAAADAAAAA97
:10CEE000AAAAAAADADADADADDDDDDDDDDDFDFDFD9B
:10CEF000FFDFFFFFFFFFFFFEFEFEFEEEFEEEEEEEAB
:10CF0000E7E777777676666666666767777777EEC0
:10CF1000EEEEEEEEEEEFEFEFEFEFFFFFFFFFFFFFC6
:10CF2000DFDFDDDDDDDDDDADDADAB0000CBDAAA0CE
:10CF3000000000000BAAAAAAAAAF644444445BAB59
:10CF4000ABBBB0BBBBABAABABBBAAAAAAAAAAAAAD5
:10CF5000AAAAAADADADADADADADADADADDADDDDDE5
:10CF6000DDDDDDFDFDFDFFFFFFFFFFFEFFEFEFEE6F
:10CF7000FEEEEEEEEE7E7776666666656565656565
:10CF80006666677777EEEEEEEEEEEEEFEFEFFFFF21
:10CF9000FFFFFFFFDFFDFDFDFDDDDDDDDDDDDABCDB
:10CFA000C008BADB00008888C00CAAAAAAA644441C
:10CFB00044445AAABABBBBB0BBABBABBABAAAAAA81
:10CFC000AAAAAAAAAAAAADAAAAAAAAAAAAADADADB5
:10CFD000ADADDDDDDDDDDFDFDFDFFFFFFFFFFFFE0E
:10CFE000FFEFEFEEEEEEEEEEEE7776766656555507
:10CFF00055555555555556666677777EEEEEEEEFEC
:10D00000EEEFEFEFEFFFFFFFFFFDFFDFDFDDDDDD29
:10D01000DDDDADADDB9009AAAB00CBBBBBB000BA88
:10D02000AAA444444445EABBABABABBBB0BBBBAB6F
:10D03000B9BBBAAAAAAAAAAAAAAAAAAAADADADAD14
:10D04000ADADADADADADDDDDDDDDDDDDFDFDFDFDB0
:10D05000FFFFFFFFFFFEFEFEEFEEEEEEEE777766E0
:10D0600066555555353535353535355555666677FB
:10D07000777EEEEEEEEFEEFEFEFFFFFFFFFFFFFD21
:10D08000FDFDFDFDDDDDDDDDDDAB800DAAAD008A42
:10D09000ADAAB00CBAAAA4444447ABABAABABABB77
:10D0A000ABB0BBABABAC008BAAAAAAAAAAAAAAAA8D
:10D0B000DAAAAAAAAAAAAADADADADADDDDDDDDDDE1
:10D0C000DFDFDFFFFFFFFFFFFFEFEFEFEFEEEEEE43
:10D0D000EE77776666555353333333333333333315
:10D0E0003535555666677E7EEEEEEEFEEFEFEFEFDE
:10D0F000FFFFFFFFFFFDFDFDDDDDDDDDDADADB003B
:10D100000BDAA9009AAAADD008BAAAA6446AAAAABC
:10D11000AAABABABABBBB0BBBBABABB9CBAAAAAA00
:10D12000AAAAAAAAAAAADADADADADADADADADADD7C
:10D13000DADDDDDDDFDFDFDFDFFFFFFFFFFFFFEF3A
:10D14000EFEEEEEEEE7777666555533333322222FB
:10D150002222222223333335555666777E7EEEEE29
:10D16000EEFEFEFEFFEFFFFFFFFDFFDFDFDFDDDD99
:10D17000DDDDDDDB000BADB800DAADAA9009BAAA9F
:10D18000AAFAAAAAAAAAAAAABABABBB0BBABABAB64
:10D19000ABBAAAAAAAAAAAAAAAADAAAAAAAAAAAADB
:10D1A000ADADADADADDDDDDDDDDDFDFDFFFFFFFFD7
:10D1B000FFFFEFEFEFEEFEEEEE7E77766655533330
:10D1C0003322221211111111121222233333555618
:10D1D0006677E7EEEEEEEEEFEFEFFFFFFFFFFFDF2C
:10D1E000DFDFDDDDDDDDDDADAD008BDAAC00AADA41
:10D1F000AA800DAAAAAAAAAAAAAAAAABABABABBB41
:10D20000B0BBBABABBAAAAAAAAAAAAAAAAAAAAAD33
:10D21000ADADADADADADADADADDDDDDDDDDDFDFDAE
:10D22000FDFDFFFFFFFFFFFFEFEFEEEEEEEEE77617
:10D2300066555333322211111111111111111111AF
:10D240002222333555666777EEEEEEEFEEFEFEFFF7
:10D25000FFFFFFFFFFFDFDFDFDDDDDDDDDA9008B37
:10D26000ADB000BAADABC00AAAAAAAAAAAAAAAAA35
:10D27000AAAAABABABB0ABABAD89BBAAAAAAAAAA10
:10D28000AAAAAAAAAAAAAAAAAAAADADADADADADDDB
:10D29000DDDDDDDFDFDFFFFFFFFFFFEFEFEFEEFEA6
:10D2A000EEEEE77766655333322111111111222218
:10D2B0002222211111111222333555666777EEEEC5
:10D2C000EEFEEFEFFEFFFFFFFFFDFFFDFDDDDDDD0D
:10D2D000DDADB8009AAAA00CBADAAB000BAAAAAAD4
:10D2E000AAAAAAAAAAAABABABABBB0BBBABDC008AF
:10D2F000BAAAAAAAAAAAAAAAADADADADADADADAD66
:10D30000ADADADDDDDDDDDDFDFDFDFDFFFFFFFFF4B
:10D31000FFFEFEFEEEEEE777766555333221111102
:10D3200011222323333332322221111112223335B9
:10D33000566677E7EEEEEEFEFEFFFEFFFFFFFFFD17
:10D34000FDFDFDDDDDDDDDBC00BADA9008BAADAB78
:10D3500000CBAAAAAAAAAAAAAAAAAAAAABABABB0AD
:10D36000ABABABBBDDBAAAAAAAAAAAAAAAAAAAAAC6
:10D37000AAAAAAAADADADADDADDDDDDDDDFDFDFF80
:10D38000FFFFFFFFFEFEFEFEEEEEEE7E77665553DC
:10D390003221111112232333333333333333222217
:10D3A00011111223335566677EEEEEEEEEFEFEFFA0
:10D3B000FFFFFFFFFFDFDFDDDDDDDDDDB000BDAA4C
:10D3C0009009ADADB9008BAAAAAAAAAAAAAAAAAA2C
:10D3D000BABABABBB0BBABABAABAAAAAAAAAAAAA43
:10D3E000AAAADADADADADADADADADADADDDDDDDDF1
:10D3F000DDFDFDFDFDFFFFFFFFFFFEFEEEEEEEEEAD
:10D400007766655333221111122323333353555555
:10D4100055353333322211111223355566777EEE9E
:10D42000EEEEEFEFEFEFFFFFFFFDFDFDFDFDDDDDBC
:10D43000ABB00CBAABC00ABABAB9009BDAAAAAAAB6
:10D44000AAAAAAAAAAAAABABABA0BABABBBBAAAA01
:10D45000AAAAAAAAAAAAAAAAAAAAAAAAAAADADAD23
:10D46000ADDADDDDDDDDDFDFDFFFFFFFFFFFEFEF4B
:10D47000EFEFEEEEE77766553332111112233335B5
:10D4800035555555555555535333322211112233C5
:10D49000555667E7EEEEEFEEFEFFFFFFFFFFFFFFE3
:10D4A000FDFDDDDDDDF8800C89ABC00C99998000B5
:10D4B000AAAAAAAAAAAAAAAAAAAAABABABABB0BBB1
:10D4C000AB9C8DABAAAAAAAAAAAAAAAAAADADADA55
:10D4D000ABAADADADADADDDDDDDDDFDFDFDFDFFFC1
:10D4E000FFFFFFFEFEFEEEEEEE7776655333211171
:10D4F0001223333535555666666666655555533382
:10D50000322111122335566677EEEEEEEFEFEFEF94
:10D51000FFFFFFFFDFDFDFDFDDDA80000008BABCDE
:10D520000000000009AAADAAAAAAAAAAAAAAAAAAA1
:10D53000AABABAB0BABAD8C08BAAAAAAAAAAAAAAE0
:10D54000AAADAAAAB998DAADADADDDDDDDDDDDDDD0
:10D55000FDFDFFFFFFFFFFEFEFEFEEEEEEEE776674
:10D560005533221111223333556566666667676647
:10D5700066666555533332211122333566677EEE78
:10D58000EEEEFEFEFFEFFFFFFFFFFFDFDDDDDAC0A7
:10D59000000009ADAA000000009BAAAAAAAAAAAA94
:10D5A000AAAAAAAAABABABABB0BBABABBBBAAAAA9D
:10D5B000AAAAAAAAAAADAADADB8000DADADADADA4B
:10D5C000DADDDDDDDDDFDFDFDFFFFFFFFFFEFEEFAA
:10D5D000EEEEE77665533321111233335556666705
:10D5E000677777777777676665555333221111230D
:10D5F00035566777EEEEEEEFEFEFFFFFFFFFFDFD35
:10D60000FDFDDDDDABBBBBBAADAABBBBBBBBBADAB4
:10D61000AAAAAAAAAAAAAAAAAAAAAAABABA0BABA52
:10D62000BBABAAAAAAAAAAAAAAAAAAADAAB800008B
:10D63000BADADADADDDDDDDDDDDFDFDFFFFFFFFFB8
:10D64000FFEFEFEFEEEEEE77666553221112233314
:10D650005556666777777E7E7E77777777666555EE
:10D6600033322111223355667E7EEEEEEEFEFEFE53
:10D67000FFFFFFFFFDFDFDFDDDDDDDDDDADADADADE
:10D68000AAAAADADADADAAAAAAAAAAAAAAAAAABADE
:10D69000BABBB0BBB6456EABAAAAAAAAAAAAAAAA46
:10D6A000AADB90000CAADADADDADDDDDDDDDDDFD23
:10D6B000FDFDFFFFFFFFFFEFEEEEEEE77766533372
:10D6C00021112233355666777777E7E7E7E7E7E713
:10D6D000E7777766655533221112233556677EEE5C
:10D6E000EEFEEFEFFFFFFFFFFFDFDFDFDDDDDDDD64
:10D6F000DDADADADADADADAAAAAAAAAAAAAAAAAA45
:10D70000AAAAAAAAAAABABA0ABA5444444466DAA58
:10D71000AAAAAAAAAADAB900000CBDADADADDDDD9A
:10D72000DDDDDDDFDFDFFFFFFFFFEFEFEFEFEEEE31
:10D73000E776655332111223335566677777E7E74B
:10D74000E7E7E7E7E7E7E777776655533321112205
:10D7500033566777EEEEEEFEFEFEFFFFFFFFFDFDA8
:10D76000FDDDDDDDDDDDDADADADAAAAADADADADA47
:10D77000AAAAAAAAAAAAAAAAAABABABAB0BAB4441F
:10D7800044444444445FAAAAAADAAAD000C009AA21
:10D79000DADADADADDDDDDDFDFDFFFDFFFFFFFFF13
:10D7A000FEFEEEEEEE7776553322111233355667D4
:10D7B0007777E7E7E77E7E7E7E7E7E7E777776668A
:10D7C000553322111233556677EEEEEEEFEFEFFF91
:10D7D000FFFFFFFFFDFDFDFDDDDDDADDADADADAD34
:10D7E000ADAAAAAAAAAAAAAAAAAAAAAAAAAAAAAB95
:10D7F000ABB0ABBD7554444444444AAAAAAAAAADEE
:10D8000000089009ADADADADDDDDDDDDDDDFDFDFD5
:10D81000FFFFFFFFEFEFEFEEEEEE776655322111DF
:10D820002333556677777E7E7E77E777777777E75E
:10D830007E7E7777666553322111233556677EEEFB
:10D84000EEEEFEFFEFFFFFFFDFDFDFDDDDDDDDDD25
:10D85000DADADADADAAADADADADADAAAAAAAAAAA48
:10D86000AAAAAABABABAB0BABABABAAF6544444A0E
:10D87000AAAAAADAB000CBC00BAADADADADDDDDDBB
:10D88000DDDDFDFDFDFFFFFFFFFFEFEEEFEEE776D5
:10D89000655332111223355667777E7E77E77E77A0
:10D8A000E7E7E7E777E7E7E7777665553321112282
:10D8B0003556677EEEEEFEFEFEFFFFFFFFFFFDFD2D
:10D8C000FDDDDDDDDDDDDDADADAADAAAAAAAAAAAFD
:10D8D000AAAAAAAAAAAAAAAAAAAABAB0BABBBBBA50
:10D8E000AABAAAA77AAAAAAAAB000CBB000BDADADA
:10D8F000DADDDDDDDDDFDFDFDFFFFFFFFFFFFEFE67
:10D90000FEEEEEE77665332211223355667777E730
:10D91000E7E77E777777777777E77777E7E7776770
:10D92000553332111233556677EEEEEEEFEFEFFF1F
:10D93000FFFFFDFDFDFDFDDDDDDDDADADADADAAA75
:10D94000DADADADADAAAAAAAAAAAAAAAAAABABAB44
:10D95000B0BBD00C8BAAAAAAAAAAAAAAAAB0000BEA
:10D96000AB00CBADADADADDADDDDDDDDFDFDFDFF49
:10D97000FFFFFEFFEFEEFEEEE77655332111233574
:10D980005667777E7E7E77E777777777777777E763
:10D99000E77E7E7776655332211223356677EEEE89
:10D9A000EFEFEFFFFFFFFFFFFFDFDFDDDDDDDDDDA1
:10D9B000DADADADADAAAAAAAAAAAAAAAAAAAAAAAD7
:10D9C000AAAAAAAABAB0ABAD989BAAAAAAAAAAAABE
:10D9D000AAAAC000BBBD008BAADADADDDDDDDDDF7F
:10D9E000DFDFDFFFFFFFFFFFFEFEFEEEEE77665399
:10D9F0003221122335566777E7E77777777777779E
:10DA0000777777777777E7E7E777665533211123DD
:10DA1000355677EEEEEEEFEFEFEFFFFFFDFDFDFD8C
:10DA2000FDDDDDDDDDADADADADADADADADADAAAA1C
:10DA3000AAAAAAAAAAAAAAAABABAB0BABABBAAAAEF
:10DA4000AAAAAAAAAAAAAB0000000000009BDADAE0
:10DA5000DADDDDDDDDDDFDFDFDFFFFFFEFEFEEEEED
:10DA6000EEEE776553321112335566777E7E7E7700
:10DA70007777777777777777777777777E7E777629
:10DA800055332211223556677EEEEEEEFEFFFFFF84
:10DA9000FFFFFFDFDFDDDDDDDDDDDADADADAAAAABE
:10DAA000AAAAAAAAAAAAAAAAAAAAAAAAAAAABAB0C0
:10DAB000ABABAABAAAAAAAAAAAAAAADD0000000029
:10DAC0000000BAADADDDDDDDDDDFDFDFDFFFFFFF55
:10DAD000FFFFFFEFEEEEEE7665532211223356671D
:10DAE00077E7E777777777777777777777777777E6
:10DAF00077E7E7777665533211123355677EEEEE9E
:10DB0000FEFEFEFFFFFFFDFDFDFDDFDDDDDDDDAD2A
:10DB1000ADADADADADADADADADAAAAAAAAAAAAAA4A
:10DB2000AAAABABAB0BABBBBAAAAAAAAAAAAAAAAFD
:10DB3000AD8999999C0099AADADADADDDDDDDDDFBD
:10DB4000DFFFDFFFFFFFEFEFEEEFEEE7766533215C
:10DB500011233556677E7E7E77777777777777776D
:10DB6000777777777777777E7E77665332211233B0
:10DB70005566E7EEEEEEFEFFFFFFFFFFFFFFDFDD86
:10DB8000DDDDDDDDDDDADADAAAAAAAAAAAAAAAAA66
:10DB9000AAAAAAAAAAAAAAAAABA0BB0000DBAAAA00
:10DBA000AAAAAAAAAADABAAAABA000BAADADADDDFC
:10DBB000DDDDDDDFDFDFDFFFFFFFFFFFEFEFEEEE9D
:10DBC000E776553321122335667777E777777777CE
:10DBD0007777676767676777777777E7E7E77766E6
:10DBE000553321122335667EEEEEEEFEFEFEFFFF7C
:10DBF000FFDFDFDFDFDDDDDDDDADADADADADADAD7B
:10DC0000ADADADAAAAAAAAAAAAAAAAAABABAB0AB44
:10DC1000BD99AAAAAAAAAAAAAAAAAAAAAAAAB00CFA
:10DC2000BADADADADDADDDDDDDFDFDFFDFFFFFFEB7
:10DC3000FEFEEEEEEEE7765532211233556677E7BB
:10DC4000E7E7777777777676767676776777777799
:10DC5000777E7E7776553321112335576EEEEEEEC3
:10DC6000EFEFFFFFFFFFFFFDFDFDDDDDDDDDDDADE6
:10DC7000ADADAAAAAAAAAAAAAAAAAAAAAAAAAAAAFE
:10DC8000AAAAABA0ABABBBAAAAAAAAAAAAAAAAAAEA
:10DC9000ADADADD889ADADADADDDDDDDDDDFDFDF57
:10DCA000DFFFFFFFFFFEFEFEEEEEE76653331112CD
:10DCB000335567777E777777777776767676767669
:10DCC00076777777777E777E77766533221123357F
:10DCD0005677EEEEEEFEFEFEFFFFFFFFDFDFDFDD3D
:10DCE000DDDDDDDADADADADADADADADADAAAAAAA1B
:10DCF000AAAAAAAAAAAABABAB0BABAAAAAAAAAAA3E
:10DD0000AAAAAAAAAADAAAAADABAAADADADADDDD0D
:10DD1000DDDDDDDFDFFDFFFFFFFEFFEFEEEEEE7787
:10DD200066553211123355677E7E7E777777777727
:10DD300067676666667676777777777E7E7E7665C6
:10DD40005332112235566E7EEEEEEFEFFFFFFFFFEE
:10DD5000FFFDFDFDDDDDDDDDDDADADADAAAAAAAACD
:10DD6000AAAAAAAAAAAAAAAAAAAAAAABABA0ABBB09
:10DD7000BBAAAAAAAAAAAAAAAAAAAADADAAAAAAD8F
:10DD8000ADADADDDDDDDDDDFDFDFDFFFFFFFFFEFB1
:10DD9000EFEFEEEE7765533211233556677E7E77CF
:10DDA0007777777676766667667667676777777769
:10DDB00077E7E7776553321113355677EEEEEFEFDD
:10DDC000EFEFFFFFFFDFDFDFDDDDDDDDDDDADADAFC
:10DDD000DADADADADADADAAAAAAAAAAAAAAAAAAA53
:10DDE000AABAB0BB0000BAAAAAAAAAAAAAAAAADA80
:10DDF000AAADADADADADADADADDDDDDDDDFDFFFFA2
:10DE0000FFFFFFFFFEFEEEEEEEE765533211223517
:10DE100056677E77E7E77777776767666666666651
:10DE200076776777777777E77766533221123356BD
:10DE300067EEEEEEEFEFFFFFFFFFFFFFFDFDFDDD05
:10DE4000DDDDDDADADADAAAAAAAAAAAAAAAAAAAA90
:10DE5000AAAAAAAAAABAABA0ABBADDBAAAAAAAAAC7
:10DE6000AAAAAAAAAADADAAAAAADADADADDDDDDD0D
:10DE7000DFDFDFDFDFFFFFFFEFEFEFEEEEF7E6665E
:10DE8000352211233556777E7E77777777676766F9
:10DE9000666666666666767777777E7E7E77655598
:10DEA000331122355667EEEEEEEEEFEFEFFFFFFD9A
:10DEB000FDFDFDDDDDDDDDDADADADADADADADADA4D
:10DEC000DADAAAAAAAAAAAAAAAAAAABAB0BABABA0C
:10DED000AAAAAAAAAAAAAAAADADAAAADADADADAD33
:10DEE000ADADADDDDDDDDDFDFFFFFFFFFFFFFEFEC4
:10DEF000EEEEEE776553321123355677E7E7E77795
:10DF0000777776766666666666667676777777770B
:10DF100077E7E766533221123355777EEEEEEFEF67
:10DF2000EFFFFFFFFFFFDFDFDFDDDDDDDDADADADEF
:10DF3000AAAAAAAAAAAAAAAAAAAAAAAAAAAAAABA31
:10DF4000ABA0ABABAAAAAAAAAAAAAAAAAAAAAADA08
:10DF5000DAAAAADADADADDDDDDDDDFDFDFDFDFFF37
:10DF6000FFFFEFEFEFEEEEF7E66553221223356683
:10DF7000777E7777777777676766666666666666C1
:10DF8000676777777E7E7E776655332112335667D3
:10DF9000EEEEEEEEFEFFEFFFFFFDFDFDFDDDDDDD54
:10DFA000DDDADADADADADADADADADADAAAAAAAAA8E
:10DFB000AAAAAAAAAABAB0BABBBBAAAAAAAAAAAA79
:10DFC000AAAADADAAAADADADADADADADADDDDDDDA0
:10DFD000DDFDFFFFFFFFFFFFFEFEEEEEEE77655378
:10DFE000321133555677E7E7E777777776766666C7
:10DFF0006666666667677777777777E7E77655339C
:10E0000021123355677EEEEEEFEFEFFFFFFFFFFFCC
:10E01000DFDFDFDDDDDDDDDDADADAAAAAAAAAAAABC
:10E02000AAAAAAAAAAAAAAAAAABAABA0BD0000BA7A
:10E03000AAAAAAAAAAAAAAAAAADADAAAAADADADA50
:10E04000DDDDDDDDDFDFDFDFDFFFFFFFEFEFEFEE49
:10E05000EEE7E66553221223356677E7E7777777B1
:10E0600077676666666666666666676777777E7EEA
:10E070007E776655332112335667EEEEEEEEFEFFE5
:10E08000EFFFFFFDFDFDFDDDDDDDDDDADADADADAF9
:10E09000DADADADADADAAAAAAAAAAAAAAAAAAABAB0
:10E0A000B0ABBBBBAAAAAAAAAAAAAAAADADAAAAD44
:10E0B000ADADADADADADADDDDDDDDDFDFFFFFFFF38
:10E0C000FFFFFEFEEEEEEE776553321223555677D4
:10E0D000E7E7E777777776767666666666666767F8
:10E0E0007777777777E7E776553321123355677E71
:10E0F000EEEEEFEFEFFFFFFFFFFFDFDFDFDDDDDD48
:10E10000DDDDADADAAAAAAAAAAAAAAAAAAAAAAAA03
:10E11000AAAAAABAABA0BABABAAAAAAAAAAAAAAA28
:10E12000AAAAAADADAAAAADADADADDDDDDDDDFDF29
:10E13000DFDFDFFFFFFFEFEFEFEEEEE7E6655322F5
:10E1400012233566777E77777777776766666666B8
:10E1500066666666676777777E7E7E77665533216B
:10E1600012335667EEEEEEEEFEFFEFFFFFFDFDFD14
:10E17000FDDDDDDDDDDADADADADADADADADADADAD0
:10E18000AAAAAAAAAAAAAAAAAABAB0ABBBBBBAAAA6
:10E19000AAAAAAAAAAAADADAAAADADADADADADAD6A
:10E1A000ADDDDDDDDDFDFFFFFFFFFFFFFEFEEEEE7F
:10E1B000EE776553321123355677E7E7E7777777C0
:10E1C000767676666666666667677777777777E7E7
:10E1D000E776553321123355677EEEEEEFEFEFFF12
:10E1E000FFFFFFFFDFDFDFDDDDDDDDADADADAAAAC7
:10E1F000AAAAAAAAAAAAAAAAAAAAAAAAAABAABA078
:10E20000BAC8CCDAAAAAAAAAAAAAAAAAAADADAAA8E
:10E21000AAADADADADDDDDDDDFDFDFDFDFFFFFFFB1
:10E22000EFEFEFEEEEEEE665532212233556777EE2
:10E230007777777777776766666666666767676713
:10E2400077777E7E7E776653322112355667EEEE03
:10E25000EEEEFEFFEFFFFFFDFDFDFDDDDDDDDDDAB6
:10E26000DADADADADADADADADADAAAAAAAAAAAAA2E
:10E27000AAAAAABAB0BC00008BAAAAAAAAAAAAAA49
:10E28000AADAAAADADADADADADADADDDDDDDDDFD87
:10E29000FFFFFFFFFFFFFEFEEFEEEE77655332114B
:10E2A00023355667E7E7E7777777767676666666AB
:10E2B000666667677777777777E777665533111202
:10E2C0003356677EEEEEFEFEFEFFFFFFFFFFDFDF51
:10E2D000DFDDDDDDDDADADADAAAAAAAAAAAAAAAA94
:10E2E000AAAAAAAAAAAAAABAABA0BA8899BAAAAA9A
:10E2F000AAAAAAAAAAAAAADADAAAAAADADADADDDDF
:10E30000DDDDDDFDFDFDFDFFFFFFFFFFEFEEEEEECE
:10E310007765533211233556677E7E777777777727
:10E320007676766666667676777777777E7E7E77A0
:10E330006553321122355667EEEEEEEFEFFFFFFF29
:10E34000FFFDFDFDFDDDDDDDDDDADADADADADADA70
:10E35000DADADAAAAAAAAAAAAAAAAAAAAABAB0AB76
:10E36000BBBABAAAAAAAAAAAAAAAAADAAAADADADA3
:10E37000ADADADADADDDDDDDDDDFDFDFFFFFFFFE30
:10E38000FEFEFEEEEEE7665332111233566777E774
:10E39000E7E77777776767676767676767677777BD
:10E3A00077777E7776655332111335566E7EEEEFB2
:10E3B000EFEFEFFFFFFFFFDFDFDDDDDDDDDDDDADFB
:10E3C000ADADAAAAAAAAAAAAAAAAAAAAAAAAAAAAA7
:10E3D000AABAABA0BBABBBAAAAAAAAAAAAAAAAAA73
:10E3E000AADADAAAAAADADADADDDDDDDDDDDFDFD7C
:10E3F000FFFFFFFFFFFFEFEEEEEE777553321122C6
:10E400003355677E7E777777777777767676767609
:10E41000767777777777E7E7E776653322112335E5
:10E420005677EEEEEEEEFEFFFFFFFFFFFFDFDFDDD4
:10E43000DDDDDDDADADADADADADADADADAAAAAAAC3
:10E44000AAAAAAAAAAAAAABAB0ABBD99AAAAAAAA13
:10E45000AAAAAAAAAADAAAADADADAADADADADADDF0
:10E46000DDDDDFDFDFDFFFFFFFFEFEFEFEEEEEE7BE
:10E47000665532211233556677E7E7E77777777786
:10E48000676767676767677777777777E77776652F
:10E4900033221123355677EEEEEEFEFEFEFFFFFF30
:10E4A000FDFDFDFDDDDDDDDDDDADADADAAAAAAAA78
:10E4B000AAAAAAAAAAAAAAAAAAAAAABAABA0BB004E
:10E4C00000DBAAAAAAAAAAAAAADAAADADAAAAAAD92
:10E4D000ADADADDDDDDDDDDDFDFDFFFFFFFFFFFFF0
:10E4E000EFEEEEEEE7765533211223356677E7E758
:10E4F0007E77777777777777767777777777777E9F
:10E500007E7E7766553321112335667EEEEEEEEF83
:10E51000EFFFFFFFFFFFFFDFDFDDDDDDDADADADA55
:10E52000DAADADADADADADAAAAAAAAAAAAAAAAAA09
:10E53000AABAB0ABBBBBAAAAAAAAAAAAAAAAAAADFF
:10E54000AAAABBBBBBBBADADADDDDDDDDFDFDFDF71
:10E55000DFFFFFFFEFEFEFEFEEE7766533211123EB
:10E560003556677E7E7777777777777767677777C0
:10E5700077777777777E77776653322112235566E0
:10E580007EEEEEFEFEFEFEFFFFFFFDFDFDFDDDDD8E
:10E59000DDDDDDADADADAAAAAAAAAAAAAAAAAAAA39
:10E5A000AAAAAAAAAABAABA0ABABAAAAAAAAAAAAC2
:10E5B000AAAAAAAAAADAABC0000000BADDDDDDDD96
:10E5C000DDDDDDFDFFFFFFFFFFFFFEFEEEEEEE7681
:10E5D000655331112335566777E7E7E77777777724
:10E5E000777777777777777777E7E7E776655333E6
:10E5F00011123355677EEEEEEEFEFFFFFFFFFFFFC9
:10E60000DFDFDFDDDDDDDADADADADAADADADADAD33
:10E61000ADAAAAAAAAAAAAAAAAAAAABAB0BABABB10
:10E62000BAAAAAAAAAAAAAAAADADAAD000000000B6
:10E63000CBADADDDDDDDDDDFDFDFDFFFFFFFEFEFEA
:10E64000EFEEEEEE776553321112335566777E7E2C
:10E6500077E777777777777777777777777E7E7EC5
:10E66000777665533211123356677EEEEEEFEFEF99
:10E67000EFFFFFFFDFDFDFDDDDDDDDDDDADADADA58
:10E68000DAAAAAAAAAAAAAAAAAAAAAAAAAAAABABB8
:10E69000ABA0BABD989BAAAAAAAAAAAAAAAAAAAAE1
:10E6A000900088880008AADDDDDDDDDDDDFDFFFFEF
:10E6B000FFFFFFFFFEFEEEEEEE77665332111233E0
:10E6C0003566777E7E7E7777777777777777777718
:10E6D000777E77E7E777665533211123355667EE66
:10E6E000EEEEEEFEFFFFFFFFFFFFFDFDDDDDDDDDFA
:10E6F000DDADADADADADADADADADADAAAAAAAAAA29
:10E70000AAAAAAAAAABAB0BBD00C8BAAAAAAAAAAD9
:10E71000AAAAAAADAAB8CBBBBBB00CAADADDDDDDD4
:10E72000DDFDFDFDFDFFFFFFFEFFEFEFEEEEE76617
:10E73000553321112335566777E7E7E7E777777792
:10E7400077777777777E77E7E777766653332111A8
:10E7500023356677EEEEEFEFEFEFEFFFFFFFDFDF42
:10E76000DFDFDDDDDDDDDADADADAAAAAAAAAAAAA13
:10E77000AAAAAAAAAAAAAAAAABABABA0ABABBBBADD
:10E78000AAAAAAAAAAAAAAADAAADAAAAADADD00859
:10E79000BADDDDDDDDDDDFDFDFFFFFFFFFFFEFEFF8
:10E7A000EEEEEEE7765533211122335566777E7E05
:10E7B000777E7E7777777777777E777E7E7E7776C0
:10E7C000655332111233556677EEEEEEEFEFFFFF31
:10E7D000FFFFFFFDFDFDDDDDDDDDADADADADADADC3
:10E7E000ADADADADAAAAAAAAAAAAAAAAAAAAAABA6D
:10E7F000B0BABABAAAAAAAAAAAAAAAAAAAAADAAA13
:10E80000ABABAB8009ADADADDDDDDDDDFDFDFDFF0D
:10E81000FFFFFFFEFEFEFEEEE77665533211123378
:10E8200055666777E7E7E7777E777777777E777E56
:10E830007E7E77776655332211123355677EEEEE72
:10E84000FEFEFEFEFFFFFFFDFDFDFDFDDDDDDDDD6E
:10E85000DADADADAAAAAAAAAAAADAAAAAAAAAAAA55
:10E86000AAAAABABABA0BABABBBBAAAAAAAAAAAACD
:10E87000AAADAAAADAD88888000DADADDDDDDDDD50
:10E88000DDDFDFFFFFFFFFFEFFFEFEEEEEEE776552
:10E8900053321112233356667777E7E7E7E77E7E38
:10E8A0007E7E77E7E7E7E7777665533321112335F7
:10E8B00056677EEEEEEEFEFFFFFFFFFFFFFFDFDDA0
:10E8C000DDDDDDDDADADADADAADADADADADAAAAAE0
:10E8D000AAAAAAAAAAAAAAAAAABAB0BBAB98C8BA54
:10E8E000AAAAAAAAAAAAAAAADAAA900000009AAD7D
:10E8F000ADADDDDDDDDFDFDFDFDFFFFFFFFEFEFED5
:10E90000FEEEEE7766553321112233556667777E2A
:10E910007E7E7E77777777E77E7E7E777766553364
:10E9200032111223356677EEEEEEEFEFEFFFFFFFC9
:10E93000FFFDFDFDFDFDDDDDDDDDADADADADAAAA6B
:10E94000AAAAAAAAAAAAAAAAAAAAAAAABABABAB0F1
:10E95000ABA90C8DBAAAAAAAAAAAAAAAAAAADB80BB
:10E96000000000AAADADDDDDDDDDDDDDFDFDFFFF7D
:10E97000FFFFFFEFEFEEEEEEE77665532211122375
:10E9800035566677777E7E7E7E7E7E7E77E7E7777A
:10E99000776665533322111233556677EEEEEEFE3D
:10E9A000FEFFEFFFFFFFDFDFDFDDDDDDDDDADADADF
:10E9B000DADAAADADADADADAAAAAAAAAAAAAAAAA67
:10E9C000AAAAABABB0BABABBBAAAAAAAAAAAAAAA5E
:10E9D000AAAADAAABBBBB900CBDADADADDDDDDDD63
:10E9E000DFDFDFFDFFFFFFFFFEFEFEFEEEE77665E9
:10E9F0005332211123335556667777E7E7E7E7E788
:10EA0000E7E7E77777766655333221112335566786
:10EA10007EEEEEEEEFEFFFFFFFFFFFFFFDFDDDDD22
:10EA2000DDDDDDDDADADADADAAAAAAAAAAAAAAAA6E
:10EA3000AAAAAAAAAAAABABABAB0BABABABAAAAAC0
:10EA4000AAAAAAAAAAAADAAADADAADB9009BDADADD
:10EA5000DDDDDDDDDFDDFDFDFFFFFFFFFEFFFEFE97
:10EA6000EEEEEE7766553321111223335566667745
:10EA70007777E7E7E7E7E77777766655533322114D
:10EA800012333566777EEEEEFEFEFEFEFFFFFFFDE3
:10EA9000FDFDFDFDDDDDDDDADADADADAAAADADADF8
:10EAA000ADADAAAAAAAAAAAAAAAAAAAAABABB0BBA7
:10EAB000ABABBBBAAAAAAAAAAAAAAAAAAABAADAA80
:10EAC000A9009AADADADADDDDDDDDFDFDFDFFFFF3E
:10EAD000FFFFFEFEFEFEEEEE777665533221112239
:10EAE00033355566667777777777777777666655C4
:10EAF00055333221112233556677EEEEEEEEFEFFEE
:10EB0000FFFFFFFFFFDFDFDDDDDDDDDDADDADADAC0
:10EB1000DADADAAAAAAAAAAAAAAAAAAAAAAAAAAAC5
:10EB2000BABABAB0BABAD8C09BAAAAAAAAAAAAAABA
:10EB3000AAB9CBABABBC00BADADADDDDDDDDDDDDF9
:10EB4000FDFDFDFFFFFFFFFFEFEFEEEEEEE7776667
:10EB500055332111122333355566667677777777EB
:10EB600067666665553332211112233556677EEE8E
:10EB7000EEEFEFEFEFEFFFFFFFDFFDFDFDDDDDDD92
:10EB8000DDDDADADADAAAAADADADADADAAAAAAAA67
:10EB9000AAAAAAAAAAAAABABB0BBAB9C8DDAAAAAB6
:10EBA000AA756AAAAAAA80089999C000BAADADADA3
:10EBB000ADDDDDDDDDDFDFDFDFFFFFFFFFFEFEFEC2
:10EBC000FEEEEE776655533221112223335555560A
:10EBD00056666666666665555533332211112233D3
:10EBE0005566777EEEEEEEFEFEFFFFFFFFFFFDFDBA
:10EBF000FDFDFDDDDDDDDADADADADADADAAAAAAA93
:10EC0000AAAAAAAAAAAAAAAAAAABABABABA0BABB49
:10EC1000ABBABABAE644444AAAAAAAD00000000095
:10EC20000DADADADADDADDDDDDDDDDFDFFFFFFFFFF
:10EC3000FFFEFFFEFEEEEEEEE77765553322111183
:10EC4000223333355555565656565555553333227E
:10EC50002111123335566777EEEEEFEFEFEFFEFF3F
:10EC6000FFFFFDFFDFDFDDDDDDDDDADDADADADAA10
:10EC7000AAAADADADADAAAAAAAAAAAAAAAAAAAAA34
:10EC8000ABABB0BBABBBABD6544444444AAAAAAA74
:10EC9000A900000000AAAADADADADDDDDDDDDDFD9B
:10ECA000FDFDFDFFFFFFFFFEFEFEFEFEEEE77766C9
:10ECB000655332211111223333353555555555558C
:10ECC0003533332221111123335566777EEEEEEE74
:10ECD000EFEFEFEFFFFFFFFFDFDFDDDDDDDDDDDD90
:10ECE000DADADADADADADAAAAAAAAAAAAAAAAAAA34
:10ECF000AAAAAAABABABBAB0BABBA754444444442B
:10ED0000457AAAAAAAABBBBBBBBBAAADADADADADA4
:10ED1000ADDDDDDDDDDFDFFFFFFFFFFFFFFFEFEE3E
:10ED2000EEEEEEE7766555333211111122233333BF
:10ED300033353533333333222111112233355666BF
:10ED400077EEEEEEFEFEFEFFFFFFFFFFDFFFDFDFF1
:10ED5000DDDDDDDDADADADADADAAAAAADADADAAAA8
:10ED6000AAAAAAAAAAAAAAAAAAAABABBB0BBBAB4B1
:10ED7000444444456AAAAAAAAAAAADAAAAAAADADC1
:10ED8000AADADADADDDDDDDDDDDFDFDFDFDFFFFFA1
:10ED9000FFFEFEFEFEFEEEEEE777666553332211C0
:10EDA0001111222233333333333322221111112232
:10EDB0003335556677E7EEEEEEEEEFEFFEFFFFFF41
:10EDC000FFFDFDFDFDDDDDDDDDDDDADADADAADAD3D
:10EDD000ADAAAAAADAAAAAAAAAAAAAAAAABABABA30
:10EDE000BAB0BBABB744446FAABAAAAAAAAAAAAA45
:10EDF000AADADADAAADADADADADADDDDDDDDDDDDC1
:10EE0000FDFFFFFFFFFFFFFFEFEFEEFEEEEEE77609
:10EE1000665553332211111112222223232222225A
:10EE2000111111222333555667777EEEEEEFEFFE78
:10EE3000FEFFFFFFFFFDFFDFDFDDDDDDDDDDADAD73
:10EE4000ADADAADAAAAAADADAAAAAAAAAAAAAAAAE6
:10EE5000AAAAAAAABABBB0BBBABD57BABAAAAAAAEA
:10EE6000AAAAAAAAAAAAAAAAADADAAADADADADDAC0
:10EE7000DDDDDDDDFDFDFDFDFFFFFFFFFFFEFEFE35
:10EE8000EEEEEEE7E77665553333221111111112DC
:10EE900012212111111111222333555666777EEE6E
:10EEA000EEEFEEFEFEFFFFFFFFFFFFDFDFDDDDDD4C
:10EEB000DDDDDADDADADADADADADADAAAAAAAAAAD4
:10EEC000AAAAAAAAAAAAAABABABBABB0BBABABBB46
:10EED000ABBAAAAAAAAAAAAAAAADAADADADAAADABE
:10EEE000DADADADADDDDDDDDDDDDFDFDFFFFFFFF96
:10EEF000FFFEFFFEFEFEFEEEEEE77766655533335E
:10EF00002222111111111111111112222333355521
:10EF1000666777EEEEEEEEEFEFEFFEFFFFFFFFFD31
:10EF2000FFDFDFDDDDDDDDDDADADADADAAAAAAAA77
:10EF3000DADADAAAAAAAAAAAAAAAAAAAAAABABBB8E
:10EF4000B0BBBBBAABB9CBAAAAAAAAAAAAAAAAAAB8
:10EF5000AAAAADADAAADADADADADADDDDDDDDDDFF8
:10EF6000DFDFDFFFFFFFFFFEFFEFEFEEEEEEEE77FE
:10EF70007666555533332322222121221222222361
:10EF800023335555666777EEEEEEEFEFEFEFFFFFB9
:10EF9000FFFFFFFFDFDFDFDDDDDDDDDDADDADADA4C
:10EFA000DAADADADADAAAAAAAAAAAAAAAAAAAAAA85
:10EFB000ABABABABABB0BBABABBC008BAAAAAAAA4A
:10EFC000AAAAAAAADADADADAAAADAADADADADDDDE8
:10EFD000DDDDDDDDDDFDFDFFFFFFFFFFFFFEFEFEF2
:10EFE000FEFEEEEEEE7E6766655535333333232342
:10EFF00023232333335355556667777EEEEEEEEECB
:10F00000FEFEFFEFFFFFFFFFFFFDFDFDDDDDDDDDB0
:10F01000DDDDADADADADAAAAAAAADADAAAAAAAAA7E
:10F02000AAAAAAAAAAAAAABABBBBB0BBBBBAB9BBB6
:10F03000BAAAAAAAAAAAAAAAAAAAAAAAADADAADAEA
:10F04000ADADADADADDDDDDDDDDFDFDFDFDFFFFF92
:10F05000FFFFFFFFEFEFEEEEEEEEE7E766665655D9
:10F060005353333333333333335355556666777ED7
:10F07000EEEEEEEFEFEFEFEFFFFFFFFFFFDFDFDF83
:10F08000DFDFDDDDDDDADADADADADAADADADADAAB1
:10F09000AADAAAAAAAAAAAAAAAAABABABABABBB049
:10F0A000BBABABBBBAAAAAAAAAAAAAAAAAAAAAAA8C
:10F0B000DADAAAADAADADADADADDDDDDDDDDDDFD08
:10F0C000FDFFFFFFFFFFFFFEFEFEFEFEFEEEEEEE8B
:10F0D0007E7E676656555555555555555555565668
:10F0E00066667777EEEEEEEEEEFEFEFFFFFFFFFFC9
:10F0F000FFFFFFDFDFDDDDDDDDDDDDADADADADAAC9
:10F10000DAAAAAAAADAAAAAAAAAAAAAAAAAAAAAA2C
:10F11000ABABBBBBB0BBBBBABAABBBBAAAAAAAAAC1
:10F12000AAAAAAAADAAAADADAADAADADADADADADC7
:10F13000DDDDDDDDDDFDFDFDFFFFFFFFFFFFFEFE91
:10F14000FEEEFEEEEEEEE7E7776666656555555531
:10F1500055556565666777E7EEEEEEEEEEFEEFEF8E
:10F16000EFEFFFFFFFFFFDFDFDFDDFDDDDDDDDADD1
:10F17000DADADADADAADADADADAAADAAAAAAAAAAF0
:10F18000AAAAAAAABABABABABBB0BBBBABABBD807B
:10F190008BAAAAAAAAAAAAAAAAAADADAAAADADAA88
:10F1A000ADADADADDADDDDDDDFDFDFDFDFFFFFFFE2
:10F1B000FFFFFEFFFEFEFEEEEEEEEEEE7E777776D2
:10F1C0006666666666666667677777E7EEEEEEEE1A
:10F1D000FEFEEFEFEFFFFFFFFFFFFFFFDFDFDFDDF3
:10F1E000DDDDDDDDDADADADADAAADAAAAAAADAAA63
:10F1F000AAAAAAAAAAAAAAAAAAAAABABBBBBB0BB34
:10F20000BBBBBB90C9BAAAAAAAAAAAAAAAAAAAAA16
:10F21000ADADAAAADADADADADADDDDDDDDDDDDDFF1
:10F22000DFDFDFFFFFFFFFFFFEFFEFEFEFEFEEEEB1
:10F23000EEEEEE777777776767676767777777EED2
:10F24000EEEEEEEEEEEEEFEFEFFFEFFFFFFFFFFD76
:10F25000FDFDFDFDDDDDDDDDDADDADADADADADAD81
:10F26000ADADADAADAAAAAAAAAAAAAAAAAABABABC2
:10F27000ABABBBB0BBBBABABBBBBBAAAAAAAAAAA7F
:10F28000AAAAAAAAAADAAAADADAAADADADADADAD96
:10F29000DDDDDDDDDDFDFDFFDFFFFFFFFFFFFEFE4E
:10F2A000FEFEEEEEEEEEEEEEEEEE7E77E7E7E7E761
:10F2B000E7E7EEEEEEEEEEEEEEFEFEFEFEFFEFFF19
:10F2C000FFFFFFFFFFFDFDFDDDDDDDDDDDDDADADC4
:10F2D000ADADAAAAAAAAAAAAAAAAAAAAAAAAAAAA88
:10F2E000AAAAAAAABABBBBBBB0BBBBBBBABABAABD1
:10F2F000AAAAAAAAAAAAAAAAAADAADADAAAADADAD8
:10F30000DADADADADDDDDDDDDDDDDFDFDFFFFFFFCD
:10F31000FFFFFFFFFFEFEFEFEFEFEEEEEEEEEEEEB3
:10F32000EEEEEEEEEEEEEEEEEEEEEEEEEEEEEEEFFC
:10F33000EFEFEFFFFFFFFFFFFDFDFDFDFDDFDDDD7B
:10F34000DDDDDADADADADADADADADADADAADAAAAA4
:10F35000AAAAAAAAAAAAAABABABABABBBBB0BBBB83
:10F36000BABABABBB8DAAAAAAAAAAAAAAAAAAADA4E
:10F37000AAADADAAAAADADADADDADDDDDDDDFDDF57
:10F38000DFDFDFDFFFFFFFFFFFEFFEFEFEFEEEEF42
:10F39000EEEEEEEEEEEEEEEEEEEEEEEEEEEEEEEE8D
:10F3A000EFEEFEFEFEFFFFFFFFFFFFFFFFFFFDFD95
:10F3B000FDDDDDDDDDDDDDADADADAADAAAAAAAAAEF
:10F3C000AAAAAAAAAAAAAAAAAAAAAAAAAAAABABB7C
:10F3D000BBBBB0BBBBBBBABBDC00AAAAAAAAAAAA89
:10F3E000AAAAAAAAAADADAAADADADADAABABAADD28
:10F3F000DDDDDDDDDDDFDFDFFFFFFFFFFFFFFFFF27
:10F40000FFEFEFEFEEEFEFEEEEEEEEEEEEEEEEEE06
:10F41000EEEEEEEEEEEEEFEFEFEFEFEFFFFFFFFFC2
:10F42000FFFDFDFDFDFDFDDDDDDDDDADDADADADA66
:10F43000AADADADADADADADAAAAAAAAAAAAAAAAADC
:10F44000ABABABABABBBBBB0BBBBBABBBA9CBBBA89
:10F45000AAAAAAAAAAAAAAAAAAAAAAADADAAAAAA06
:10F46000B9999999BADDDDDDDDDFDFDFDFDFDFFFB1
:10F47000FFFFFFFFFEFEFFEFEFEFEEEEEFEEEEEE33
:10F48000EEEEEEEEEEEEEEFEFEFEFEFEFEFEFFFF0A
:10F49000FFFFFFFFFFFFFFFFDFDFDDDDDDDDDDDD88
:10F4A000DDADADADADADAAAAAAAAAAAAAAAAAAAA7A
:10F4B000AAAAAAAAAAAAAABABBBBBBBBB0BBBBBB1F
:10F4C000BABBBBBAAAAAAAAAAAAAAAAAAAAADADAFA
:10F4D000DAAADADADBC00000008AADDDDDDDDDDDD1
:10F4E000FDFDFFFFDFFFFFFFFFFFFFFEFEFEFEFE55
:10F4F000FEFEEFEEEFEEEEEEEEEFEFEEEEEEEFEF06
:10F50000EFEFEFFEFEFFFFFFFFFFFDFDFDFDFDDD69
:10F51000DDDDDDDDADADADADADAAAADADADADADA80
:10F52000ADAAAAAAAAAAAAAAAAAAABABABABABBB22
:10F53000BBB0BBBBBBBBBABAABBBBAAAAAAAAAAA8E
:10F54000AAAAAAAAAAADADAAAAB00000000009AD55
:10F55000DDDDDDDDDDDDFDFDFDFFFFFFFFFFFFFF8D
:10F56000FFFFFEFEFEFEFEFEEFEEEFEFEFEFEEEE34
:10F57000FEFEFEFEFEFEFFFFFFFFFFFFFFFFFDFFA3
:10F58000DFDFDFDDDDDDDDDDDDDDDDADADADADAD95
:10F59000AAAAAAAAAAAAAAAAAAAAAAAAAAAAAAAACB
:10F5A000BABABBBBBBBBB0BBBBBBBABBABBB80DAE5
:10F5B000AAAAAAAAAAAAAAAAADADAAAADADAA900F0
:10F5C000ABBBD000BADDDDDDDDDDFDDFDFDFDFDFA2
:10F5D000FFFFFFFFFFFFFEFFFFEFEFEFEFEEFEFE8F
:10F5E000EEEEEEFEFEEFEFEFEFEFFFFEFFFFFFFFB1
:10F5F000FFFFFFFFDFFDFDFDDDDDDDDDDDDADADA5A
:10F60000DADADAAAAADADADADADADAAAAAAAAAAAAA
:10F61000AAAAAAAABAABABABBBBBBBB0BBBBBBBBBA
:10F62000BABA90CDBAAAAAAAAAAAAAAAAAAAAAADFE
:10F63000ADAAADAB9BAAAAB000BDDDDDDDDDDDDD91
:10F64000FDFDFDFFFDFFFFFFFFFFFFFFFFEFFFFEE3
:10F65000FEFEFEFEFEFFFFFEFEFEFEFEFEFFFEFEC7
:10F66000FFFFFFFFFFFFFFFDFDFFDFDFDDDDDDDD76
:10F67000DDDDDDDDADADADADADADAAAAAAAAAAAA0C
:10F68000AAAAAAAAAAAAAAAAAAAABABBBBBBBBBB75
:10F69000B0BBBBBBBBABBBDDBBABAAAAAAAAAAAA29
:10F6A000AAAAAADAAAAADADADAAAADAAB00CBADA4F
:10F6B000DDDDDDDDDDDDDFDFDFDFFDFFFFFFFFFFA8
:10F6C000FFFFFFEFEFFFFFEFEFEFEFEFEFEFEFEFFA
:10F6D000FFFFFEFFFFFFFFFFFFFFFFFFDFFFDFDF9B
:10F6E000DDDDDDDDDDDDDADADADADADADAAAAADAC8
:10F6F000DADADAADAAAAAAAAAAAAAAAAAAABABABD4
:10F70000ABABBBBBBBB0BBBBBBBBBBABABABBDBAA3
:10F71000AAAAAAAAAAAAAAAAAAADADAAAAAAADAA40
:10F72000AB0008BDDDDDDDDDDDDDDFDDFDFDFFDFA7
:10F73000DFFFFFFFFFFFFFFFFFFFFFEFFFFFFFFF09
:10F74000FFFFFFFFFEFEFEFFFFFFFFFFFFFFFFFFCC
:10F75000FDFDFDFDFDDFDDDDDDDDDDDDDDADADADC7
:10F76000ADADADADAAAAAAAAAAAAAAAAAAAAAAAAED
:10F77000AAAAAAAABABBBBBBBBBBB0BBBBBBBBAB39
:10F78000BABABAC00BAAAAAAAAAAAAAAAAADAAAA2F
:10F79000DADADADADBD000CDADADADDDDDDDDDDD31
:10F7A000DDDFDFDFDFFFDFFFFFFFFFFFFFFFFFFF2B
:10F7B000FFEFFEFEFEFEFEFEFEFFFFFFFFFFFFFF70
:10F7C000FFFFFFFFDFDFDFDFDFDDDDDDDDDDDDDADA
:10F7D000DADADADADADAAAAAAADADADAAAAAAAAAD9
:10F7E000AAAAAAAAAAAAAABABABABABBBBBBBBB0EF
:10F7F000BBBBBBBBBABABB80008BAAAAAAAAAAAAE7
:10F80000AAAAAAAAADAAAAAAAAB80008AAADADDD5A
:10F81000ADDDDDDDDDDFDDFDFDFDFDFDFFFFFFFF1E
:10F82000FFFFFFFFFFFFFFFFFFFFFFFFFFFFFFFFE8
:10F83000FFFFFFFFFFFFFFFFFFFFFDFDFDFDFDDD04
:10F84000DDDDDDDDDDDDADADADADADADADADAAAACE
:10F85000AADAAAAAAAAAAAAAAAAAAAAAAAABABBBC5
:10F86000BBBBBBBBB0BBBBBBBBBBBBAB00CDBAAABE
:10F87000AAAAAAAAAAAAAAAAADAADADADAABC000E8
:10F880009BAADADADADDDDDDDDDDDDDDDFDFDFDF1E
:10F89000DFDFFFFFFFFFFFFFFFFFFFFFFFFFFFFFB8
:10F8A000FFFFFFFFFFFFFFFFFFFFFFFFFDFDFDFD70
:10F8B000FDFDDDDDDDDDDDDDDADADADADADADAAA80
:10F8C000AAAAAADADADAAAAAAAAAAAAAAAAAAAAA08
:10F8D000ABABABABABBBBBBBBBB0BBBBBBBBBBBAD4
:10F8E000BBBDBBABBAAAAAAAAAAAAAAAAAAAAAAA32
:10F8F000AAABA0000ABDADADADADADADDDDDDDDDCA
:10F90000DDDDDDFDFDFDFDFDFFFFFFFFFFFFFFFF77
:10F91000FFFFFFFFFFFFFFFFFFFFFFFFFFFFFFFFF7
:10F92000FFDFFFDFDFDFDDFDDDDDDDDDDDDDDDADCB
:10F93000ADADADADADADADADAAAAAAAAAAAAAAAA0F
:10F94000AAAAAAAAAAAABABABBBBBBBBBBBBB0BB7A
:10F95000BBBBBBBBBBBABABABD9BAAAAAAAAAAAA7E
:10F96000AAAAAADADADAB9000CBAAADADADADADD9D
:10F97000DDDDDDDDDDDDDDFDDFDFDFDFDFDFDFFF67
:10F98000FFFFFFFFFFFFFFFFFFFFFFFFFFFFFFFF87
:10F99000FFFFFFFFDFDFFDFDFDFDFDDDDDDDDDDD6B
:10F9A000DDDADADADADADADAAAAAAAAAAADADAADD1
:10F9B000AAAAAAAAAAAAAAAAAAAABAABABABABBB82
:10F9C000BBBBBBB0BBBBBBBBBBBBABBABBC08BAADF
:10F9D000AAAAAAAAAAAAAAAAAAAAAA80008BAADA4A
:10F9E000ADADADADADADADDDDDDDDDDDDDDDFDFD57
:10F9F000FDFDFFFFDFFFFFFFFFFFFFFFFFFFFFFF3B
:10FA0000FFFFFFFFFFFFFFFFDFFFFDFDFDFDFDDD52
:10FA1000DDDDDDDDDDDDDDDDADADADADADADADAD96
:10FA2000ADADAAAAAAAAAAAAAAAAAAAAAAAAAAAA30
:10FA3000BABBBBBBBBBBBBBBB0BBBBBBBBBBBBBB22
:10FA4000ABB0CABAAAAAAAAAAAAAAAAAAAAADAB8A1
:10FA5000000BBBBBBBAADADADADADDDDADDDDDDD5A
:10FA6000DDDDDDDDFDFDFDFDFDFDFDFDFFFFFFFF3E
:10FA7000FFFFFFFFFFFFFFFFFFFFFFFDFDFDFDFDA0
:10FA8000FDFDFDDDDDDDDDDDDDDDDADADADADADA58
:10FA9000DAAAAAAAAAAAAADAADAAAAAAAAAAAAAA63
:10FAA000AAAAAABABABABABABBBBBBBBBBB0BBBBE9
:10FAB000BBBBBBBBBABABBBABABAAAAAAAAAAAAA01
:10FAC000AAAAAAAAAC00000000009AADADADADADE7
:10FAD000ADDDDDDDDDDDDDDFDDDFDFDFDFDFDFFF56
:10FAE000FFDFDFFFFFFFFFFFFFFFFFFFFFFFDFDFA6
:10FAF000DFFFDFFDFDFDFDDFDDDDDDDDDDDDDADD91
:10FB0000DDADADADADAADADADADADADAAAAAAAAAF6
:10FB1000AAAAAAAAAAAAAAAAAAAABABBBBBBBBBBE0
:10FB2000BBBBB0BBBBBBBBBBBBBBBABABABB9BAA64
:10FB3000AAAAAAAAAAAAAAAAAAB00000000000BA61
:10FB4000AADADADADADDADADDDDDDDDDDDDDDDDD84
:10FB5000FDFDFDFDFDFDFFFDFDFDFDFFFFFFFFFFC9
:10FB6000FDFDFDFDFFFDFDFDFDFDFDDDDDDDDDDD63
:10FB7000DDDDDDDDDADADADADADAADAAAAAAAAAAF6
:10FB8000AAAADAAAAAAAAAAAAAAAAAAAABABABABA1
:10FB9000ABBBBBBBBBBBBBB0BBBBBBBBBBBBBABBD1
:10FBA000ABABBC0DBAAAAAAAAAAAAAAAAAAAA88852
:10FBB00088888888AADADADADADADADDDADDDDDD11
:10FBC000DDDDDDDDDDDDDFDFDFDFDFDFDFFFFFFFF1
:10FBD000DFDFDFDFDFDFFFDFFDFDFDFDFDFDFDDF43
:10FBE000DDDDDDDDDDDDDDDADADDADADADADAADA41
:10FBF000DADADADADADADAAAAAAAAAAAAAAAAAAA15
:10FC0000AAAAAABABBBBBBBBBBBBBBBBB0BBBBBB83
:10FC1000BBBBBBBBBABABD0CBAAAAAAAAAAAAAAA5B
:10FC2000AAAAAAAABBBBBBBBABAAAAAADAADADADB6
:10FC3000ADADDADDDDDDDDDDDDDDDDFDFDFDFDFDB7
:10FC4000FDFDFDFDFDFDFDFDFDFDFDFDFDFDFDFDE4
:10FC5000FDFDFDDDDDDDDDDDDDDDDDDDDDDDADADD4
:10FC6000ADADADADAAAAAAAAAAAAAAAAAAAAAAAAE8
:10FC7000AAAAAAAAAAAABABABABABBBBBBBBBBBB3E
:10FC8000BBB0BBBBBBBBBBBBBBBBABAA9BABABAA41
:10FC9000AAAAAAAAAAAAAAAAAAAADADADAAADADAD4
:10FCA000DADADADADADADADDADDDDDDDDDDDDDDDC9
:10FCB000DDDDDFDFDFDFDFDFDFDFDFDFDFDFDFDF58
:10FCC000DFDFDFDFDFDFDDDDDDDDDDDDDDDDDDDA5B
:10FCD000DADADADADADAADAAAADADADADADADAAD3E
:10FCE000AAAAAAAAAAAAAAAAAAAAAAAAAABABBBB42
:10FCF000BBBBBBBBBBBBB0BBBBBBBBBBBBBBBBBB5F
:10FD0000BBBBABB9BAAAAAAAAAAAAAAAAAAADAAAE1
:10FD1000AAADADAAAAAAAADADADADADADADDADDDB4
:10FD2000DDDDDDDDDDDDFDDDDDDDFDFDFDFDFDFD23
:10FD3000FDFDFDFDFDFDFDFDFDFDDDDDDDDDDDDDB3
:10FD4000DDDDDDDDDDDDDADADADADADAADADAAAABB
:10FD5000AAAAAAAAAAAAAAAAAAAAAAAAAAAAAAAB02
:10FD6000ABABABBABBBBBBBBBBBBBBB0BBBBBBBB1F
:10FD7000BBBBBBBBABABAABB00BAAAAAAAAAA7EAE9
:10FD8000AAAAAAAAAADADAAADADADADAADADADADA7
:10FD9000ADADDADDDDDDDDDDDDDDDDDDDDDDFDDDD6
:10FDA000DFDFDFDFDFDFDFDFDFDFDFDFDDDDDDDD6B
:10FDB000DDDDDDDDDDDDDDDDADADADADADADADADF3
:10FDC000AADAAADADADADADAADAAAAAAAAAAAAAA70
:10FDD000AAAAAAAAAABABABABBBBBBBBBBBBBBBBCB
:10FDE000B0BBBBBBBBBBBBBBBBBBBABB908BAAAAEC
:10FDF000AAAAAA644AAAAAAAAADAAAADADAAAAAAD3
:10FE0000ADAAADAADADADADADADADDDDDDDDDDDDFA
:10FE1000DDDDDDDDDDDDDDDDDDFDFDFDFDFDDDDD72
:10FE2000DDDDDFDDDDDDDDDDDDDDDDDDDADDDADA09
:10FE3000DADADADADAADADADAAAAAAAAAAAAAAAA29
:10FE4000AAAAAAAAAAAAAAAAABABABABABBBBBBBDA
:10FE5000BBBBBBBBBBB0BBBBBBBBBBBBBBBBBBAB0D
:10FE6000AB99BABABAAAAAA54444AAAAAAAAAAAAA3
:10FE7000DAAADADADADAADADADADADADADADDDDA77
:10FE8000DDDDDDDDDDDDDDDDDDDDDDDFDDFDDDDD80
:10FE9000DDDDDDDDFDDDDDDDDDDDDDDDDDDDDDDD72
:10FEA000DADDDADADADADADADAAADAAAAADADADA3F
:10FEB000DAADAAAAAAAAAAAAAAAAAAAAAAAAAAAB6E
:10FEC000ABBBBBBBBBBBBBBBBBBBB0BBBBBBBBBB9D
:10FED000BBBBBBBBBBBBBBBABB9BAAAA44444AAA25
:10FEE000DDAAAAAADAAADAAAAAAAADAAAAAADADA7C
:10FEF000DADADADADDDADDDDDDDDDDDDDDDDDDDD41
:10FF0000DDDDDDDDDDDDDDDDDDDDDDDDDDDDDDDD21
:10FF1000DDDDDDDDDADDADADADADADADADAADAADCA
:10FF2000ADADAAAAAAAAAAAAAAAAAAAAAAAAAAAA2B
:10FF3000AAAABABABABABBBBBBBBBBBBBBBBBBB042
:10FF4000BBBBBBBBBBBBBBBBBBBABABAABD0CBABFF
:10FF5000A44444AAAAAAAAAAAAAAAAAADADADADA13
:10FF6000DADADAADADAABABAADADADDDADDDDDDD63
:10FF7000DDDDDDDDDDDDDDDDDDDDDDDDDDDDDDDDB1
:10FF8000DDDDDDDDDDDDDDDADADDADADADADADADC7
:10FF9000ADAAADAADAAAAADADADAADAAAAAAAAAAF8
:10FFA000AAAAAAAAAAAAAAAABABABBBBBBBBBBBB2B
:10FFB000BBBBBBBBB0BBBBBBBBBBBBBBBBBBBBBB9C
:10FFC000ABB909BABF44445AAAAAAAAAAAAAAADAE9
:10FFD000AAAAAAAAAAAAAAADAADAA99999AADADA11
:10FFE000DADDADADDDDDDDDDDDDDDDDDDDDDDDDDA4
:10FFF000DDDDDDDDDDDDDDDDDDDDDDDDADDDDADA67
:020000040805ED
:10000000DADADADADADAADAADAADADADAAAAAAAAF4
:10001000AAAAAAAAAAAAAAAAAAAAAABABABABBBAEF
:10002000BBBBBBBBBBBBBBBBBBB0BBBBBBBBBBBB2B
:10003000BBBBBBBBBABAB9DBAB644446AAAAAAAA8B
:10004000AAAAAAAAAAAADADADADADADADADAAAB08A
:100050000000BDADADADDADDDDADDDDDDDDDDDDD6D
:10006000DDDDDDDDDDDDDDDDDDDDDDDDDDDDDDADF0
:10007000ADDDADADADADADAADADAAADAADAADAAAD8
:10008000AADADAADAAAAAAAAAAAAAAAAAAAAAAAA6D
:10009000AAABABBABBBBBBBBBBBBBBBBBBBBB0BBED
:1000A000BBBBBBBBBBBBBBBBBBBBBBBBAAB54444A5
:1000B000EAAAAAAAAAAAAAAAAAAADAAAAAAAAAAA30
:1000C000AAAAADADB00008AADADADADADADADDAD7A
:1000D000ADDDDDDDDDDDDDDDDDDDDDDDDDDDDDDD80
:1000E000DDDDDADDDDDDADADADADADADADADAADAF9
:1000F000ADAADAADADADAAAAAAAAAAAAAAAAAAAA24
:10010000AAAAAAAAABABABABABBBBBBBBBBBBBBBD3
:10011000BBBBBBB0BBBBBBBBBBBBBBBBBBBBBABA3C
:10012000BABB44444AAAAAAAAAAAAAAAAAAAAAAA3A
:10013000AADADADADADADADAAAAD9009BDADADAD6B
:10014000ADADADDADDDDDADDDDDDDDDDDDDDDDDD75
:10015000DDDDDDDDDDDADADDADADADADADADADAD55
:10016000ADADAAADAADAADAADAAAAAAAADAAAAAA80
:10017000AAAAAAAAAAAAAAAAABAAABABABBBBBBBA8
:10018000BBBBBBBBBBBBBBBBB0BBBBBBBBBBBBBBCA
:10019000BBBBBBBBBBBABE4444BABAAAAAAAAAAAF2
:1001A000AAAAAAAAAAAAAAAAAAAAAAAAADADAA80D3
:1001B0000DDADADADADADADADADADADDDDDDADADBD
:1001C000DDDDDDDDDDDDDDDADADDDDDDDADADADA71
:1001D000DADADADADADADAADAADAADAADAADADADC0
:1001E000ADAAAAAAAAAAAAAAAAAAAAAAAAAAABAB6A
:1001F000ABBBABBBBBBBBBBBBBBBBBBBBBB0BBBB7A
:10020000BBBBBBBBBBBBBBBBBBBBABAB745BABBA16
:10021000AAAAAAAAAAAAAAAAAAAAAADAAADADADA7E
:10022000DADAAAABC00AADADADADADADADADADAD39
:10023000DADADADDDDADADDDDDDADADADDDDADADC0
:10024000ADADADADADADADADADADAAAADAADAADA8D
:10025000ADAADAAAAAAAAAAAAAAAAAAAAAAAAAAACB
:10026000AAAABABAABABABBBBBBBBBBBBBBBBBBB32
:10027000BBBBB0BBBBBBBBBBBBBBBBBBBBBBBBBBD9
:10028000BAB7BABD0BAAAAAAAAAAAAAAAAAAAAAA2D
:10029000AADAAAAAAAAAADADAB000BAAAADADADA40
:1002A000DADADADADADADADDADADDDDDADADADDD83
:1002B000DDDADADADADADADADADADADADADADAADC8
:1002C000ADADAADAADAADAADAAADAAAAAAAAAAAA1F
:1002D000AAAAAAAAAAAAAAAAABABBBBBBBBBBBBB16
:1002E000BBBBBBBBBBBBBBB0BBBBBBBBBBBBBBBB69
:1002F000BBBBBBBBABABBBAB909BAAAAAAAAAAAA2F
:10030000AAAAAAAAAAAAAAAADADADADAAAAB00CB15
:10031000DADAADADADAADADADADADADADADADADAF4
:10032000DADDADADADADADADADADADADADADADAAA3
:10033000DADAAAAADAAAAAADAADAADADAAADAAAA51
:10034000AAAAAAAAAAAAAAAAAAAAAABABABABABABD
:10035000BBBBBBBBBBBBBBBBBBBBBBBBB0BBBBBBF8
:10036000BBBBBBBBBBBBBBBBBBBBBBABBD0DBBABA9
:10037000AAAAAAAAAAAAAAAAAAAAAAAADAAAAAAAAD
:10038000ADADAD008AAAADAAAADADADAADADADADEF
:10039000ADADADADADADABBBBBBBBADADADADADA77
:1003A000DADADADADADAAADADAADADADAADAADAAF1
:1003B000AAAAAAAAAAAAAAAAAAAAAAAAAAAAAAAA9D
:1003C000AAABABABBBBBBBBBBBBBBBBBBBBBBBBBBE
:1003D000BBB0BBBBBBBBBBBBBBBBBBBBBBBBBBAB88
:1003E000BABABAAAB9DBAAAAAAAAAAAAAAAAAAAAFD
:1003F000AAAADAAADADAAAA9009BDADADADAAAAAC7
:10040000DADADAADADADADADADADAAAC0000000A43
:10041000ADADADADADADADADADAAADADAAAADAAAEB
:10042000AAADAADAADAAADAAAAAAAAAAAAAAAAAAF3
:10043000AAAAAAAABABABABABBABBBBBBBBBBBBB64
:10044000BBBBBBBBBBBBB0BBBBBBBBBBBBBBBBBB07
:10045000BBBBBBBBBBABABBBAB90DDBAAAAAAAAA6A
:10046000AAAAAAAAAAAAAAAADAAAADADB800DDAA1F
:10047000AAAAADADADAAADADADAADADADADADAAADA
:100480000000000000BADADADADADADADAAAADAABB
:10049000AADADAADADADAADAADAAADAAAAAAAAAA1D
:1004A000AAAAAAAAAAAAAAAAAAAAABABABBABBBB77
:1004B000BBBBBBBBBBBBBBBBBBBBBBB0BBBBBBBB97
:1004C000BBBBBBBBBBBBBBBBBBBBBBBABAB90DBA2F
:1004D000AAAAAAAAAAAAAAAAAAAAAAAAAAAAAAAA7C
:1004E000AAAC00AADADADADAAAAAADAAAAADADAD48
:1004F000ADADADAAB00008888C00CBADADADADAA56
:10050000AAAADADAADADAAAADAAAAAADADAAADAAAC
:10051000AAAAAAAAAAAAAAAAAAAAAAAAAABABABA0B
:10052000BABABBBBBBBBBBBBBBBBBBBBBBBBBBBB1D
:10053000B0BBBBBBBBBBBBBBBBBBBBBBBBBBBBBA17
:10054000BBABBCDDBABBAAAAAAAAAAAAAAAAAAAA93
:10055000AAAAAADAAADAB000BAAAAAAAADADADAA26
:10056000ADADAAAAAADADADADAB00CBBBABB000AD5
:10057000ADAADAAAADADADAAADAAAADADAADADAD33
:10058000AAAAAAAAAAAAAAAAAAAAAAAAAAAAAAAACB
:10059000AAAAAAABABABBBBBBBBBBBBBBBBBBBBB0E
:1005A000BBBBBBBBBBB0BBBBBBBBBBBBBBBBBBBBA6
:1005B000BBBBBBBBBBBABABBABAB80BAAAAAAAAA2D
:1005C000AAAAAAAAAAAAAAAAAADABBB008BBDADA75
:1005D000DADAAAAADADAAADADADAAAAAADADD008A1
:1005E000BDAAAB00CBAADAADADAAAAAADADAADAD44
:1005F000AAAADAAAAAAAAADAAAAAAAAAAAAAAAAAFB
:10060000AAAAAAAAAAAABABABABABBABBBBBBBBBB4
:10061000BBBBBBBBBBBBBBBBBBBBB0BBBBBBBBBB35
:10062000BBBBBBBBBBBBBBBBBBBBBBBBABBAB90ADE
:10063000AAAAAAAAAAAAAAAAAAAAAAAAAAAAAA9034
:1006400000000CBAAAAAADADADAAADADAAAAAADAAD
:10065000DADAAA9009AAADAD008AADAADAAADADA86
:10066000DAAAADAAAADADAADADADAADAAAAAAAAA1E
:10067000AAAAAAAAAAAAAAAAAAAAAAAAABABABBAC7
:10068000BBBBBBBBBBBBBBBBBBBBBBBBBBBBBBB0C5
:10069000BBBBBBBBBBBBBBBBBBBBBBBBBBBBBBBAAB
:1006A000BABBABD0DBBABBAAAAAAAAAAAAAAAAAA10
:1006B000AAAAAAABC0000009AADADADAAAAADADA88
:1006C000AAADADADAAAAADAA800DADAAA9009AAAFD
:1006D000ADADADAAAAAADADAADADAAAADAAAAAAADB
:1006E000AAAAAAAAAAAAAAAAAAAAAAAAAAAAAABA5A
:1006F000BABABABABBBBBBBBBBBBBBBBBBBBBBBB4E
:10070000BBBBBBBBB0BBBBBBBBBBBBBBBBBBBBBB44
:10071000BBBBBBBBBBBBBABABABAABC8BAAAAAAA64
:10072000AAAAAAAAAAAAAAAAAA9888888DAAAAAA9C
:10073000ADADADAAADADAAAAAADADADAABC00AAA03
:10074000DAB800DAADAAAAAADADADAAAADAAAADA7F
:10075000DAAAAADAAAAAAAAAAAAAAAAAAAAAAAAA99
:10076000AAAAAAABAAABABABBBBBBBBBBBBBBBBB5D
:10077000BBBBBBBBBBBBBBBBBBB0BBBBBBBBBBBBD4
:10078000BBBBBBBBBBBBBBBBBBBBBBBBABABABA9FB
:100790000BBABAAAAAAAAAAAAAAAAAAAAAAAAABB27
:1007A000BBAAAADADADAAAAADADAAAADADADAAAA9F
:1007B000AADB000BADAAAC00AADAADADADAAAAAA1D
:1007C000DADAADADAAAAAADAAAAAAAAAAAAAAAAAF3
:1007D000AAAAAAAAAAAAAAABAABABABABBABBBBB14
:1007E000BBBBBBBBBBBBBBBBBBBBBBBBBBBBB0BB64
:1007F000BBBBBBBBBBBBBBBBBBBBBBBBBBBBBBBB49
:10080000BABBABAB90DBAB9AAAAAAAAAAAAAAAAA1D
:10081000AAAAAAAAAAAAAAAAAAAAAADADAAAADADD2
:10082000AAAAAADADADAAB00CBAADAB000BAADAA81
:10083000AAAADADADAAAADAAAAAAAADAAAAAAAAA55
:10084000AAAAAAAAAAAAAAAAAAAAAAAAAAABABAB05
:10085000ABBABBBBBBBBBBBBBBBBBBBBBBBBBBBBF9
:10086000BBBBBBB0BBBBBBBBBBBBBBBBBBBBBBBBE3
:10087000BBBBBBBBBBBBABBABAD9BAB900BAAAAA9D
:10088000AAAAAAAAAAAAAAAAAAAAAAAAAAADAAAAC5
:10089000AAAADADAAAADADADAAAAADB9008AADAA04
:1008A000A00CBADAADADADAAAAADADAAAAAADADAA1
:1008B000AAAAAAAAAAAAAAAAAAAAAAAAAAAAAAAA98
:1008C000AABABABABABABBBBBBBBBBBBBBBBBBBB8E
:1008D000BBBBBBBBBBBBBBBBB0BBBBBBBBBBBBBB73
:1008E000BBBBBBBBBBBBBBBBBBBBBBBBABBABBBB69
:1008F000D009ABAAAAAAAAAAAAAAAAAAAAAAAAAAD2
:10090000AAAAAAADADAAAAAAADADAAAAAADADADAAB
:10091000A9009BDADAD008BAADAAAAAADADADAAA6A
:10092000AAAAAAAAAAAAAAAAAAAAAAAAAAAAAAAA27
:10093000AAAAAAAAAABAAAABABABBBBBBBBBBBBB9E
:10094000BBBBBBBBBBBBBBBBBBBBBBBBBBB0BBBB02
:10095000BBBBBBBBBBBBBBBBBBBBBBBBBBBBBBBBE7
:10096000BBBBABABAB00CABABBAAAAAAAAAAAAAA2B
:10097000AAAAAAAAAAAAAAAAAAAAAAAAAAAAAAADD4
:10098000ADADAAAAAABC00AABABB8009AADAADADCD
:10099000ADAAAAAAAADADAAAAAAAAAAAAAAAAAAA54
:1009A000AAAAAAAAAAAAAAAAAABAABABABABBBAB81
:1009B000BBBBBBBBBBBBBBBBBBBBBBBBBBBBBBBB87
:1009C000BBBBB0BBBBBBBBBBBBBBBBBBBBBBBBBB82
:1009D000BBBBBBBBBBBBBBBBBABB00BBAB0DAAAA03
:1009E000AAAAAAAAAAAAAA7AAAAAAAAAAAAAAAAA97
:1009F000ADAADAAAAAAAAAADADADBC00C999980061
:100A00000AAAADAAAAAAAAAAAAAAAAAAAAAAAAAAE3
:100A1000AAAAAAAAAAAAAAAAAAAAAAAAAAABAABA25
:100A2000BABABABBBBBBBBBBBBBBBBBBBBBBBBBB19
:100A3000BBBBBBBBBBBBBBB0BBBBBBBBBBBBBBBB11
:100A4000BBBBBBBBBBBBBBBBBBBBBBBBABABABBB26
:100A5000BABCCBAABAAAAAAAAAAAAAAD445AADAA53
:100A6000AAAAAAAAAAAAAAAAAAAAAAAAAAAAAAABE5
:100A700000000000009BADAAAAAAADAAADAAAAAA2E
:100A8000AAAAAAAAAAAAAAAAAAAAAAAAAAAAAAAAC6
:100A9000AAABAAABABABABBBBBBBBBBBBBBBBBBB18
:100AA000BBBBBBBBBBBBBBBBBBBBBBBBB0BBBBBBA1
:100AB000BBBBBBBBBBBBBBBBBBBBBBBBBBBBBBBB86
:100AC000BBBBBBBABABB90ABABDDBAAAAAAAAAAAF7
:100AD000A5444AADAAAAAAAAAAAAAAAAAAAAADAD38
:100AE000AAAADAAAAAB000000009BAAAAAAAAAAABF
:100AF000AAAAAAAAAAAAAAAAAAAAAAAAAAAAAAAA56
:100B0000AAAAAAAAAAAAAAABABABABBBABBBBBBBFC
:100B1000BBBBBBBBBBBBBBBBBBBBBBBBBBBBBBBB25
:100B2000BBB0BBBBBBBBBBBBBBBBBBBBBBBBBBBB20
:100B3000BBBBBBBBBBBBBBBABBABAB99BABA0DAA09
:100B4000AAAAAAAAAAA444EAAAAAAAAAAAAAAAAA31
:100B5000AAAAAAAAAAAAAAAAAAAAABBBBBBBBBAAB0
:100B6000AADAAAAAAAAAAAAAAAAAAAAAAAAAAAAAB5
:100B7000AAAAAAAAAAAAAAAAAAAABABABABABABB74
:100B8000ABBBBBBBBBBBBBBBBBBBBBBBBBBBBBBBC5
:100B9000BBBBBBBBBBBBB0BBBBBBBBBBBBBBBBBBB0
:100BA000BBBBBBBBBBBBBBBBBBBBBBBBBBBABBBB96
:100BB000BBBAB08ABABBAAAAAAAA5444AAAAAAAA29
:100BC000AAAAAAAAAAAAAAAAAAAAAAAAAAAAAAAA85
:100BD000AAAAAAAADAAAAAAAAAAAAAAAAAAAAAAA45
:100BE000AAAAAAAAAAAAAAAAAAAAAAAAAAAAABAA64
:100BF000AAABABABBABBBBBBBBBBBBBBBBBBBBBB87
:100C0000BBBBBBBBBBBBBBBBBBBBBBB0BBBBBBBB3F
:100C1000BBBBBBBBBBBBBBBBBBBBBBBBBBBBBBBB24
:100C2000BBBBBBABABABAB90BABA89BAAAAAAB445D
:100C300047AAAAAAAAAAAAAAAAAAAAAAAAAAAAAA77
:100C4000AAAAAAAAAAAAAAAAAAAAAAAAAAAAAAAA04
:100C5000AAAAAAAAAAAAAAAAAAAAAAAAAAAAAAAAF4
:100C6000AAAAABAAABABABABBABBBBBBBBBBBBBB58
:100C7000BBBBBBBBBBBBBBBBBBBBBBBBBBBBBBBBC4
:100C8000B0BBBBBBBBBBBBBBBBBBBBBBBBBBBBBBBF
:100C9000BBBBBBBBBBBBBBBBBBBBBABBDDABAD0A52
:100CA000BABAAAA6444AAAAAAAAAAAAAAAAAAAAA4E
:100CB000AAAAAAAAAAAAAAAAAAAAAAAAAAAAAAAA94
:100CC000AAAAAAAAAAAAAAAAAAAAAAAAAAAAAAAA84
:100CD000AAAAAAAAAAAAAABAABAABABABABBBBBB00
:100CE000BBBBBBBBBBBBBBBBBBBBBBBBBBBBBBBB54
:100CF000BBBBBBBBBBB0BBBBBBBBBBBBBBBBBBBB4F
:100D0000BBBBBBBBBBBBBBBBBBBBBBBBBBBBBABB34
:100D1000ABABBAB08BAAD9ABA4446AAAAAAAAAAAB6
:100D2000AAAAAAAAAAAAAAAAAAAAAAAAAAAAAAAA23
:100D3000AAAAAAAAAAAAAAAAAAAAAAAAAAAAAAAA13
:100D4000AAAAAAAAAAAAAAAAAAAAAABAABABABABEF
:100D5000ABBBBBBBBBBBBBBBBBBBBBBBBBBBBBBBF3
:100D6000BBBBBBBBBBBBBBBBBBBBB0BBBBBBBBBBDE
:100D7000BBBBBBBBBBBBBBBBBBBBBBBBBBBBBBBBC3
:100D8000BBBBBBBBBABBBABBA0BBAB08BA6444AA73
:100D9000AAAAAAAAAAAAAAAAAAAAAAAAAAAAAAAAB3
:100DA000AAAAAAAAAAAAAAAAAAAAAAAAAAAAAAAAA3
:100DB000AAAAAAAAAAAAAAAAAAAAAAAAAAAAAABA83
:100DC000AABABABABABBABBBBBBBBBBBBBBBBBBB98
:100DD000BBBBBBBBBBBBBBBBBBBBBBBBBBBBBBB06E
:100DE000BBBBBBBBBBBBBBBBBBBBBBBBBBBBBBBB53
:100DF000BBBBBBBBBBBBBBBBBBBBABABBABBABAD82
:100E00000BAB4446BAAAAAAAAAAAAAAAAAAAAAAA9A
:100E1000AAAAAAAAAAAAAAAAAAAAAAAAAAAAAAAA32
:100E2000AAAAAAAAAAAAAAAAAAAAAAAAAAAAAAAA22
:100E3000AAAAAABAABABABABABBBABBBBBBBBBBB96
:100E4000BBBBBBBBBBBBBBBBBBBBBBBBBBBBBBBBF2
:100E5000BBBBBBBBB0BBBBBBBBBBBBBBBBBBBBBBED
:100E6000BBBBBBBBBBBBBBBBBBBBBBBBBBBBBBBBD2
:100E7000BBABABABB08BB7444AABAAAAAAAAAAAA8F
:100E8000AAAAAAAAAAAAAAAAAAAAAAAAAAAAA6660A
:100E9000AAAAAAAAAAAAAAAAAAAAAAAAAAAAAAAAB2
:100EA000AAAAAAAAAAAAAABAAABABABABABBABBB2F
:100EB000BBBBBBBBBBBBBBBBBBBBBBBBBBBBBBBB82
:100EC000BBBBBBBBBBBBBBBBBBB0BBBBBBBBBBBB7D
:100ED000BBBBBBBBBBBBBBBBBBBBBBBBBBBBBBBB62
:100EE000BBBBBBBBBBABBBBBABADBAB4445BADDB4D
:100EF000AAAAAAAAAAAAAAAAAAAAAAAAAAAAAAAA52
:100F0000AAAAAAD444AAAAAAAAAAAAAAAAAAAAAA7D
:100F1000AAAAAAAAAAAAAAAAAAAAAABAABABABAB1D
:100F2000ABBBABBBBBBBBBBBBBBBBBBBBBBBBBBB31
:100F3000BBBBBBBBBBBBBBBBBBBBBBBBBBBBB0BB0C
:100F4000BBBBBBBBBBBBBBBBBBBBBBBBBBBBBBBBF1
:100F5000BBBBBBBBBBBBBBBBBBBBBBBABABABABBE5
:100F60007444BAB08BAABAAAAAAAAAAAAAAAAAAA76
:100F7000AAAAAAAAAAAAAAAAA444AAAAAAAAAAAA3D
:100F8000AAAAAAAAAAAAAAAAAAAAAAAAAAAAABABBF
:100F9000AABABABABABABABBBBBBBBBBBBBBBBBBB8
:100FA000BBBBBBBBBBBBBBBBBBBBBBBBBBBBBBBB91
:100FB000BBBBBBB0BBBBBBBBBBBBBBBBBBBBBBBB8C
:100FC000BBBBBBBBBBBBBBBBBBBBBBBBBBBBBBBB71
:100FD000BBBBBBABABA745BAD0BABA8BAAAAAAAA6D
:100FE000AAAAAAAAAAAAAAAAAAAAAAAAAAA444AACD
:100FF000AAAAAAAAAAAAAAAAAAAAAAAAAAAAAAAA51
:10100000AAAAABAAAAABABABABABBBBBBBBBBBBBD4
:10101000BBBBBBBBBBBBBBBBBBBBBBBBBBBBBBBB20
:10102000BBBBBBBBBBBBBBBBB0BBBBBBBBBBBBBB1B
:10103000BBBBBBBBBBBBBBBBBBBBBBBBBBBBBBBB00
:10104000BBBBBBBBBBBBBBABBBBABBABABCCBAB913
:101050000BAABBAAAAAAAAAAAAAAAAAAAAAAAAAA7E
:10106000AAAAA444AAAAAAAAAAAAAAAAAAAAAAAA4C
:10107000AAAAAAAAAAAABABAABABABABABBABBAB89
:10108000BBBBBBBBBBBBBBBBBBBBBBBBBBBBBBBBB0
:10109000BBBBBBBBBBBBBBBBBBBBBBBBBBB0BBBBAB
:1010A000BBBBBBBBBBBBBBBBBBBBBBBBBBBBBBBB90
:1010B000BBBBBBBBBBBBBBBBBBBBBBBBBBBABBBA82
:1010C000BABA9BBBAC8BABC8BAABBAAAAAAAAAAA3B
:1010D000AAAAAAAAAAAAAAA444AAAAAAAAAAAAAADC
:1010E000AAAAAAAAAAAAAAAAAABABAAAAABABABA10
:1010F000BABABBABBBBBBBBBBBBBBBBBBBBBBBBB52
:10110000BBBBBBBBBBBBBBBBBBBBBBBBBBBBBBBB2F
:10111000BBBBB0BBBBBBBBBBBBBBBBBBBBBBBBBB2A
:10112000BBBBBBBBBBBBBBBBBBBBBBBBBBBBBBBB0F
:10113000BBBBBBBABBBBABBAABB0BBAB09BABCAAFF
:10114000ABBBAAAAAAAAAAAAAAAAAAAAA444AAAA59
:10115000AAAAAAAAAAAAAAAAAAAAAAAAAABAAAABDE
:10116000ABABABABABABBBBBBBBBBBBBBBBBBBBB2F
:10117000BBBBBBBBBBBBBBBBBBBBBBBBBBBBBBBBBF
:10118000BBBBBBBBBBBBBBB0BBBBBBBBBBBBBBBBBA
:10119000BBBBBBBBBBBBBBBBBBBBBBBBBBBBBBBB9F
:1011A000BBBBBBBBBBBBBBBBBBBABABABBABADBBB0
:1011B000AD0BABB0BAB809BABBAAAAAAAAAAAAAA86
:1011C000AAA444AAAAAAAAAAAAAAAAAAAAAAAAAAEB
:1011D000BABAAABABABABABABABBBBABBBBBBBBB88
:1011E000BBBBBBBBBBBBBBBBBBBBBBBBBBBBBBBB4F
:1011F000BBBBBBBBBBBBBBBBBBBBBBBBB0BBBBBB4A
:10120000BBBBBBBBBBBBBBBBBBBBBBBBBBBBBBBB2E
:10121000BBBBBBBBBBBBBBBBBBBBBBBBBBBBBBBB1E
:10122000BBABBABAAAB9CBBB90BABC09BAD8BAABF5
:10123000BAAABAAAAAAAA444AAAAAAAAAAAAAAAA5A
:10124000AAAAAABABAAAABABABABABABABABBABBB5
:10125000BBBBBBBBBBBBBBBBBBBBBBBBBBBBBBBBDE
:10126000BBBBBBBBBBBBBBBBBBBBBBBBBBBBBBBBCE
:10127000BBB0BBBBBBBBBBBBBBBBBBBBBBBBBBBBC9
:10128000BBBBBBBBBBBBBBBBBBBBBBBBBBBBBBBBAE
:10129000BBBBBBBBBBABBBABABBBBBBBABC8BBA0EC
:1012A0000BBA8CBAB89BBDDAAAABBAA444BAAAAA44
:1012B000AAAAAAAAAABABABAAAAABABABABABABAFE
:1012C000BBBBBABBBBBBBBBBBBBBBBBBBBBBBBBB6F
:1012D000BBBBBBBBBBBBBBBBBBBBBBBBBBBBBBBB5E
:1012E000BBBBBBBBBBBBB0BBBBBBBBBBBBBBBBBB59
:1012F000BBBBBBBBBBBBBBBBBBBBBBBBBBBBBBBB3E
:10130000BBBBBBBBBBBBBBBBBBBBBBBABBBABABA31
:10131000BABBDDBBD00BABC8BAB09AAB09BAB0ABA5
:10132000A444AAAAAAAAAAABABABAAAAABABABAB82
:10133000ABABABABBBBABABBBBBBBBBBBBBBBBBB3F
:10134000BBBBBBBBBBBBBBBBBBBBBBBBBBBBBBBBED
:10135000BBBBBBBBBBBBBBBBBBBBBBB0BBBBBBBBE8
:10136000BBBBBBBBBBBBBBBBBBBBBBBBBBBBBBBBCD
:10137000BBBBBBBBBBBBBBBBBBBBBBBBBBBBBBBBBD
:10138000BBBABBBBBBABABABBAD08BBB0DBBB09BD3
:10139000BB0DBAB0BBA444ABABABABABAAAAAABA69
:1013A000BABABABABABABABBBABABBBBBBBBBBBB96
:1013B000BBBBBBBBBBBBBBBBBBBBBBBBBBBBBBBB7D
:1013C000BBBBBBBBBBBBBBBBBBBBBBBBBBBBBBBB6D
:1013D000B0BBBBBBBBBBBBBBBBBBBBBBBBBBBBBB68
:1013E000BBBBBBBBBBBBBBBBBBBBBBBBBBBBBBBB4D
:1013F000BBBBBBBBBBBBBBBBBABABBBBBABBBBBA41
:10140000AB9AAAB0BBAB0ABAB0BAB444BAAABAAAE9
:10141000BABABABABABABABABABABBBBBABBBBBB27
:10142000BBBBBBBBBBBBBBBBBBBBBBBBBBBBBBBB0C
:10143000BBBBBBBBBBBBBBBBBBBBBBBBBBBBBBBBFC
:10144000BBBBBBBBBBB0BBBBBBBBBBBBBBBBBBBBF7
:10145000BBBBBBBBBBBBBBBBBBBBBBBBBBBBBBBBDC
:10146000BBBBBBBBBBBBBBBBBBBBBBBBBBBBBBBACD
:10147000BABBABABABBBBBBBBABABACBABB0BBA412
:1014800044ABABABABABABABABABABABABABBBBAF4
:10149000BABBBBBBBBBBBBBBBBBBBBBBBBBBBBBB9D
:1014A000BBBBBBBBBBBBBBBBBBBBBBBBBBBBBBBB8C
:1014B000BBBBBBBBBBBBBBBBBBBBB0BBBBBBBBBB87
:1014C000BBBBBBBBBBBBBBBBBBBBBBBBBBBBBBBB6C
:1014D000BBBBBBBBBBBBBBBBBBBBBBBBBBBBBBBB5C
:1014E000BBBBBBBBBBBBBABBBBBABABABABBABAB71
:1014F000BABABBBAB777BABABABABABABABABABA91
:10150000BBBBBBABABBBBBBBBBBBBBBBBBBBBBBB4B
:10151000BBBBBBBBBBBBBBBBBBBBBBBBBBBBBBBB1B
:10152000BBBBBBBBBBBBBBBBBBBBBBBBBBBBBBB016
:10153000BBBBBBBBBBBBBBBBBBBBBBBBBBBBBBBBFB
:10154000BBBBBBBBBBBBBBBBBBBBBBBBBBBBBBBBEB
:10155000BBBBBBBBBBBBBBBBBBBBBBBBBABABBBBDD
:10156000BBBBBABABABBABABABABBBABABABABAB5E
:10157000ABABBBBBBBABABABBBBBBBBBBBBBBBBB0B
:10158000BBBBBBBBBBBBBBBBBBBBBBBBBBBBBBBBAB
:10159000BBBBBBBBBBBBBBBBBBBBBBBBBBBBBBBB9B
:1015A000BBBBBBBBB000000009A4231DBD6A00008B
:1015B000E8AA0408FD4F12FCCC17FBC617FB031268
:1015C000FB000DFAE008FAA006F9E004FBE002F8DF
:1015D0000001F80001F80001F80001FBE002FAA0A8
:1015E00003FB2005FAE008FAA00CFAC111FB8414F1
:1015F000FC8A13FD910DFD0A13FD2F26FD6F38FDAA
:101600000D3FFCAA3BFC4732FBA42BFBC324FBE2AF
:101610001EFBC11BFC2217FC2217FBA11AFBC21DDB
:10162000FBC222FBA329FBE531FC4839FCAB3BFDA7
:101630004F33FD7023FD2D11FAA009FB431AFC283E
:1016400032FCCC50FD2E67FD4F74FD4E79FD2D7B95
:10165000FD6E7CFE328CFE5491FE3288FDD081FD01
:101660004D78FD2D7AFD2E7BFD4F79FD2F6DFCEE23
:1016700053FC8B34FC2619FBE308F80004F9600BDB
:10168000F9C01AFA2130FAC44BFB4666FBC87EFC4F
:10169000AB97FD90B0FE96CFFF3AF2FF3AF1FE967F
:1016A000CEFD70B1FCCD9EFC2A87FB886EFB2551D8
:1016B000FAA333FA211AFA600AFAA003F80003F831
:1016C0000008F80012F86022F88036F8C04DF920C2
:1016D00066F9C082FAA197FBA3A4FE96E4FE96E702
:1016E000FB43A4FA6196F9A182F92067F8E04DF86E
:1016F000E034F8801EF8800EF80005F80001F800CC
:1017000003F80008F80012F80022F80037F8004F3C
:10171000F8406BF9008DFA00A9F300B8FE96EAFED6
:1017200075EBFA80B7F980A2F8A084F82063F8007E
:1017300048F8002FF8001BF8000DF80005F800012C
:10174000F80003F80008F80013F80024F8003BF84C
:101750000057F84076F8E09CFA00BDF2E0CCFE7548
:10176000F0FE75F1F280CAF960B2F8808DF8006879
:10177000F8004AF80030F8001BF8000DF80005F8F2
:101780000001F80003F80008F80013F80025F8003D
:101790003EF8005BF8407CF8E0A5F9E0CAF2E0DB37
:1017A000FE55F4FE55F5F280D5F960BBF88091F84E
:1017B000006BF8004DF80031F8001CF8000DF8003F
:1017C00005F80001F80002F80008F80013F80026F8
:1017D000F8003FF8005DF82080F8E0ABF9E0D1F2C6
:1017E000E0E3FE54F7FE55F7FA80DCF960BFF880BD
:1017F00095F8006DF8004DF80031F8001CF8000D68
:10180000F80005F80001F80002F80008F80014F8E4
:101810000026F8003FF8005EF82081F8E0ADF9E01E
:10182000D3F2E0E8FE54F8FE54F9FA80DFF960C222
:10183000F86096F8006EF8004EF80032F8001CF8D8
:10184000000DF80004F80001F80002F80008F800A4
:1018500013F80026F80040F8005FF82083F8E0AFA6
:10186000F9E0D7F2E0EBFE54FAFE54FAFA60E3F93D
:1018700060C4F86098F8006FF8004EF80032F80085
:101880001CF8000DF80004F80001F80002F8000848
:10189000F80013F80027F80040F8005FF82083F8FC
:1018A000E0B0F9E0D9F2C0EFFE34FBFE34FAFA60A2
:1018B000E6F960C5F86099F80070F8004FF8003359
:1018C000F8001CF8000DF80004000000F80002F811
:1018D0000008F80014F80026F80040F8005FF8202F
:1018E00083F8C0B0F9E0DBF2C0F1FE33FBFE33FB5E
:1018F000FA60E8F940C7F86099F80071F8004FF80D
:101900000032F8001CF8000DF80004000000F80098
:1019100002F80008F80014F80026F80040F8005F0C
:10192000F82083F8C0B0F9E0DBF2C0F2FE13FCFE51
:1019300033FBFA60E9F940C7F86099F80070F800E5
:101940004FF80032F8001CF8000DF8000400000009
:10195000F80002F80008F80013F80026F8003FF835
:10196000005EF82082F8C0AFF9E0DBF2C0F2FE13AF
:10197000FCFE13FCFA60E9F940C7F86098F80070C3
:10198000F8004EF80031F8001CF8000DF8000400D3
:101990000000F80002F80007F80013F80025F8002E
:1019A0003FF8005EF82082F8C0AFF9C0DAF2C0F369
:1019B000FE13FDFE13FDFA60EAF940C6F86097F8E1
:1019C000006FF8004EF80031F8001BF8000CF8002A
:1019D00004000000F80002F80007F80013F80025E2
:1019E000F8003FF8005DF82081F8C0ADF9C0DAF2E8
:1019F000C0F4FE13FEFE13FDFA60EAF940C5F8607C
:101A000096F8006EF8004EF80031F8001BF8000C54
:101A1000F80004000000F80002F80007F80012F8CF
:101A20000025F8003EF8005CF80080F8C0ADF9C071
:101A3000D9F2C0F4FE13FEFE13FDFA60EAF940C4C9
:101A4000F86095F8006DF8004DF80031F8001BF8CB
:101A5000000CF80004000000F80002F80007F8008D
:101A600012F80024F8003DF8005BF8207FF8C0ABC6
:101A7000F9C0D8F2C0F3FE13FEFE13FDFA40E8F9F8
:101A800040C2F86094F8006CF8004CF80030F800A0
:101A90001BF8000BF80004000000F80002F8000733
:101AA000F80012F80024F8003DF8005AF8207DF8FC
:101AB000C0A9F9C0D6F2C0F3FE13FEFE13FDFA4032
:101AC000E7F940C1F86092F8006BF8004BF800307D
:101AD000F8001AF8000BF80004000000F80001F804
:101AE0000007F80011F80023F8003CF80059F8202E
:101AF0007CF8C0A7F9C0D5F2C0F2FE12FEFE13FDBD
:101B0000FA40E6F940BFF86090F8006AF8004AF839
:101B1000002FF80019F8000BF80004F80001F80095
:101B200001F80006F80011F80023F8003BF800590E
:101B3000F8207AF8C0A5F9A0D3F2A0F1FDF2FDFDDE
:101B4000F2FCFA40E5F920BDF8608FF80068F80073
:101B50004AF8002EF80019F8000BF8000300000006
:101B6000F80001F80006F80011F80022F8003BF830
:101B70000058F82079F8A0A4F9A0D2F2A0F0FDF165
:101B8000FDFDD2FCFA40E4F920BCF8608EF8006755
:101B9000F80049F8002EF80019F8000AF8000300D0
:101BA0000000F80001F80006F80011F80022F80023
:101BB0003AF80057F82078F8A0A2F9A0D0F2A0F0E7
:101BC000FDF1FCFDD2FBFA20E3F920BAF8608CF8B5
:101BD0000066F80048F8002DF80018F8000AF80030
:101BE00003000000F80001F80006F80010F80022D9
:101BF000F8003AF80056F82077F8A0A1F9A0CEF244
:101C0000A0EFFDD1FDFDD1FBFA40E1F920B8F8408D
:101C10008AF80065F80047F8002DF80018F8000A67
:101C2000F80003000000F80001F80006F80010F8C2
:101C30000021F80039F80055F82075F8A09FF9A0A8
:101C4000CDF2A0EEFDD1FDFDB1FAFA20E0F920B60B
:101C5000F84089F80064F80046F8002CF80018F8FD
:101C6000000AF80003000000F80001F80006F80080
:101C70000FF80021F80038F80054F82074F8A09DFF
:101C8000F9A0CBF2A0EDFDD1FCFDB1FAFA20DEF90E
:101C900020B4F84087F80063F80046F8002CF800FC
:101CA00017F8000AF80003000000F80001F800052A
:101CB000F8000FF80020F80038F80053F82072F808
:101CC000A09BF9A0CAF2A0ECFDD1FCFDB1FAFA206C
:101CD000DDF920B3F84085F80062F80045F8002BE4
:101CE000F80017F80009F80003000000F80001F8F8
:101CF0000005F8000FF80020F80037F80052F8004F
:101D000071F8809AF9A0C8F2A0EBFDD1FCFDB1FA00
:101D1000FA20DCF920B1F84084F80061F80044F8BA
:101D2000002BF80017F80009F80003000000F80085
:101D300001F80005F8000FF8001FF80036F8005110
:101D4000F80070F8A097F980C6F2A0EAFDD1FCFD7A
:101D5000B1F9FA20DBF900AFF84082F80060F80032
:101D600043F8002AF80016F80009F8000300000004
:101D7000F80001F80005F8000FF8001FF80035F82A
:101D80000050F8006FF8A096F9A0C4F2A0E9FDD1C8
:101D9000FCFDB1F9FA20D9F900ADF82081F8005F17
:101DA000F80042F8002AF80016F80009F8000300CD
:101DB0000000F80001F80005F8000EF8001EF80019
:101DC00035F8004FF8006EF88094F980C3FA80E887
:101DD000FDD1FBFDB1F8FA20D8F900ABF8407FF84F
:101DE000005EF80042F80029F80015F80009F80034
:101DF00003000000F80001F80004F8000EF8001ECF
:101E0000F80034F8004EF8006CF88092F980C1F2C6
:101E100080E7FDD1FBFDB1F8FA00D6F900A9F84042
:101E20007DF8005DF80041F80028F80015F800087A
:101E3000F80002000000F80001F80004F8000EF8B5
:101E4000001EF80033F8004DF8006BF88090F98020
:101E5000BFF280E6FDD1FCFDB1F8FA00D5F900A78C
:101E6000F8407CF8005CF80040F80028F80015F80D
:101E70000008F80002000000F80001F80004F80073
:101E80000DF8001DF80033F8004DF80069F8808E59
:101E9000F980BDF280E5FDD1FBFDB1F7FA00D3F981
:101EA00000A5F8407AF8005BF8003FF80027F8003A
:101EB00014F80008F80002000000000000F8000418
:101EC000F8000DF8001DF80032F8004CF80068F832
:101ED000808DF980BCFA80E3FDB1FAFDB1F7FA001C
:101EE000D2F900A4F84079F80059F8003FF800272B
:101EF000F80014F80008F80002000000000000F8E4
:101F00000004F8000DF8001CF80032F8004BF8004F
:101F100067F8808BF960BAFA80E2FDB1FAFDB1F69C
:101F2000FA00D0F8E0A2F84077F80058F8003EF840
:101F30000026F80014F80008F80002000000000075
:101F400000F80004F8000DF8001CF80031F8004A11
:101F5000F80066F88089F980B8F280E1FDD1FAFDD9
:101F6000B1F6FA00CEF8E0A0F82075F80057F800B6
:101F70003DF80026F80013F80008F8000200000001
:101F8000000000F80004F8000DF8001BF80030F81D
:101F90000049F80065F88087F960B5F280E0FDD16E
:101FA000F9FDB1F5FA00CDF8E09DF82074F800567F
:101FB000F8003CF80025F80013F80008F8000200CB
:101FC0000000000000F80004F8000CF8001BF80006
:101FD00030F80048F80063F88085F960B4FA80DED4
:101FE000FDD1F9FDB1F5FA00CBF8E09CF82073F8CB
:101FF0000055F8003BF80025F80013F80007F8003A
:1020000002000000000000F80004F8000CF8001BBB
:10201000F8002FF80047F80061F88084F960B2F208
:1020200060DDFDB1F9FDB1F4FA00C9F8E09AF820DD
:1020300071F80054F8003BF80024F80013F800078A
:10204000F80002000000000000F80004F8000CF89E
:10205000001AF8002FF80046F80060F86082F96076
:10206000B0FA80DBFDD1F8FDB1F4FA00C7F8E098D2
:10207000F82070F80052F8003AF80024F80012F83E
:102080000007F80002000000000000F80004F8005B
:102090000BF8001AF8002EF80045F8005FF8608091
:1020A000F960AEF260DAFDB1F7FDB1F3F9E0C5F821
:1020B000E096F8206EF80051F80039F80023F80097
:1020C00012F80007F80002000000000000F8000409
:1020D000F8000BF80019F8002DF80044F8005EF83D
:1020E000807FF960ACF260D9FDB1F7FDB2F3F9E0A1
:1020F000C4F8E094F8206DF80050F80038F8002398
:10210000F80011F80007F80002000000000000F8D5
:102110000003F8000BF80019F8002CF80043F80051
:102120005CF8607DF960AAF260D7FDB1F7FDB1F20D
:10213000F9E0C2F8C092F8206BF8004FF80038F8C8
:102140000022F80011F80007F80001000000F80074
:1021500001F80004F8000BF80019F8002CF8004210
:10216000F8005BF8607BF960A8F260D6FDD1F6FD5F
:10217000B1F2F9E0C1F8E091F8206AF8004EF800F9
:1021800037F80022F80011F80006F80001000000FE
:10219000000000F80004F8000AF80018F8002BF816
:1021A0000042F8005AF86079F960A6F260D4FDB1F7
:1021B000F6FDB2F1F9E0BEF8E08EF82068F8004DC7
:1021C000F80036F80021F80010F80007F8000100C8
:1021D0000000000000F80003F8000AF80018F800FA
:1021E0002BF80041F80059F86078F940A4F260D269
:1021F000FDB1F5FDB1F0F9E0BDF8C08CF82067F84D
:10220000004CF80036F80021F80010F80006F8003D
:1022100001000000000000F80003F8000AF80017B1
:10222000F8002AF80040F80057F86076F960A2F24A
:1022300060D1FDB1F5FDB1F0F9E0BBF8C08AF8203E
:1022400065F8004BF80035F80020F80010F800069B
:10225000F80001000000000000F80003F8000AF890
:102260000017F80029F8003FF80056F86074F940AC
:10227000A0F260CFFDB1F4FDB1EFF9E0B9F8C0888C
:10228000F82064F8004AF80034F80020F80010F84C
:102290000006F80001000000000000F80003F8004C
:1022A0000AF80017F80029F8003EF80055F86072A7
:1022B000F9409EFA40CDFDB1F3FD91EEF9E0B6F89C
:1022C000C086F82062F80049F80033F8001FF800D3
:1022D0000FF80006F80001000000000000F80003FD
:1022E000F80009F80016F80028F8003DF80054F846
:1022F0006071F9409CF260CCFDB1F3FDB2EDF9C024
:10230000B4F8C085F82061F80048F80032F8001FE2
:10231000F8000FF80005F80001000000000000F8C8
:102320000003F80009F80016F80027F8003CF80050
:1023300052F8406FF9409AFA40CAFDB1F2FD91EDB2
:10234000F9C0B3F8C082F8205FF80047F80031F810
:10235000001EF8000FF80005F80001000000000062
:1023600000F80003F80009F80016F80027F8003B11
:10237000F80051F8406DF94098FA40C8FDB1F2FDFF
:1023800091ECF9E0B1F8A080F8005EF80046F800A2
:1023900031F8001EF8000FF80005F80001000000F9
:1023A000000000F80003F80009F80015F80026F80E
:1023B000003BF80050F8406BF94096FA40C7FDB179
:1023C000F1FD91EBF9C0AFF8C07EF8005CF8004574
:1023D000F80030F8001DF8000EF80005F8000100C4
:1023E0000000000000F80003F80009F80015F800EC
:1023F00026F8003AF8004FF84069F94093FA40C5D2
:10240000FD91F0FD91EAF9C0ADF8C07CF8005BF8F1
:102410000044F8002FF8001DF8000EF80005F80041
:1024200001000000000000F80003F80009F80014A3
:10243000F80025F80039F8004EF84068F94091FAA4
:1024400040C3FD91F0FD91E9F9C0ABF8A07AF80026
:1024500059F80043F8002FF8001CF8000EF80005AA
:10246000F80001000000000000F80002F80008F881
:102470000014F80024F80038F8004CF84066F92001
:102480008FFA40C1FD90EFFD91E8F9C0A9F8A0785E
:10249000F80058F80042F8002EF8001CF8000EF87A
:1024A0000004F80001000000000000F80002F8003D
:1024B00008F80013F80024F80037F8004BF84064DF
:1024C000F9208CFA40BFFD90EDFD71E7F9C0A7F847
:1024D000A076F80057F80041F8002DF8001BF8002E
:1024E0000DF80005F80001000000000000F80002EF
:1024F000F80008F80013F80023F80036F8004AF84E
:102500004063F9208AFA40BDFD70EDFD71E6F9C027
:10251000A4F8A074F80055F80040F8002DF8001B4E
:10252000F8000DF80004000000000000000000F8B2
:102530000002F80008F80013F80023F80035F8004E
:1025400049F84061F92088FA40BBFD70EBFD70E46A
:10255000F9C0A2F8A072F80054F8003FF8002CF877
:10256000001AF8000DF80004000000000000000050
:1025700000F80002F80008F80012F80022F8003411
:10258000F80048F8405FF92086FA20B9FD6FEAFDAF
:1025900050E3F9C0A0F8A070F80052F8003EF8002F
:1025A0002BF8001AF8000CF80004000000000000EE
:1025B000000000F80002F80008F80012F80022F805
:1025C0000033F80046F8405EF92084FA20B7FD4F4A
:1025D000E9FD50E1F9C09EF8A06FF80051F8003D08
:1025E000F8002AF8001AF8000CF8000400000000B7
:1025F0000000000000F80002F80007F80012F800E0
:1026000021F80032F80045F8405BF92082FA40B426
:10261000FD4FE7FD50DFF9A09CF8A06CF8004FF8E3
:10262000003CF80029F80019F8000CF8000400003C
:1026300000000000000000F80002F80007F8001198
:10264000F80020F80031F80043F8405AF90080FA09
:1026500020B2FD2FE6FD2FDDF9C099F8806AF80061
:102660004DF8003AF80029F80018F8000BF80004BB
:10267000000000000000000000F80002F80007F869
:102680000011F80020F80031F80042F84058F92015
:102690007EF240B1FD2EE4FD2FDBF9A097F88069B2
:1026A000F8004CF80039F80028F80018F8000BF88A
:1026B0000004000000000000000000F80002F80024
:1026C00007F80011F8001FF80030F80041F8205713
:1026D000F9007BFA20AEFD0EE2FD0ED9F9A095F8C7
:1026E000A066F8004BF80038F80027F80017F8004B
:1026F0000BF80004F80001000000000000F80002E0
:10270000F80007F80010F8001FF8002FF80040F854
:102710002055F90079FA20ACFCEDDFFCEED7F9A0EA
:1027200093F88065F80049F80037F80027F800179B
:10273000F8000BF80004000000000000000000F8A2
:102740000001F80006F80010F8001EF8002EF8004E
:102750003EF82053F92077F220AAFCCDDDFCCDD441
:10276000F9A090F88062F80047F80036F80026F8E3
:102770000016F8000AF80004000000000000000045
:1027800000F80001F80006F80010F8001DF8002D10
:10279000F8003DF82051F90075FA20A7FCCCDBFCCD
:1027A000ADD1F9A08EF88060F80046F80035F80049
:1027B00025F80016F8000AF80003000000000000E9
:1027C000000000F80001F80006F8000FF8001DF8FE
:1027D000002CF8003CF82050F90073FA20A5FCAC5E
:1027E000D8FCACCFF9A08BF8805FF80045F8003436
:1027F000F80024F80015F8000AF8000300000000B3
:102800000000000000F80001F80006F8000FF800D2
:102810001CF8002BF8003BF8204EF90070FA20A2BB
:10282000FC8BD6FC8CCCF9A088F8805DF80043F8CE
:102830000033F80024F80015F8000AF8000300003F
:1028400000000000000000F80001F80006F8000F8A
:10285000F8001BF8002AF80039F8204CF9006EFA4D
:10286000209FFC6AD2FC6BC9F9A086F8805AF80058
:1028700042F80032F80023F80015F8000AF80003C7
:10288000000000000000000000F80001F80005F85A
:10289000000EF8001BF80029F80038F8204AF9006B
:1028A0006BFA209CFC4ACEFC4AC5F9A083F88058FC
:1028B000F80040F80031F80022F80014F80009F898
:1028C0000003000000000000000000F80001F80014
:1028D00005F8000EF8001AF80028F80036F820472E
:1028E000F90068FA2099FC29CBFC2AC1F98080F80C
:1028F0008055F8003EF8002FF80021F80013F8008A
:1029000009F80003000000000000000000F80001CA
:10291000F80005F8000DF80018F80026F80033F864
:102920002045F90064FA2095FC08C7FC09BCF9A011
:102930007BF88051F8003BF8002DF8001FF80012DA
:10294000F80009F80003000000000000000000F893
:102950000001F80005F8000CF80017F80024F80052
:1029600030F82040F9005FFA2090FC08C2FBE8B77D
:10297000F9A077F8804DF80038F8002AF8001DF823
:102980000011F80008F8000300000000000000003B
:1029900000F80001F80004F8000BF80015F8002119
:1029A000F8002DF8203BF90059FA208AFBE7BCFB20
:1029B000C7B1F9C071F88047F80033F80027F80074
:1029C0001BF80010F80007F80002000000000000EB
:1029D000000000F80001F80004F8000AF80013F8FD
:1029E000001DF80028F82035F92051F24083FBC67D
:1029F000B4FBA7A8F9A069F86040F8002EF80023FE
:102A0000F80018F8000EF80007F8000200000000B7
:102A10000000000000000000F80003F80009F800C2
:102A200011F8001AF80023F8202FF90048F2207757
:102A3000FB43A0FB2494F9A05DF88039F80028F846
:102A4000001EF80015F8000CF80006F8000200005F
:102A500000000000000000000000F80003F800077C
:102A6000F8000EF80016F8001EF82028F9003DF2D4
:102A70000063FA8080FA6075F9A04EF86030F800C3
:102A800022F8001AF80012F8000BF80005F800010F
:102A9000000000000000000000000000F80002F844
:102AA0000006F8000BF80011F80018F80020F8C034
:102AB0002EF9C048FA005BF9E054F9403AF8602575
:102AC000F8001BF80015F8000EF80009F80004F8EB
:102AD0000001000000000000000000000000F800FD
:102AE00002F80005F80009F8000EF80013F80018C5
:102AF000F86021F9202FF98039F98035F8E028F8BD
:102B0000401CF80015F80010F8000BF80006F8005B
:102B100003000000000000000000000000000000B2
:102B2000F80001F80003F80006F80009F8000DF8B5
:102B30000011F80016F8801AF8C01FF8801DF84040
:102B400018F80013F8000FF8000BF80008F800055B
:102B5000F80002000000000000000000000000007B
:102B60000000000000F80002F80003F80004F8007C
:102B700006F80008F8000AF8000CF8000DF8000D3F
:102B8000F8000CF80009F80008F80006F80005F84D
:102B90000003F80001000000000000000000000039
:102BA00000000000000000000000000000F800012C
:102BB000F80001F80002F80002F80003F80003F83A
:102BC0000004F80003F80003F80002F80002F8001F
:102BD00001F80001000000000000000000000000FB
:102BE0000558C00A2C160000B415050800000000A6
:102BF00000000000000000000000000000000000D5
:102C000000000000000000000000000000000000C4
:102C100000000000000000000000000000000000B4
:102C200000000000000000000000000000000000A4
:102C30000000000000000000000000000000000094
:102C40000000000000000000000000000000000084
:102C50000000000000000000000000000000000074
:102C60000000000000000000000000000000000064
:102C70000000000000000000000000000000000054
:102C80000000000000000000000000000000000044
:102C90000000000000000000000000000000000034
:102CA0000000000000000000000000000000000024
:102CB0000000000000000000000000000000000014
:102CC0000000000000000000000000000000000004
:102CD00000000000000000000000000000000000F4
:102CE00000000000000000000000000000000000E4
:102CF00000000000000000000000000000000000D4
:102D000000000000000000000000000000000000C3
:102D100000000000000000000000000000000000B3
:102D200000000000000000000000000000000000A3
:102D30000000000000000000000000000000000093
:102D40000000000000000000000000000000000083
:102D50000000000000000000000000000000000073
:102D60000000000000000000000000000000000063
:102D70000000000000000000000000000000000053
:102D80000000000000000000000000000000000043
:102D90000000000000000000000000000000000033
:102DA0000000000000000000000000000000000023
:102DB0000000000000000000000000000000000013
:102DC0000000000000000000000000000000000003
:102DD00000000000000000000000000000000000F3
:102DE00000000000000000000000000000000000E3
:102DF00000000000000000000000000000000000D3
:102E000000000000000000000000000000000000C2
:102E100000000000000000000000000000000000B2
:102E200000000000000000000000000000000000A2
:102E30000000000000000000000000000000000092
:102E40000000000000000000000000000000000082
:102E5000FFFF9FFFFFFFFFFFFFFFFFFFFFFFFFFFE2
:102E6000FFFFFFFFFFFFFFFFFFFFDFFFFFBFFFFFD2
:102E70007FFFFF40FFFF2000000000000000000077
:102E80000000000000000000000000000000000042
:102E90000000000000000000000000000000000032
:102EA00000FFFF20FFFF9FFFFF6000000000000009
:102EB000FFFF9FFFFFFFFFFFFFFFFFFFFFFFFFFF82
:102EC000FFFFFFFFFFFFFFFFFFFFFFFFFFFFFFFF12
:102ED000FFFFFFFFFFFFDFFFFF40000000000000DB
:102EE00000000000000000000000000000000000E2
:102EF0000000000000000000000000FFFF60FFFF76
:102F0000BFFFFFFFFFFFFFFFFF7F0000000000008B
:102F1000FFFF9FFFFFFFFFFFDFFFFF40FFFF40FFBF
:102F2000FF40FFFF40FFFF40FFFF40FFFF7FFFFF2D
:102F3000BFFFFFDFFFFFFFFFFFFFFFFFBFFFFF2020
:102F40000000000000000000000000000000000081
:102F50000000000000FFFF60FFFFDFFFFFFFFFFF3B
:102F6000FFFFFFFFFFFF9F000000000000000000C8
:102F7000FFFF9FFFFFFFFFFFDF00000000000000DA
:102F80000000000000000000000000000000000041
:102F900000FFFF40FFFFBFFFFFFFFFFFFFFFFF7FBF
:102FA0000000000000000000000000000000000021
:102FB0000000FFFF9FFFFFFFFFFFFFFFFFFFFFFF7F
:102FC0007FFFFF2000000000000000000000000064
:102FD000FFFF9FFFFFFFFFFFDF000000000000007A
:102FE00000000000000000000000000000000000E1
:102FF00000000000000000FFFF7FFFFFFFFFFFFF5A
:10300000FFFF7F0000000000000000000000000043
:103010000000FFFFDFFFFF9FFFFF600000000000D8
:1030200000000000000000000000000000000000A0
:10303000FFFF9FFFFFFFFFFFDF0000000000000019
:103040000000000000000000000000000000000080
:1030500000000000000000000000FFFFDFFFFFFF96
:10306000FFFFFFFFFF200000000000000000000045
:103070000000000000000000000000000000000050
:1030800000FFFF7FFFFFDFFFFFBF00000000000029
:10309000FFFF9FFFFFFFFFFFDF00000000000000B9
:1030A0000000000000000000000000000000000020
:1030B00000000000000000000000FFFF20FFFFFFF5
:1030C000FFFFFFFFFF6000000000000000000000A5
:1030D0000000000000000000FFFF60FFFF9FFFFFF7
:1030E000FFFFFFFFFFFFFFFFFF7F0000000000006A
:1030F000FFFF9FFFFFFFFFFFDF0000000000000059
:1031000000000000000000000000000000000000BF
:1031100000000000000000000000000000FFFFDFD2
:10312000FFFFFFFFFF9F0000000000000000000005
:103130000000FFFF40FFFFDFFFFFFFFFFFFFFFFF7C
:10314000FFFFFF9FFFFF40000000000000000000A5
:10315000FFFF9FFFFFFFFFFFDF00000000000000F8
:10316000000000000000000000000000000000005F
:1031700000000000000000000000000000FFFF9FB2
:10318000FFFFFFFFFFDF0000000000000000000065
:103190000000FFFFDFFFFFFFFFFFFFFFFF9FFFFFBD
:1031A00020000000000000000000000000000000FF
:1031B000FFFF9FFFFFFFFFFFDF0000000000000098
:1031C00000000000000000000000000000000000FF
:1031D00000000000000000000000000000FFFF7F72
:1031E000FFFFFFFFFFDF0000000000000000000005
:1031F0000000FFFF60FFFF60000000000000000013
:1032000000000000FFFF60FFFF4000000000000022
:10321000FFFF9FFFFFFFFFFFDF0000000000000037
:10322000000000000000000000000000000000009E
:1032300000000000000000000000000000FFFFDFB1
:10324000FFFFFFFFFF9F00000000000000000000E4
:103250000000000000000000000000000000FFFF70
:1032600060FFFFDFFFFFFFFFFFBF00000000000067
:10327000FFFF9FFFFFFFFFFFDF00000000000000D7
:10328000000000000000000000000000000000003E
:1032900000000000000000000000FFFF20FFFFFF13
:1032A000FFFFFFFFFF7F00000000000000000000A4
:1032B0000000000000FFFF40FFFF9FFFFFFFFFFF38
:1032C000FFFFFFFFFFFFFFFFFF40000000000000C7
:1032D000FFFF9FFFFFFFFFFFDF0000000000000077
:1032E00000000000000000000000000000000000DE
:1032F00000000000000000000000FFFFBFFFFFFF14
:10330000FFFFFFFFFF2000000000000000000000A2
:103310000000FFFF60FFFFFFFFFFFFFFFFFFFFFF5A
:10332000BFFFFF6000000000000000000000000080
:10333000FFFF9FFFFFFFFFFFDF0000000000000016
:10334000000000000000000000000000000000007D
:1033500000000000000000FFFF9FFFFFFFFFFFFFD6
:10336000FFFF7F00000000000000000000000000E0
:103370000000FFFFDFFFFFFFFFFF9FFFFF40000098
:10338000000000000000000000000000000000003D
:10339000FFFF9FFFFFFFFFFFDF00000000000000B6
:1033A000000000000000000000000000000000001D
:1033B00000FFFF40FFFFBFFFFFFFFFFFFFFFFFBF5B
:1033C00000000000000000000000000000000000FD
:1033D0000000FFFF40FFFF20000000000000000091
:1033E00000FFFF40FFFF9FFFFF7F00000000000085
:1033F000FFFF9FFFFFFFFFFFDFFFFF40FFFF40FFDB
:10340000FF40FFFF40FFFF40FFFF60FFFF9FFFFF08
:10341000BFFFFFFFFFFFFFFFFFFFFFFF9F00000059
:10342000000000000000000000000000000000009C
:103430000000000000000000000000FFFF60FFFF30
:10344000BFFFFFFFFFFFFFFFFF7F00000000000046
:10345000FFFF9FFFFFFFFFFFFFFFFFFFFFFFFFFFDC
:10346000FFFFFFFFFFFFFFFFFFFFFFFFFFFFFFFF6C
:10347000FFFFFFFFFFFFDFFFFF4000000000000035
:10348000000000000000000000000000000000003C
:103490000000000000FFFF9FFFFFDFFFFFFFFFFFB7
:1034A000FFFFFFFFFFFF9F00000000000000000083
:1034B000FFFF9FFFFFFFFFFFFFFFFFFFFFFFFFFF7C
:1034C000FFFFFFFFFFFFFFFFFFFFDFFFFF9FFFFF8C
:1034D0007FFFFF600000000000000000000000000F
:1034E00000000000000000000000000000000000DC
:1034F0000000FFFF9FFFFFFFFFFFFFFFFFDFFFFF5A
:10350000600000000000000000000000000000005B
:1035100000000000000000000000000000000000AB
:10352000000000000000000000000000000000009B
:10353000000000000000000000000000000000008B
:10354000000000000000000000000000000000007B
:103550000000FFFFDFFFFF9FFFFF400000000000B3
:10356000000000000000000000000000000000005B
:10357000000000000000000000000000000000004B
:10358000000000000000000000000000000000003B
:10359000000000000000000000000000000000002B
:1035A000000000000000000000000000000000001B
:1035B000000000000000000000000000000000000B
:1035C00000000000000000000000000000000000FB
:1035D00000000000000000000000000000000000EB
:1035E00000000000000000000000000000000000DB
:1035F00000000000000000000000000000000000CB
:1036000000000000000000000000000000000000BA
:1036100000000000000000000000000000000000AA
:10362000000000000000000000000000000000009A
:10363000000000000000000000000000000000008A
:10364000000000000000000000000000000000007A
:10365000000000000000000000000000000000006A
:10366000000000000000000000000000000000005A
:10367000000000000000000000000000000000004A
:10368000000000000000000000000000000000003A
:10369000000000000000000000000000000000002A
:1036A000000000000000000000000000000000001A
:1036B000000000000000000000000000000000000A
:1036C00000000000000000000000000000000000FA
:1036D00000000000000000000000000000000000EA
:1036E00000000000000000000000000000000000DA
:1036F00000000000000000000000000000000000CA
:1037000000000000000000000000000000000000B9
:1037100000000000000000000000000000000000A9
:103720000000000000000000000000000000000099
:103730000000000000000000000000000000000089
:103740000000000000000000000000000000000079
:103750000000000000000000000000000000000069
:103760000000000000000000000000000000000059
:103770000000000000000000000000000000000049
:103780000000000000000000000000000000000039
:103790000000000000000000000000000000000029
:1037A0000000000000000000000000000000000019
:1037B0000000000000000000000000000000000009
:1037C00000000000000000000000000000000000F9
:1037D00000000000000000000000000000000000E9
:1037E0000000000000000000000000000580000450
:1037F000000C0000EC2B0508000000000000000099
:1038000000000000000000000000000000000000B8
:1038100000000000000000000000000000000000A8
:103820000000FFFF40FFFF9FFFFF7FFFFF20000022
:103830000000000000000000000000000000000088
:103840000000000000000000000000000000000078
:103850000000000000000000000000000000000068
:103860000000000000000000000000000000000058
:10387000000000000000000000000000000000FF49
:10388000FF40FFFFFFFFFFFFFFFFFFFFFFFFFFFF07
:103890007F000000000000000000000000000000A9
:1038A0000000000000000000000000000000000018
:1038B0000000000000000000000000000000000008
:1038C00000000000000000000000000000000000F8
:1038D000000000000000000000000000FFFF20FFCB
:1038E000FFFFFFFFFFFFFFFFFFFFFFFFFFFFFFFFE8
:1038F000FFFFFF20000000000000000000000000AB
:1039000000000000000000000000000000000000B7
:1039100000000000000000000000000000000000A7
:103920000000000000000000000000000000000097
:10393000000000000000000000000000FFFF40FF4A
:10394000FFFFFFFFFFFFFFFFFFFFFFFFFFFFFFFF87
:10395000FFFFFF600000000000000000000000000A
:103960000000000000000000000000000000000057
:103970000000000000000000000000000000000047
:103980000000000000000000000000000000000037
:10399000000000000000000000000000FFFF7FFFAB
:1039A000FFFFFFFFFFFFFFFFFFFFFFFFFFFFFFFF27
:1039B000FFFFFF7F0000000000000000000000008B
:1039C00000000000000000000000000000000000F7
:1039D00000000000000000000000000000000000E7
:1039E00000000000000000000000000000000000D7
:1039F000000000000000000000000000FFFF60FF6A
:103A0000FFFFFFFFFFFFFFFFFFFFFFFFFFFFFFFFC6
:103A1000FFFFFF7F0000000000000000000000002A
:103A20000000000000000000000000000000000096
:103A30000000000000000000000000000000000086
:103A40000000000000000000000000000000000076
:103A5000000000000000000000000000FFFF20FF49
:103A6000FFDFFFFFFFFFFFFFFFFFFFFFFFFFFFFF86
:103A7000DF00000000000000000000000000000067
:103A80000000000000000000000000000000000036
:103A90000000000000000000000000000000000026
:103AA0000000000000000000000000000000000016
:103AB000000000000000000000000000000000FF07
:103AC000FF9FFFFFFFFFFFFFFFFFFFFFFFFFFFFF66
:103AD0007F00000000000000000000000000000067
:103AE00000000000000000000000000000000000D6
:103AF00000000000000000000000000000000000C6
:103B000000000000000000000000000000000000B5
:103B1000000000000000000000000000000000FFA6
:103B2000FFDFFFFFFFFFFFFFFFFFFFFFFFFFFFFFC5
:103B30009F000000000000000000000000000000E6
:103B40000000000000000000000000000000000075
:103B50000000000000000000000000000000000065
:103B60000000000000000000000000000000000055
:103B7000000000000000FFFF60FFFF60FFFFBFFFCD
:103B8000FFFFFFFFFFFFFFFFFFFFFFFFFFDF000063
:103B900000000000000000FFFF2000000000000007
:103BA0000000000000000000000000000000000015
:103BB0000000000000000000000000000000000005
:103BC00000000000000000000000000000000000F5
:103BD000000000FFFF7FFFFFFFFFFFFFFFFFFFFF72
:103BE000FFFFFFFFFFFFFFFFFFFFBF000000000020
:103BF00000000000FFFF40FFFFFFFFFF7F0000000D
:103C000000000000000000000000000000000000B4
:103C100000000000000000000000000000000000A4
:103C20000000000000000000000000000000000094
:103C3000000000FFFFFFFFFFFFFFFFFFFFFFFFFF91
:103C4000FFFFFFFFFFFFFFBF0000000000000000BC
:103C500000FFFF60FFFFFFFFFFFFFFFFDF0000002F
:103C60000000000000000000000000000000000054
:103C70000000000000000000000000000000000044
:103C80000000000000000000000000000000000034
:103C9000FFFF20FFFFFFFFFFFFFFFFFFFFFFFFFF13
:103CA000FFFFFFFFBF000000000000000000FFFF5B
:103CB00060FFFFFFFFFFFFFFFFFFFFFFFF000000B0
:103CC00000000000000000000000000000000000F4
:103CD00000000000000000000000000000000000E4
:103CE00000000000000000000000000000000000D4
:103CF000FFFF20FFFFFFFFFFFFFFFFFFFFFFFFFFB3
:103D0000FFBF000000000000000000FFFF7FFFFF7A
:103D1000FFFFFFFFFFFFFFFFFFFFFFFFFF000000B0
:103D20000000000000000000000000000000000093
:103D30000000000000000000000000000000000083
:103D40000000000000000000000000000000000073
:103D5000FFFF20FFFFFFFFFFFFFFFFFFFFFFBF0091
:103D60000000000000000000FFFF9FFFFFFFFFFFBB
:103D7000FFFFFFFFFFFFFFFFFFFFFFFFFF00000050
:103D80000000000000000000000000000000000033
:103D90000000000000000000000000000000000023
:103DA0000000000000000000000000000000000013
:103DB000FFFF20FFFFFFFFFFFFFFFF9F000000004E
:103DC0000000000000FFFF9FFFFFFFFFFFFFFFFF5E
:103DD000FFFFFFFFFFFFFFFFFFFFFFFFFF000000F0
:103DE00000000000000000000000000000000000D3
:103DF00000000000000000000000000000000000C3
:103E000000000000000000000000000000000000B2
:103E1000FFFF20FFFFFFFFFF9F00000000000000EA
:103E20000000FFFFBFFFFFFFFFFFFFFFFFFFFFFFE0
:103E3000FFFFFFFFFFFFFFFFFFFFFFFFFF0000008F
:103E40000000000000000000000000000000000072
:103E50000000000000000000000000000000000062
:103E60000000000000000000000000000000000052
:103E7000FFFF20FFFF7F000000000000000000FFA8
:103E8000FFBFFFFFFFFFFFFFFFFFFFFFFFFFFFFF82
:103E9000FFFFFFFFFFFFFFFFFFFFFFFFFF0000002F
:103EA0000000000000000000000000000000000012
:103EB0000000000000000000000000000000000002
:103EC00000000000000000000000000000000000F2
:103ED000000000000000000000000000FFFFBFFF26
:103EE000FFFFFFFFFFFFFFFFFFFFFFFFFFFFFFFFE2
:103EF000FFFFFFFFFFFFFFFFFFFFFFFFFF000000CF
:103F000000000000000000000000000000000000B1
:103F100000000000000000000000000000000000A1
:103F20000000000000000000000000000000000091
:103F3000000000000000000000FFFF20FFFF40FF26
:103F4000FF40FFFF40FFFF40FFFF40FFFF40FFFF3C
:103F500040FFFF40FFFF40FFFF40FFFF4000000029
:103F60000000000000000000000000000000000051
:103F70000000000000000000000000000000000041
:103F80000000000000000000000000000000000031
:103F90000000000000000000000000000000000021
:103FA0000000000000000000000000000000000011
:103FB0000000000000000000000000000000000001
:103FC00000000000000000000000000000000000F1
:103FD00000000000000000000000000000000000E1
:103FE00000000000000000000000000000FFFF4093
:103FF000FFFF20FFFF20FFFF20FFFF20FFFF20FF2C
:10400000FF20FFFF20FFFF20FFFF20FFFF20FFFF1B
:1040100020FFFF20FFFF20FFFF20FFFF20FFFF20EA
:10402000FFFF200000000000000000000000000072
:104030000000000000000000000000000000000080
:1040400000000000000000FFFF20FFFFBFFFFFFF98
:10405000FFFFDFFFFFFFFFFFFFFFFFFFFFFFFFFF90
:10406000FFFFFFFFFFFFFFFFFFFFFFFFFFFFFFFF60
:10407000FFFFFFFFFFFFFFFFFFFFFFFFFFFFFFBF90
:10408000FFFFFFFFFFDFFFFF200000000000000038
:104090000000000000000000000000000000000020
:1040A00000000000FFFF60FFFFFFFFFFFFFFFF7F3B
:1040B000FFFF20FFFFFFFFFFFFFFFFFFFFFFFFFFEF
:1040C000FFFFFFFFFFFFFFFFFFFFFFFFFFFFFFFF00
:1040D000FFFFFFFFFFFFFFFFFFFFFFFFFF000000ED
:1040E000FFFF7FFFFFFFFFFFDFFFFF7F00000000FC
:1040F00000000000000000000000000000000000C0
:1041000000000000FFFFFFFFFFDFFFFF4000000097
:10411000000000FFFFFFFFFFFFFFFFFFFFFFFFFFAC
:10412000FFFFFFFFFFFFFFFFFFFFFFFFFFFFFFFF9F
:10413000FFFFFFFFFFFFFFFFFFFFFFFFFF0000008C
:10414000000000FFFF20FFFFDFFFFFDFFFFF200079
:10415000000000000000000000000000000000005F
:1041600000000000FFFF2000000000000000000031
:10417000000000FFFFBFFFFFFFFFFFFFFFFF7FFF0C
:10418000FF20FFFF20FFFF20FFFF20FFFF20FFFF9A
:1041900020FFFF7FFFFFFFFFFFFFFFFF9F000000EB
:1041A000000000000000FFFF2000000000000000F1
:1041B00000000000000000000000000000000000FF
:1041C00000000000000000000000000000000000EF
:1041D000000000FFFF60FFFFFFFFFFFFFFFFDF00AA
:1041E00000000000000000000000000000000000CF
:1041F00000FFFFDFFFFFFFFFFFFFFFFF600000008A
:1042000000000000000000000000000000000000AE
:10421000000000000000000000000000000000009E
:10422000000000000000000000000000000000008E
:10423000000000FFFF20FFFFFFFFFFFFFFFFFFFF6A
:10424000FF40000000000000000000000000FFFF31
:1042500060FFFFFFFFFFFFFFFFFF00000000000007
:10426000000000000000000000000000000000004E
:10427000000000000000000000000000000000003E
:10428000000000000000000000000000000000002E
:10429000000000000000FFFF9FFFFFFFFFFFFFFF88
:1042A000FFBF000000000000000000000000FFFF52
:1042B000BFFFFFFFFFFFFFFFFF7F000000000000C8
:1042C00000000000000000000000000000000000EE
:1042D00000000000000000000000000000000000DE
:1042E00000000000000000000000000000000000CE
:1042F000000000000000FFFF20FFFFFFFFFFFFFFA7
:10430000FFFFFFFF40000000000000FFFF20FFFF55
:10431000FFFFFFFFFFFFFFFFFF2000000000000086
:10432000000000000000000000000000000000008D
:10433000000000000000000000000000000000007D
:10434000000000000000000000000000000000006D
:10435000000000000000000000FFFFBFFFFFFFFFA4
:10436000FFFFFFFF20000000000000FFFF40FFFFF5
:10437000FFFFFFFFFFFF9F000000000000000000A4
:10438000000000000000000000000000000000002D
:10439000000000000000000000000000000000001D
:1043A000000000000000000000000000000000000D
:1043B000000000000000000000FFFF20FFFF7FFF63
:1043C000FF20000000000000000000000000FFFFD0
:1043D00020FFFF7F00000000000000000000000040
:1043E00000000000000000000000000000000000CD
:1043F000000000000000000005800004000C000028
:10440000F837050800000000000000000000000070
:10441000000000000000000000000000000000009C
:10442000000000000000000000000000000000008C
:10443000000000000000000000000000000000007C
:10444000000000000000000000000000000000006C
:10445000000000000000000000000000000000005C
:10446000000000000000000000000000000000004C
:10447000000000000000000000000000000000003C
:10448000000000000000000000000000000000002C
:10449000000000000000000000000000000000001C
:1044A000000000000000000000000000000000000C
:1044B00000000000000000000000000000000000FC
:1044C00000000000000000000000000000000000EC
:1044D00000000000000000000000000000000000DC
:1044E0000000000000000000000000000000FFFFCE
:1044F00008FFFF40FFFF40FFFF100000000000002A
:1045000000000000000000000000000000000000AB
:10451000000000000000000000000000000000009B
:10452000000000000000000000000000000000008B
:10453000000000000000000000000000000000007B
:104540000000000000000000000000FFFF60FFFF0F
:10455000EFFFFFFFFFFFFFFFFFF7FFFF600000001F
:10456000000000000000000000000000000000004B
:10457000000000000000000000000000000000003B
:10458000000000000000000000000000000000002B
:10459000000000000000000000000000000000001B
:1045A0000000000000000000FFFF40FFFFFFFFFFD2
:1045B000FFFFFFFFFFFFFFFFFFFFFFFFF7FFFF48CA
:1045C00000000000000000000000000000000000EB
:1045D00000000000000000000000000000000000DB
:1045E00000000000000000000000000000000000CB
:1045F00000000000000000000000000000000000BB
:104600000000000000000000FFFFBFFFFFFFFFFFF2
:10461000FFFFFF88FFFF78FFFFFFFFFFFFFFFFC7E0
:10462000000000000000000000000000000000008A
:10463000000000000000000000000000000000007A
:10464000000000000000000000000000000000006A
:10465000000000000000000000000000000000005A
:104660000000000000000000FFFFF7FFFFFFFFFF5A
:10467000B7000000000000FFFFB7FFFFFFFFFFF7DC
:10468000000000000000000000000000000000002A
:10469000000000000000000000000000000000001A
:1046A000000000000000000000000000000000000A
:1046B00000000000000000000000000000000000FA
:1046C0000000000000000000FFFFFFFFFFFFFFFFF2
:1046D000B0000000000000FFFFB0FFFFFFFFFFFF82
:1046E00000000000000000000000000000000000CA
:1046F00000000000000000000000000000000000BA
:1047000000000000000000000000000000000000A9
:104710000000000000000000000000000000000099
:104720000000000000000000FFFFFFFFFFFFFFFF91
:10473000B0000000000000FFFFB0FFFFFFFFFFFF21
:104740000000000000000000000000000000000069
:104750000000000000000000000000000000000059
:104760000000000000000000000000000000000049
:104770000000000000000000000000000000000039
:104780000000000000000000FFFFFFFFFFFFFFFF31
:10479000B0000000000000FFFFB0FFFFFFFFFFFFC1
:1047A0000000000000000000000000000000000009
:1047B00000000000000000000000000000000000F9
:1047C00000000000000000000000000000000000E9
:1047D00000000000000000000000000000000000D9
:1047E0000000000000000000FFFFFFFFFFFFFFFFD1
:1047F000B0000000000000FFFFB0FFFFFFFFFFFF61
:1048000000000000000000000000000000000000A8
:104810000000000000000000000000000000000098
:104820000000000000000000000000000000000088
:104830000000000000000000000000000000000078
:104840000000000000000000FFFFFFFFFFFFFFFF70
:10485000B0000000000000FFFFB0FFFFFFFFFFFF00
:104860000000000000000000000000000000000048
:104870000000000000000000000000000000000038
:104880000000000000000000000000000000000028
:104890000000000000000000000000000000000018
:1048A0000000000000000000FFFFFFFFFFFFFFFF10
:1048B000B0000000000000FFFFB0FFFFFFFFFFFFA0
:1048C00000000000000000000000000000000000E8
:1048D00000000000000000000000000000000000D8
:1048E00000000000000000000000000000000000C8
:1048F00000000000000000000000000000000000B8
:104900000000000000000000FFFFFFFFFFFFFFFFAF
:10491000B0000000000000FFFFB0FFFFFFFFFFFF3F
:104920000000000000000000000000000000000087
:104930000000000000000000000000000000000077
:104940000000000000000000000000000000000067
:104950000000000000000000000000000000000057
:104960000000000000000000FFFFFFFFFFFFFFFF4F
:10497000B0000000000000FFFFB0FFFFFFFFFFFFDF
:104980000000000000000000000000000000000027
:104990000000000000000000000000000000000017
:1049A0000000000000000000000000000000000007
:1049B00000000000000000000000000000000000F7
:1049C0000000000000000000FFFFFFFFFFFFFFFFEF
:1049D000B0000000000000FFFFB0FFFFFFFFFFFF7F
:1049E00000000000000000000000000000000000C7
:1049F00000000000000000000000000000000000B7
:104A000000000000000000000000000000000000A6
:104A10000000000000000000000000000000000096
:104A20000000000000000000FFFFFFFFFFFFFFFF8E
:104A3000B0000000000000FFFFB0FFFFFFFFFFFF1E
:104A40000000000000000000000000000000000066
:104A50000000000000000000000000000000000056
:104A60000000000000000000000000000000000046
:104A70000000000000000000000000000000000036
:104A80000000000000FFFF40FFFFFFFFFFFFFFFFF0
:104A9000B0000000000000FFFFB0FFFFFFFFFFFFBE
:104AA000FFFF4000000000000000000000000000C8
:104AB00000000000000000000000000000000000F6
:104AC00000000000000000000000000000000000E6
:104AD00000000000000000000000000000000000D6
:104AE0000000FFFF38FFFFEFFFFFFFFFFFFFFFFFAB
:104AF000A0000000000000FFFF98FFFFFFFFFFFF86
:104B0000FFFFF7FFFF38000000000000000000007A
:104B10000000000000000000000000000000000095
:104B20000000000000000000000000000000000085
:104B30000000000000000000000000000000000075
:104B40000000FFFFD7FFFFFFFFFFFFFFFF97000001
:104B500000000000000000FFFF08FFFF7FFFFFFFD5
:104B6000FFFFFFFFFFCF000000000000000000007B
:104B70000000000000000000000000000000000035
:104B80000000000000000000000000000000000025
:104B9000000000000000000000000000000000FF16
:104BA000FF48FFFFFFFFFFFFFFFFAF000000FFFF19
:104BB00070FFFFEFFFFFE7FFFF78000000FFFFAF90
:104BC000FFFFFFFFFFFFFFFF4000000000000000AD
:104BD00000000000000000000000000000000000D5
:104BE00000000000000000000000000000000000C5
:104BF000000000000000000000000000000000FFB6
:104C0000FF88FFFFFFFFFFFFFFFF40FFFF58FFFF91
:104C1000FFFFFFFFFFFFFFFFFFFFFFFF50FFFF381A
:104C2000FFFFFFFFFFFFFFFF80000000000000000C
:104C30000000000000000000000000000000000074
:104C40000000000000000000000000000000000064
:104C5000000000000000000000000000000000FF55
:104C6000FFA0FFFFFFFFFFFFFFFF08FFFF98FFFF11
:104C7000FFFFFFFFFFFFFFFFFFFFFFFFA0FFFF089A
:104C8000FFFFFFFFFFFFFFFFA80000000000000084
:104C90000000000000000000000000000000000014
:104CA0000000000000000000000000000000000004
:104CB000000000000000000000000000000000FFF5
:104CC000FF98FFFFFFFFFFFFFFFF18FFFF78FFFFC9
:104CD000FFFFFFFFFFFFFFFFFFFFFFFF78FFFF1852
:104CE000FFFFFFFFFFFFFFFF980000000000000034
:104CF00000000000000000000000000000000000B4
:104D000000000000000000000000000000000000A3
:104D1000000000000000000000000000000000FF94
:104D2000FF70FFFFFFFFFFFFFFFF80FFFF08FFFF98
:104D3000C7FFFFFFFFFFFFFFFFC7FFFF10FFFF8061
:104D4000FFFFFFFFFFFFFFFF680000000000000003
:104D50000000000000000000000000000000000053
:104D60000000000000000000000000000000000043
:104D7000000000000000000000000000000000FF34
:104D8000FF10FFFFEFFFFFFFFFFFF7FFFF48FFFFF1
:104D900008FFFF40FFFF40000000FFFF40FFFFEF64
:104DA000FFFFFFFFFFEFFFFF10000000000000000B
:104DB00000000000000000000000000000000000F3
:104DC00000000000000000000000000000000000E3
:104DD00000000000000000000000000000000000D3
:104DE0000000FFFF68FFFFFFFFFFFFFFFFF7FFFF70
:104DF000A7FFFF68FFFF60FFFFA7FFFFFFFFFFFFA9
:104E0000FFFFFFFFFF700000000000000000000037
:104E10000000000000000000000000000000000092
:104E20000000000000000000000000000000000082
:104E30000000000000000000000000000000000072
:104E40000000000000FFFF87FFFFFFFFFFFFFFFFE5
:104E5000FFFFFFFFFFFFFFFFFFFFFFFFFFFFFFFF62
:104E6000FFFF9700000000000000000000000000AD
:104E70000000000000000000000000000000000032
:104E80000000000000000000000000000000000022
:104E90000000000000000000000000000000000012
:104EA0000000000000000000FFFF58FFFFCFFFFFE1
:104EB000FFFFFFFFFFFFFFFFFFFFFFFFD7FFFF48E1
:104EC00000000000000000000000000000000000E2
:104ED00000000000000000000000000000000000D2
:104EE00000000000000000000000000000000000C2
:104EF00000000000000000000000000000000000B2
:104F00000000000000000000000000000000FFFFA3
:104F100020FFFF50FFFF48FFFF28000000000000B7
:104F20000000000000000000000000000000000081
:104F30000000000000000000000000000000000071
:104F40000000000000000000000000000000000061
:104F50000000000000000000000000000000000051
:104F60000000000000000000000000000000000041
:104F70000000000000000000000000000000000031
:104F80000000000000000000000000000000000021
:104F90000000000000000000000000000000000011
:104FA0000000000000000000000000000000000001
:104FB00000000000000000000000000000000000F1
:104FC00000000000000000000000000000000000E1
:104FD00000000000000000000000000000000000D1
:104FE00000000000000000000000000000000000C1
:104FF00000000000000000000000000000000000B1
:105000000000000005800004000C000004440508B6
:105010000000000000000000000000000000000090
:105020000000000000000000000000000000000080
:105030000000000000000000000000000000000070
:105040000000000000000000000000000000000060
:105050000000000000000000000000000000000050
:105060000000000000000000000000000000000040
:105070000000000000000000000000000000000030
:105080000000000000000000000000000000000020
:105090000000000000000000000000000000000010
:1050A0000000000000000000000000000000000000
:1050B00000000000000000000000000000000000F0
:1050C00000000000000000000000000000000000E0
:1050D00000000000000000000000000000000000D0
:1050E00000000000000000000000000000000000C0
:1050F00000000000000000000000000000000000B0
:10510000000000000000000000000000000000009F
:10511000000000000000000000000000000000008F
:10512000000000000000000000000000000000007F
:10513000000000000000000000000000000000006F
:10514000000000000000000000000000000000005F
:10515000000000000000000000000000000000004F
:10516000000000000000000000000000000000003F
:10517000000000000000000000000000000000002F
:10518000000000000000000000000000000000001F
:10519000000000000000000000000000000000000F
:1051A00000000000000000000000000000000000FF
:1051B00000000000000000000000000000000000EF
:1051C00000000000000000000000000000000000DF
:1051D00000000000000000000000000000000000CF
:1051E00000000000000000000000000000000000BF
:1051F00000000000000000000000000000000000AF
:10520000000000000000000000000000000000009E
:10521000000000000000000000000000000000008E
:10522000000000000000000000000000000000007E
:10523000000000000000000000000000000000006E
:10524000000000000000000000000000000000005E
:10525000000000000000000000000000000000004E
:10526000000000000000000000000000000000003E
:10527000000000000000000000000000000000002E
:10528000000000000000000000000000000000001E
:10529000000000000000000000000000000000000E
:1052A00000000000000000000000000000000000FE
:1052B00000000000000000000000000000000000EE
:1052C00000000000000000000000000000000000DE
:1052D00000000000000000000000000000000000CE
:1052E00000000000000000000000000000000000BE
:1052F00000000000000000000000000000000000AE
:10530000000000000000000000000000000000009D
:10531000000000000000000000000000000000008D
:10532000000000000000000000000000000000007D
:10533000000000000000000000000000000000006D
:10534000000000000000000000000000000000005D
:10535000000000000000000000000000000000004D
:10536000000000000000000000000000000000003D
:10537000000000000000000000000000000000002D
:10538000000000000000000000000000000000001D
:10539000000000000000000000000000000000000D
:1053A00000000000000000000000000000000000FD
:1053B00000000000000000000000000000000000ED
:1053C00000000000000000000000000000000000DD
:1053D00000000000000000000000000000000000CD
:1053E00000000000000000000000000000000000BD
:1053F00000000000000000000000000000000000AD
:10540000000000000000000000000000000000009C
:10541000000000000000000000000000000000008C
:10542000000000000000000000000000000000007C
:10543000000000000000000000000000000000FF6D
:10544000FF60FFFFFFFFFF600000000000000000A2
:10545000000000000000000000000000000000004C
:10546000000000000000000000000000000000003C
:105470000000000000000000FFFF7FFFFFDFFFFFD4
:105480007F0000000000000000000000000000009D
:10549000000000000000000000FFFF20FFFFBFFF32
:1054A000FFFFFFFFFFFFFFBF000000000000000044
:1054B00000000000000000000000000000000000EC
:1054C00000000000000000000000000000000000DC
:1054D0000000000000000000FFFFBFFFFFFFFFFF14
:1054E000FFFFFF9F00000000000000000000000020
:1054F000000000000000FFFF20FFFFDFFFFFFFFFB5
:10550000FF7FFFFF7FFFFFFFFFFFDFFFFFDFFFFFEB
:10551000DFFFFFDFFFFFDFFFFFDFFFFF7F00000098
:10552000000000FFFF60FFFFDFFFFFDFFFFFDFFF87
:10553000FFDFFFFFDFFFFFFFFFFFFFFFFF9FFFFF1B
:105540007FFFFFFFFFFFDFFFFF20000000000000E4
:10555000000000FFFF7FFFFFFFFFFFDFFFFF4000B6
:105560000000FFFF20FFFF60FFFF9FFFFF9FFFFF87
:105570009FFFFF9FFFFF9FFFFFDFFFFFBF000000B8
:10558000000000FFFFBFFFFFFFFFFF9FFFFF9FFF28
:10559000FF9FFFFF9FFFFF9FFFFF7F0000000000B6
:1055A00000FFFF40FFFFDFFFFFDFFFFF7F00000086
:1055B000FFFF9FFFFFFFFFFFBF0000000000000094
:1055C00000000000000000000000000000000000DB
:1055D00000000000000000FFFFBFFFFFBF00000051
:1055E000000000FFFFBFFFFFBF0000000000000041
:1055F00000000000000000000000000000000000AB
:1056000000000000FFFF20FFFF9FFFFFFFFFFF9F45
:10561000FFFF7FFFFFFFFFFFDFFFFF200000000015
:10562000000000000000000000000000000000007A
:1056300000000000000000FFFFBFFFFFBF000000F0
:10564000000000FFFFBFFFFFBF00000000000000E0
:10565000000000000000000000000000000000004A
:1056600000000000FFFF20FFFFBFFFFFFFFFFF9FC5
:10567000000000FFFF7FFFFFFFFFFFDFFFFF7F0056
:105680000000000000FFFF7FFFFF7FFFFF9FFFFF85
:105690009FFFFF9FFFFF9FFFFFFFFFFFBF00000077
:1056A000000000FFFFBFFFFFDFFFFF9FFFFF9FFF27
:1056B000FF9FFFFF9FFFFF9FFFFF600000000000B4
:1056C00000FFFF40FFFFFFFFFFFFFFFF7F00000025
:1056D000000000000000FFFF20FFFFDFFFFFFFFFD3
:1056E000FF7FFFFF7FFFFFFFFFFFDFFFFFDFFFFF0A
:1056F000DFFFFFDFFFFFDFFFFFDFFFFF60000000D6
:10570000000000FFFF7FFFFFDFFFFFDFFFFFDFFF86
:10571000FFDFFFFFDFFFFFFFFFFFFFFFFF7FFFFF59
:105720007FFFFFFFFFFFDFFFFF40000000000000E2
:10573000000000000000000000FFFF20FFFF7FFFCF
:10574000FFFFFFFFFFFFFFBF0000000000000000A1
:105750000000000000000000000000000000000049
:105760000000000000000000000000000000000039
:105770000000000000000000FFFFBFFFFFFFFFFF71
:10578000FFFFFFBF0000000000000000000000005D
:10579000000000000000000000000000000000FF0A
:1057A000FF7FFFFFFFFFFF7F000000000000000001
:1057B00000000000000000000000000000000000E9
:1057C00000000000000000000000000000000000D9
:1057D0000000000000000000FFFF60FFFFFFFFFF70
:1057E0007F0000000000000000000000000000003A
:1057F00000000000000000000000000000000000A9
:105800000000000000000000000000000000000098
:105810000000000000000000000000000000000088
:105820000000000000000000000000000000000078
:105830000000000000000000000000000000000068
:105840000000000000000000000000000000000058
:105850000000000000000000000000000000000048
:105860000000000000000000000000000000000038
:105870000000000000000000000000000000000028
:105880000000000000000000000000000000000018
:105890000000000000000000000000000000000008
:1058A00000000000000000000000000000000000F8
:1058B00000000000000000000000000000000000E8
:1058C00000000000000000000000000000000000D8
:1058D00000000000000000000000000000000000C8
:1058E00000000000000000000000000000000000B8
:1058F00000000000000000000000000000000000A8
:105900000000000000000000000000000000000097
:105910000000000000000000000000000000000087
:105920000000000000000000000000000000000077
:105930000000000000000000000000000000000067
:105940000000000000000000000000000000000057
:105950000000000000000000000000000000000047
:105960000000000000000000000000000000000037
:105970000000000000000000000000000000000027
:105980000000000000000000000000000000000017
:105990000000000000000000000000000000000007
:1059A00000000000000000000000000000000000F7
:1059B00000000000000000000000000000000000E7
:1059C00000000000000000000000000000000000D7
:1059D00000000000000000000000000000000000C7
:1059E00000000000000000000000000000000000B7
:1059F00000000000000000000000000000000000A7
:105A00000000000000000000000000000000000096
:105A10000000000000000000000000000000000086
:105A20000000000000000000000000000000000076
:105A30000000000000000000000000000000000066
:105A40000000000000000000000000000000000056
:105A50000000000000000000000000000000000046
:105A60000000000000000000000000000000000036
:105A70000000000000000000000000000000000026
:105A80000000000000000000000000000000000016
:105A90000000000000000000000000000000000006
:105AA00000000000000000000000000000000000F6
:105AB00000000000000000000000000000000000E6
:105AC00000000000000000000000000000000000D6
:105AD00000000000000000000000000000000000C6
:105AE00000000000000000000000000000000000B6
:105AF00000000000000000000000000000000000A6
:105B00000000000000000000000000000000000095
:105B10000000000000000000000000000000000085
:105B20000000000000000000000000000000000075
:105B30000000000000000000000000000000000065
:105B40000000000000000000000000000000000055
:105B50000000000000000000000000000000000045
:105B60000000000000000000000000000000000035
:105B70000000000000000000000000000000000025
:105B80000000000000000000000000000000000015
:105B90000000000000000000000000000000000005
:105BA00000000000000000000000000000000000F5
:105BB00000000000000000000000000000000000E5
:105BC00000000000000000000000000000000000D5
:105BD00000000000000000000000000000000000C5
:105BE00000000000000000000000000000000000B5
:105BF00000000000000000000000000000000000A5
:105C00000000000000000000000000000000000094
:105C100005800004000C0000105005082D2D2D2DCE
:105C20002D2D2D2D2D2D2D2D2D2D2D2D2D2D2D2DA4
:105C30002D2D2D2D2D2D2D2D2D2D2D2D2D2D2D2D94
:105C40002D2D2D2D2D2D2D2D2D2D2D2D2D2D2D2D84
:105C50002D2D2D2D2D2D2D2D2D2D2D2D0D0A000011
:105C60005361000057650000546800004D6F00004C
:105C70004672000053750000547500004A756E6549
:105C8000000000004D61726368000000417072699D
:105C90006C000000446563656D6265720000000081
:105CA00053657074656D6265720000004E6F7665B5
:105CB0006D626572000000004F63746F6265720070
:105CC00041756775737400004D6179004A756C7990
:105CD000000000004A616E7561727900466562726B
:105CE0007561727900000000323032330A3230328E
:105CF000320A323032310A323032300A32303139FF
:105D00000A323031380A323031370A323031360A0D
:105D1000323031350A323031340A323031330A32DE
:105D20003031320A323031310A323031300A3230D9
:105D300030390A323030380A323030370A323030B7
:105D4000360A323030350A323030340A32303033AD
:105D50000A323030320A323030310A323030300AD2
:105D6000313939390A313939380A313939370A3153
:105D70003939360A313939350A313939340A313944
:105D800039330A313939320A313939310A3139393D
:105D9000300A313938390A313938380A3139383727
:105DA0000A313938360A313938350A313938340A46
:105DB000313938330A313938320A313938310A3118
:105DC0003938300A313937390A313937380A3139F7
:105DD00037370A313937360A313937350A313937E9
:105DE000340A313937330A313937320A31393731E8
:105DF0000A313937300A313936390A313936380AF9
:105E0000313936370A313936360A313936350A31C1
:105E10003936340A313936330A313936320A3139B2
:105E200036310A313936300A313935390A313935A6
:105E3000380A313935370A313935360A313935358D
:105E40000A313935340A313935330A313935320AB4
:105E5000313935310A313935300A313934390A317D
:105E60003934380A313934370A313934360A31395C
:105E700034350A313934340A313934330A3139345A
:105E8000320A313934310A313934300A313933394F
:105E90000A313933380A313933370A313933360A5E
:105EA000313933350A313933340A313933330A3130
:105EB0003933320A313933310A313933300A313921
:105EC00032390A313932380A313932370A31393206
:105ED000360A313932350A313932340A31393233FE
:105EE0000A313932320A313932310A313932300A23
:105EF000313931390A313931380A313931370A31DA
:105F00003931360A313931350A313931340A3139CA
:105F100031330A313931320A313931310A313931CB
:105F2000300A313930390A313930380A31393037AD
:105F30000A313930360A313930350A313930340ACC
:105F4000313930330A313930320A313930310000D9
:105F500030310A30320A30330A30340A30350A30F0
:105F6000360A30370A30380A30390A31300A3131CE
:105F70000A3132000A000000200000003123000036
:105F80002C0000002D0000002E0000003A00000050
:105F9000414243005F000000610000006200000019
:105FA000630000006400000065000000660000005F
:105FB00067000000690000006A0000006B0000003C
:105FC0006D0000006E0000006F0000007000000017
:105FD00071000000720000007300000074000000F7
:105FE00075000000760000007700000078000000D7
:105FF000790000007A000000EF808C00EF819300B0
:10600000EF819400EF959A00EF849C00EFA2A2002C
:1060100000000000410000004200000043000000BA
:10602000440000004500000046000000470000005A
:1060300048000000490000004A0000004B0000003A
:106040004C0000004D0000004E0000004F0000001A
:1060500050000000510000005200000053000000FA
:1060600054000000550000005600000057000000DA
:1060700058000000590000005A00000061626300EF
:106080002100000022000000230000002400000086
:106090002500000026000000270000002800000066
:1060A000290000002A0000002B0000002F00000043
:1060B000300000003100000032000000330000001A
:1060C00034000000350000003600000037000000FA
:1060D00038000000390000003B0000003C000000D8
:1060E0003D0000003E0000003F00000040000000B6
:1060F0005B0000005C0000005D0000007B00000011
:106100007D0000002B2F2D0042746E310000000036
:1061100042746E320000000042746E3300000000D2
:1061200042746E340000000042746E3500000000BE
:106130005061050800000020C0020000FC82000839
:106140000C620508C0020020C0F100003CAB000852
:10615000012C32018210033D127A0A292D74016844
:106160001E745C05086C041A78041A64041A680426
:106170001A70041A60041AD4041ADC041A84041A6B
:106180008C041AC8041A7C041ACC041AC0041AA07D
:10619000041AB8041AAC041A94041E505F0508E8E7
:1061A000082132FF1809FFFF18E9020818EA041A4B
:1061B000EB041AEC0429109904411AC8081AC824DF
:1061C0001AC8241A6C2439109904015F022080C572
:1061D000D4C3B2A1021B70180A719002089D8F02ED
:1061E0000815041E918E020829101A4D0C1A750408
:1061F0001E0861050810041A18041E745F050820A3
:0C620000082A28140B2F6005E4000000A1
:04000005080081313D
:00000001FF
